-- --------------------------------------------------------
-- 主机:                           192.168.1.252
-- 服务器版本:                        5.7.18-log - MySQL Community Server (GPL)
-- 服务器操作系统:                      linux-glibc2.5
-- HeidiSQL 版本:                  7.0.0.4363
-- --------------------------------------------------------

/*!40101 SET @OLD_CHARACTER_SET_CLIENT=@@CHARACTER_SET_CLIENT */;
/*!40101 SET NAMES utf8 */;
/*!40014 SET @OLD_FOREIGN_KEY_CHECKS=@@FOREIGN_KEY_CHECKS, FOREIGN_KEY_CHECKS=0 */;
/*!40101 SET @OLD_SQL_MODE=@@SQL_MODE, SQL_MODE='NO_AUTO_VALUE_ON_ZERO' */;
-- 正在导出表  ag_admin.base_depart 的数据：~18 rows (大约)
/*!40000 ALTER TABLE `base_depart` DISABLE KEYS */;
INSERT INTO `base_depart` (`id`, `name`, `parent_id`, `code`, `path`, `type`, `crt_user_name`, `crt_user_id`, `crt_time`, `upd_user_name`, `upd_user_id`, `upd_time`, `attr1`, `attr2`, `attr3`, `attr4`, `tenant_id`) VALUES
	('2b06ea24a3cf40659c183da3242cc669', '子节点', 'd8bb2fc8d51745458f77a78c42bf60ab', '1518502802626_tmp', NULL, NULL, '测试租户', 'a1a2cb17b4f24e50bbde2f1b8a233bcb', '2018-02-13 14:20:03', '测试租户', 'a1a2cb17b4f24e50bbde2f1b8a233bcb', '2018-02-13 14:20:03', NULL, NULL, NULL, NULL, '1ec08564dcc344018d6aaa910068f0f0'),
	('39705ec72a014f3eab4bd801d8f97022', '部门一', '-1', '1539135823128', NULL, 'ou', 'zsc2', 'feedbcf7c98c4fafa7ea353480457d60', '2018-10-10 09:43:44', 'zsc2', 'feedbcf7c98c4fafa7ea353480457d60', '2018-10-10 09:44:12', NULL, NULL, NULL, NULL, '398ecc75eab24b048ed5448dd47f3df0'),
	('52c04bf3d95b4a7a8f83d88fc0e429c0', '子节点', '77fcbc270cfb43b7961f8f3101349a4d', '1538962266668_tmp', NULL, NULL, 'Mr.AG', '1', '2018-10-08 09:31:07', 'Mr.AG', '1', '2018-10-08 09:31:07', NULL, NULL, NULL, NULL, 'ac88ceb386aa4231b09bf472cb937c24'),
	('638adfc673dd4af1a123895918cdb230', '子部门', '39705ec72a014f3eab4bd801d8f97022', '1539220044077_tmp', NULL, 'dept', 'zsc2', 'feedbcf7c98c4fafa7ea353480457d60', '2018-10-11 09:07:24', 'zsc2', 'feedbcf7c98c4fafa7ea353480457d60', '2018-10-11 09:07:52', NULL, NULL, NULL, NULL, '398ecc75eab24b048ed5448dd47f3df0'),
	('77ae572fe29b43c68a2e0bb6419de039', '无距科技', 'b1c797c1ca6d44b8b5bec219252d3938', '1537924401296_tmp', NULL, 'ou', 'Mr.AG', '1', '2018-09-26 09:14:02', 'Mr.AG', '1', '2018-09-26 09:14:24', NULL, NULL, NULL, NULL, 'ac88ceb386aa4231b09bf472cb937c24'),
	('77fcbc270cfb43b7961f8f3101349a4d', '植保', '-1', '1538271059918', NULL, 'dept', 'Mr.AG', '1', '2018-09-30 09:31:00', 'Mr.AG', '1', '2018-09-30 09:31:52', NULL, NULL, NULL, NULL, 'ac88ceb386aa4231b09bf472cb937c24'),
	('8211a0dc7a8c45788c7ce61428d55bd1', 'XXX公司--A集团', 'd522249a6e4040ab880b977441960edc', '1538028195950_tmp', NULL, 'ou', 'woozoom', '1', '2018-09-27 14:03:16', 'woozoom', '1', '2018-09-27 14:04:29', NULL, NULL, NULL, NULL, 'ac88ceb386aa4231b09bf472cb937c24'),
	('8782fcb72842440fa3254bf72717d7b0', '子节点', 'd8bb2fc8d51745458f77a78c42bf60ab', '1518500776414_tmp', NULL, NULL, '王小七', '59c28b8593c2472e99e54e3ed9b6efe8', '2018-02-13 13:46:17', '王小七', '59c28b8593c2472e99e54e3ed9b6efe8', '2018-02-13 13:46:17', NULL, NULL, NULL, NULL, '1ec08564dcc344018d6aaa910068f0f0'),
	('8c9894e74bb44a32b765d8fb833ff07f', 'S事业部', '8211a0dc7a8c45788c7ce61428d55bd1', '1538028272166_tmp', NULL, 'bu', 'woozoom', '1', '2018-09-27 14:04:33', 'woozoom', '1', '2018-09-27 14:04:59', NULL, NULL, NULL, NULL, 'ac88ceb386aa4231b09bf472cb937c24'),
	('9a255e4ca80842d0bdb18029d916fb1e', '子节点', '8782fcb72842440fa3254bf72717d7b0', '1518505073066_tmp', NULL, NULL, '测试租户', 'a1a2cb17b4f24e50bbde2f1b8a233bcb', '2018-02-13 14:57:53', '测试租户', 'a1a2cb17b4f24e50bbde2f1b8a233bcb', '2018-02-13 14:57:53', NULL, NULL, NULL, NULL, '1ec08564dcc344018d6aaa910068f0f0'),
	('9d2d091c3ca44f81827e5da13a79bada', '挨打部门', '8c9894e74bb44a32b765d8fb833ff07f', '1538028304342_tmp', NULL, 'dept', 'woozoom', '1', '2018-09-27 14:05:05', 'woozoom', '1', '2018-09-27 14:08:48', NULL, NULL, NULL, NULL, 'ac88ceb386aa4231b09bf472cb937c24'),
	('9f871185e4a648dbbdc7bb880c0eb90f', '子节点', '8782fcb72842440fa3254bf72717d7b0', '1518507609891_tmp', NULL, NULL, '测试租户', 'a1a2cb17b4f24e50bbde2f1b8a233bcb', '2018-02-13 15:40:10', '测试租户', 'a1a2cb17b4f24e50bbde2f1b8a233bcb', '2018-02-13 15:40:10', NULL, NULL, NULL, NULL, '1ec08564dcc344018d6aaa910068f0f0'),
	('a269b706b0b34ee89dd7e8e08e8514bc', '子节点', '8782fcb72842440fa3254bf72717d7b0', '1518507610091_tmp', NULL, NULL, '测试租户', 'a1a2cb17b4f24e50bbde2f1b8a233bcb', '2018-02-13 15:40:10', '测试租户', 'a1a2cb17b4f24e50bbde2f1b8a233bcb', '2018-02-13 15:40:10', NULL, NULL, NULL, NULL, '1ec08564dcc344018d6aaa910068f0f0'),
	('b1c797c1ca6d44b8b5bec219252d3938', '测试集团', '-1', '1537924351695', NULL, 'group', 'Mr.AG', '1', '2018-09-26 09:13:13', 'Mr.AG', '1', '2018-09-26 09:13:59', NULL, NULL, NULL, NULL, 'ac88ceb386aa4231b09bf472cb937c24'),
	('d522249a6e4040ab880b977441960edc', 'AAA', '-1', '1538019277019', NULL, 'group', 'woozoom', '1', '2018-09-27 11:34:37', 'woozoom', '1', '2018-09-27 13:53:10', NULL, NULL, NULL, NULL, 'ac88ceb386aa4231b09bf472cb937c24'),
	('d583e7de6d2d48b78fb3c7dcb180cb1f', '普通租户', ' ', '1518438046753_tmp', NULL, 'group', 'Mr.AG', '1', '2018-02-12 20:20:47', 'Mr.AG', '1', '2018-02-12 20:26:26', NULL, NULL, NULL, NULL, 'ac88ceb386aa4231b09bf472cb937c24'),
	('d8bb2fc8d51745458f77a78c42bf60ab', '测试租户部门', '-1', '1518449909887', NULL, 'group', '测试租户', 'a1a2cb17b4f24e50bbde2f1b8a233bcb', '2018-02-12 23:38:30', '测试租户', 'a1a2cb17b4f24e50bbde2f1b8a233bcb', '2018-02-12 23:40:46', NULL, NULL, NULL, NULL, '1ec08564dcc344018d6aaa910068f0f0'),
	('ddaddad6e9a44fcf9f68fab86c1ea4c7', 'BBB', '-1', '1538027570053', NULL, 'group', 'woozoom', '1', '2018-09-27 13:52:50', 'woozoom', '1', '2018-09-27 13:57:37', NULL, NULL, NULL, NULL, 'ac88ceb386aa4231b09bf472cb937c24'),
	('edb9655b4c5d40f09a120fce7bf9f585', '二期项目开发一组', '77fcbc270cfb43b7961f8f3101349a4d', '1538271114024_2', NULL, 'dept', 'Mr.AG', '1', '2018-09-30 09:31:54', 'Mr.AG', '1', '2018-09-30 09:32:31', NULL, NULL, NULL, NULL, 'ac88ceb386aa4231b09bf472cb937c24'),
	('root', '超级租户部门', '-1', '1518437538385', NULL, NULL, 'Mr.AG', '1', '2018-02-12 20:12:18', 'Mr.AG', '1', '2018-02-12 20:13:55', NULL, NULL, NULL, NULL, 'ac88ceb386aa4231b09bf472cb937c24');
/*!40000 ALTER TABLE `base_depart` ENABLE KEYS */;

-- 正在导出表  ag_admin.base_depart_user 的数据：~13 rows (大约)
/*!40000 ALTER TABLE `base_depart_user` DISABLE KEYS */;
INSERT INTO `base_depart_user` (`id`, `user_id`, `depart_id`, `tenant_id`) VALUES
	('02d0c12ebe2d48a495ee44c0329bd36b', '5317369d69a34569ab106dcac5feeee3', '638adfc673dd4af1a123895918cdb230', '398ecc75eab24b048ed5448dd47f3df0'),
	('10a393d72a65484fb793e467aeb4f4ed', '0b9d28cbbc7e4fb19fae02aa64e155f1', 'edb9655b4c5d40f09a120fce7bf9f585', 'ac88ceb386aa4231b09bf472cb937c24'),
	('11c493ebe5fc4075952ace01901301f6', 'a1a2cb17b4f24e50bbde2f1b8a233bcb', 'd583e7de6d2d48b78fb3c7dcb180cb1f', 'ac88ceb386aa4231b09bf472cb937c24'),
	('1a6a96c0658a4f8a9fc584db197cb8a5', '06617a480a3d4ead9fdd66e22817e3ed', 'd522249a6e4040ab880b977441960edc', 'ac88ceb386aa4231b09bf472cb937c24'),
	('1e28a8ff55d64e8eb78ab7026dc97c41', 'ce7b0d1769954a65990171b503ec1f61', 'b1c797c1ca6d44b8b5bec219252d3938', 'ac88ceb386aa4231b09bf472cb937c24'),
	('20500247e6a04af68e339abc9cda2a9e', '8d046325f5174e66bf6461cb4a51a76c', '77ae572fe29b43c68a2e0bb6419de039', 'ac88ceb386aa4231b09bf472cb937c24'),
	('3d11401fe8e740cf9315e705e4c50f80', '91862ca642404c3a8877afa7ae2628a9', 'd522249a6e4040ab880b977441960edc', 'ac88ceb386aa4231b09bf472cb937c24'),
	('499a1994c1504639b47950e38a452d88', '0b9d28cbbc7e4fb19fae02aa64e155f1', 'edb9655b4c5d40f09a120fce7bf9f585', 'ac88ceb386aa4231b09bf472cb937c24'),
	('4f9ba6144cae40baad260d1aa94e9351', '5b29e88e363c41c394ad50cf830f6e0a', 'd583e7de6d2d48b78fb3c7dcb180cb1f', 'ac88ceb386aa4231b09bf472cb937c24'),
	('5c5330952de94f4d8e9534b69616ec7d', '59c28b8593c2472e99e54e3ed9b6efe8', 'd8bb2fc8d51745458f77a78c42bf60ab', '1ec08564dcc344018d6aaa910068f0f0'),
	('8f0660826f144e4188b1fcc4eba5a98a', '355d84d9f0ff44428c81cc5239afca90', '8211a0dc7a8c45788c7ce61428d55bd1', 'ac88ceb386aa4231b09bf472cb937c24'),
	('91f2f869d2c44cf39ab1d6d7fc71c1ab', '14cf5d353a8347b693175e6e0e135888', '39705ec72a014f3eab4bd801d8f97022', '398ecc75eab24b048ed5448dd47f3df0'),
	('95232eebcdae4c1c8293851940d4b763', 'feedbcf7c98c4fafa7ea353480457d60', '39705ec72a014f3eab4bd801d8f97022', '398ecc75eab24b048ed5448dd47f3df0'),
	('96cf1c051f3d484eb74509c32d7836c7', '133907e6217941a4a7628e127982e4b0', 'd522249a6e4040ab880b977441960edc', 'ac88ceb386aa4231b09bf472cb937c24'),
	('ad14548426db445b9e03a870c5522d6a', 'f30391f3463d4710b4d64f157e5cc61b', '8c9894e74bb44a32b765d8fb833ff07f', 'ac88ceb386aa4231b09bf472cb937c24'),
	('c95fab0927894da0b90a50e285cd6ab0', 'd89f98ae167346cdbdff4d8959224603', '9d2d091c3ca44f81827e5da13a79bada', 'ac88ceb386aa4231b09bf472cb937c24'),
	('d2ead90dbff449db979bf454cb99b6c1', 'a1a2cb17b4f24e50bbde2f1b8a233bcb', 'd583e7de6d2d48b78fb3c7dcb180cb1f', 'ac88ceb386aa4231b09bf472cb937c24'),
	('e0832713c0c0435ea173153cb36788f8', 'e4ee2dbb147e4b4ca02d3b32c0013205', '77ae572fe29b43c68a2e0bb6419de039', 'ac88ceb386aa4231b09bf472cb937c24');
/*!40000 ALTER TABLE `base_depart_user` ENABLE KEYS */;

-- 正在导出表  ag_admin.base_element 的数据：~93 rows (大约)
/*!40000 ALTER TABLE `base_element` DISABLE KEYS */;
INSERT INTO `base_element` (`id`, `code`, `type`, `name`, `uri`, `menu_id`, `parent_id`, `path`, `method`, `description`, `crt_time`, `crt_user`, `crt_name`, `crt_host`, `attr1`, `attr2`, `attr3`, `attr4`, `attr5`, `attr6`, `attr7`, `attr8`, `tenant_id`) VALUES
	('0b77a0e033c34c098e9eca1630362169', 'empInfoManager:btn_add', 'button', '添加', '/custom/empInfo', '7ed2d4b54db94636a6016f3de91e25a9', NULL, NULL, 'POST', NULL, '2018-09-27 16:53:42', '1', 'Mr.AG', NULL, NULL, NULL, NULL, NULL, NULL, NULL, NULL, NULL, 'ac88ceb386aa4231b09bf472cb937c24'),
	('10', 'menuManager:btn_add', 'button', '新增', '/admin/menu', '6', NULL, NULL, 'POST', '', NULL, NULL, NULL, NULL, NULL, NULL, NULL, NULL, NULL, NULL, NULL, NULL, NULL),
	('103593127199487794f9fd8fd573db5f', 'positionManager:btn_depart', 'button', '授权部门权限', '/admin/position/{*}/depart', 'b5211cc69d234b28a97f27e63edc9a58', NULL, NULL, 'PUT', NULL, '2018-02-11 12:44:45', '1', 'Mr.AG', NULL, NULL, NULL, NULL, NULL, NULL, NULL, NULL, NULL, NULL),
	('11', 'menuManager:btn_edit', 'button', '编辑', '/admin/menu/{*}', '6', '', '', 'PUT', '', '2017-06-24 00:00:00', '', '', '', '', '', '', '', '', '', '', '', NULL),
	('12', 'menuManager:btn_del', 'button', '删除', '/admin/menu/{*}', '6', '', '', 'DELETE', '', '2017-06-24 00:00:00', '', '', '', '', '', '', '', '', '', '', '', NULL),
	('13', 'menuManager:btn_element_add', 'button', '新增元素', '/admin/element', '6', NULL, NULL, 'POST', '', NULL, NULL, NULL, NULL, NULL, NULL, NULL, NULL, NULL, NULL, NULL, NULL, NULL),
	('14', 'menuManager:btn_element_edit', 'button', '编辑元素', '/admin/element/{*}', '6', NULL, NULL, 'PUT', '', NULL, NULL, NULL, NULL, NULL, NULL, NULL, NULL, NULL, NULL, NULL, NULL, NULL),
	('15', 'menuManager:btn_element_del', 'button', '删除元素', '/admin/element/{*}', '6', NULL, NULL, 'DELETE', '', NULL, NULL, NULL, NULL, NULL, NULL, NULL, NULL, NULL, NULL, NULL, NULL, NULL),
	('16', 'groupManager:btn_add', 'button', '新增', '/admin/group', '7', NULL, NULL, 'POST', '', NULL, NULL, NULL, NULL, NULL, NULL, NULL, NULL, NULL, NULL, NULL, NULL, NULL),
	('17', 'groupManager:btn_edit', 'button', '编辑', '/admin/group/{*}', '7', NULL, NULL, 'PUT', '', NULL, NULL, NULL, NULL, NULL, NULL, NULL, NULL, NULL, NULL, NULL, NULL, NULL),
	('18', 'groupManager:btn_del', 'button', '删除', '/admin/group/{*}', '7', NULL, NULL, 'DELETE', '', NULL, NULL, NULL, NULL, NULL, NULL, NULL, NULL, NULL, NULL, NULL, NULL, NULL),
	('19', 'groupManager:btn_userManager', 'button', '分配用户', '/admin/group/{*}/user', '7', NULL, NULL, 'PUT', '', NULL, NULL, NULL, NULL, NULL, NULL, NULL, NULL, NULL, NULL, NULL, NULL, NULL),
	('1a6cb9fdb6bb42c6bc9113ca4aeb5bfb', 'personManager:btn_del', 'button', '删除', '/person/person', '88cc614ec8b64f07bea277c1e7aad076', NULL, NULL, 'DELETE', NULL, '2018-09-27 17:32:01', '1', 'Mr.AG', NULL, NULL, NULL, NULL, NULL, NULL, NULL, NULL, NULL, 'ac88ceb386aa4231b09bf472cb937c24'),
	('1c8765922b184b6a85aae5f19351e295', 'zjctest:btn_edit', 'button', '编辑', '/zjctest/test/{*}', '1d8fd67819c84879a0b810140dea3e1f', NULL, NULL, 'PUT', NULL, '2018-09-30 15:10:11', '1', 'Mr.AG', NULL, NULL, NULL, NULL, NULL, NULL, NULL, NULL, NULL, 'ac88ceb386aa4231b09bf472cb937c24'),
	('1d676be295bf4387861e28e66f494aaf', 'newstudentManager:btn_edit', 'button', '编辑', '/newstudent/{*}', 'ab111f0fb8ab485da264585c8afdbff4', NULL, NULL, 'PUT', NULL, '2018-10-08 10:30:15', '1', 'Mr.AG', NULL, NULL, NULL, NULL, NULL, NULL, NULL, NULL, NULL, 'ac88ceb386aa4231b09bf472cb937c24'),
	('1e4dcb40c7ec4d01af7736c2828151a3', 'zjctest:btn_edit', 'button', '编辑', '/zjctest/test/{*}', '37fd42cd915b47d6a0efb32de484e595', NULL, NULL, 'PUT', NULL, '2018-09-30 15:58:27', '1', 'Mr.AG', NULL, NULL, NULL, NULL, NULL, NULL, NULL, NULL, NULL, 'ac88ceb386aa4231b09bf472cb937c24'),
	('1ed10d0f1e294040bd1a043002bc9457', 'yyyManager:btn_del', 'button', 'shanchu', '/zzj/yyy/{*}', '0b2a074e02c04e9eb86124d30f295376', NULL, NULL, 'DELETE', NULL, '2018-09-27 16:53:04', '133907e6217941a4a7628e127982e4b0', '唯一带哥用户', NULL, NULL, NULL, NULL, NULL, NULL, NULL, NULL, NULL, 'ac88ceb386aa4231b09bf472cb937c24'),
	('20', 'groupManager:btn_resourceManager', 'button', '分配权限', '/admin/group/{*}/authority', '7', NULL, NULL, 'GET', '', NULL, NULL, NULL, NULL, NULL, NULL, NULL, NULL, NULL, NULL, NULL, NULL, NULL),
	('21', 'groupManager:menu', 'uri', '分配菜单', '/admin/group/{*}/authority/menu', '7', NULL, NULL, 'POST', '', NULL, NULL, NULL, NULL, NULL, NULL, NULL, NULL, NULL, NULL, NULL, NULL, NULL),
	('21b3fe683a6040ed8c57423e55cd94a2', 'groupManager:authorize_menu', 'button', '菜单下发', '/admin/group/{*}/authorize/menu', '7', NULL, NULL, 'POST', NULL, '2018-02-12 14:54:57', '1', 'Mr.AG', NULL, NULL, NULL, NULL, NULL, NULL, NULL, NULL, NULL, 'ac88ceb386aa4231b09bf472cb937c24'),
	('22', 'groupManager:element', 'uri', '分配资源', '/admin/group/{*}/authority/element', '7', NULL, NULL, 'POST', '', NULL, NULL, NULL, NULL, NULL, NULL, NULL, NULL, NULL, NULL, NULL, NULL, NULL),
	('23', 'userManager:view', 'uri', '查看', '/admin/user/{*}', '1', '', '', 'GET', '', '2017-06-26 00:00:00', '', '', '', '', '', '', '', '', '', '', '', NULL),
	('24', 'menuManager:view', 'uri', '查看', '/admin/menu/{*}', '6', '', '', 'GET', '', '2017-06-26 00:00:00', '', '', '', '', '', '', '', '', '', '', '', NULL),
	('24ecd755a1ea4cf6b76c8b72ea1858fe', 'tenantManager:btn_user', 'button', '授予用户', '/admin/tenant/user', '7574b969c9fa4e5895d6cc9c2b8a9a62', NULL, NULL, 'POST', NULL, '2018-02-12 21:05:48', '1', 'Mr.AG', NULL, NULL, NULL, NULL, NULL, NULL, NULL, NULL, NULL, 'ac88ceb386aa4231b09bf472cb937c24'),
	('261687195b814cfc838bf1d45954abb3', 'appUserManager:btn_del', 'button', '会员账户删除', '/app/admin/appUser/{*}', '342a587a51d647a1b53c6d97363cf428', NULL, NULL, 'DELETE', NULL, '2018-05-26 10:15:24', '1', 'Mr.AG', NULL, NULL, NULL, NULL, NULL, NULL, NULL, NULL, NULL, 'ac88ceb386aa4231b09bf472cb937c24'),
	('27', 'menuManager:element_view', 'uri', '查看', '/admin/element/{*}', '6', NULL, NULL, 'GET', NULL, NULL, NULL, NULL, NULL, NULL, NULL, NULL, NULL, NULL, NULL, NULL, NULL, NULL),
	('28', 'groupManager:view', 'uri', '查看', '/admin/group/{*}', '7', NULL, NULL, 'GET', NULL, NULL, NULL, NULL, NULL, NULL, NULL, NULL, NULL, NULL, NULL, NULL, NULL, NULL),
	('2a6b7d3c793248b5a3d94af2d36d1a0f', 'personManager:btn_add', 'button', '添加', '/person/person', '88cc614ec8b64f07bea277c1e7aad076', NULL, NULL, 'POST', NULL, '2018-09-27 17:31:24', '1', 'Mr.AG', NULL, NULL, NULL, NULL, NULL, NULL, NULL, NULL, NULL, 'ac88ceb386aa4231b09bf472cb937c24'),
	('2b7b250b2b7346759938a05da57d2fcb', 'tenantManager:view', 'uri', '查看租户', '/admin/tenant/{*}', '7574b969c9fa4e5895d6cc9c2b8a9a62', NULL, NULL, 'GET', NULL, '2018-02-09 12:26:27', '1', 'Mr.AG', NULL, NULL, NULL, NULL, NULL, NULL, NULL, NULL, NULL, NULL),
	('2f990966f539453a89d75a49cf145d89', 'yyyManager:btn_edit', 'button', 'bianji', '/zzj/yyy/{*}', '0b2a074e02c04e9eb86124d30f295376', NULL, NULL, 'PUT', NULL, '2018-09-27 10:20:24', '1', 'Mr.AG', NULL, NULL, NULL, NULL, NULL, NULL, NULL, NULL, NULL, 'ac88ceb386aa4231b09bf472cb937c24'),
	('3', 'userManager:btn_add', 'button', '新增', '/admin/user', '1', NULL, NULL, 'POST', '', NULL, NULL, NULL, NULL, NULL, NULL, NULL, NULL, NULL, NULL, NULL, NULL, NULL),
	('30594561269a4a3ea145fb21ce828ac9', 'empInfoManager:btn_edit', 'button', '编辑', '/custom/empInfo', '7ed2d4b54db94636a6016f3de91e25a9', NULL, NULL, 'PUT', NULL, '2018-09-27 16:53:06', '1', 'Mr.AG', NULL, NULL, NULL, NULL, NULL, NULL, NULL, NULL, NULL, 'ac88ceb386aa4231b09bf472cb937c24'),
	('32', 'groupTypeManager:view', 'uri', '查看', '/admin/groupType/{*}', '8', NULL, NULL, 'GET', '', NULL, NULL, NULL, NULL, NULL, NULL, NULL, NULL, NULL, NULL, NULL, NULL, NULL),
	('33', 'groupTypeManager:btn_add', 'button', '新增', '/admin/groupType', '8', NULL, NULL, 'POST', NULL, NULL, NULL, NULL, NULL, NULL, NULL, NULL, NULL, NULL, NULL, NULL, NULL, NULL),
	('33dc210fa30d47a7807a96ac0f573bbb', 'newstudentManager:btn_view', 'uri', '查看', '/newstudent/{*}', 'ab111f0fb8ab485da264585c8afdbff4', NULL, NULL, 'GET', NULL, '2018-09-30 10:40:26', '1', 'Mr.AG', NULL, NULL, NULL, NULL, NULL, NULL, NULL, NULL, NULL, 'ac88ceb386aa4231b09bf472cb937c24'),
	('34', 'groupTypeManager:btn_edit', 'button', '编辑', '/admin/groupType/{*}', '8', NULL, NULL, 'PUT', NULL, NULL, NULL, NULL, NULL, NULL, NULL, NULL, NULL, NULL, NULL, NULL, NULL, NULL),
	('35', 'groupTypeManager:btn_del', 'button', '删除', '/admin/groupType/{*}', '8', NULL, NULL, 'DELETE', NULL, NULL, NULL, NULL, NULL, NULL, NULL, NULL, NULL, NULL, NULL, NULL, NULL, NULL),
	('375b04fe927c44e88593d02670acd90f', 'groupManager:btn_authorizeManager', 'button', '权限下发', '/admin/group/{*}/authorize', '7', NULL, NULL, 'GET', NULL, '2018-02-12 14:52:55', '1', 'Mr.AG', NULL, NULL, NULL, NULL, NULL, NULL, NULL, NULL, NULL, 'ac88ceb386aa4231b09bf472cb937c24'),
	('39925b8263664c9e923f9c34f9bc2a37', 'positionManager:btn_user', 'button', '分配岗位人员', '/admin/position/{*}/user', 'b5211cc69d234b28a97f27e63edc9a58', NULL, NULL, 'PUT', NULL, '2018-02-10 16:49:57', '1', 'Mr.AG', NULL, NULL, NULL, NULL, NULL, NULL, NULL, NULL, NULL, NULL),
	('3c21f1959be4416ca85c17157fd2d9ab', 'appUserManager:btn_view', 'uri', '会员账户查看', '/app/admin/appUser/{*}', '342a587a51d647a1b53c6d97363cf428', NULL, NULL, 'GET', NULL, '2018-05-26 10:16:45', '1', 'Mr.AG', NULL, NULL, NULL, NULL, NULL, NULL, NULL, NULL, NULL, 'ac88ceb386aa4231b09bf472cb937c24'),
	('4', 'userManager:btn_edit', 'button', '编辑', '/admin/user/{*}', '1', NULL, NULL, 'PUT', '', NULL, NULL, NULL, NULL, NULL, NULL, NULL, NULL, NULL, NULL, NULL, NULL, NULL),
	('41', 'gateLogManager:view', 'button', '查看', '/admin/gateLog/{*}', '27', NULL, NULL, 'GET', '', '2017-07-01 00:00:00', '1', 'admin', '0:0:0:0:0:0:0:1', NULL, NULL, NULL, NULL, NULL, NULL, NULL, NULL, NULL),
	('415eac050ab64fc3b41b11e43645f3b5', 'oauthClientDetailsManager:btn_view', 'uri', '查看客户端', '/auth/oauthClientDetails/{*}', '68ee45b69c0f41cb9d6a5c33d46fb8a6', NULL, NULL, 'GET', NULL, '2018-03-28 20:20:48', '1', 'Mr.AG', NULL, NULL, NULL, NULL, NULL, NULL, NULL, NULL, NULL, 'ac88ceb386aa4231b09bf472cb937c24'),
	('42', 'serviceManager:view', 'uri', '查看', '/auth/service/{*}', '30', NULL, NULL, 'GET', NULL, '2017-12-26 20:17:42', '1', 'Mr.AG', '127.0.0.1', NULL, NULL, NULL, NULL, NULL, NULL, NULL, NULL, NULL),
	('43', 'serviceManager:btn_add', 'button', '新增', '/auth/service', '30', NULL, NULL, 'POST', NULL, NULL, NULL, NULL, NULL, NULL, NULL, NULL, NULL, NULL, NULL, NULL, NULL, NULL),
	('44', 'serviceManager:btn_edit', 'button', '编辑', '/auth/service/{*}', '30', NULL, NULL, 'PUT', NULL, NULL, NULL, NULL, NULL, NULL, NULL, NULL, NULL, NULL, NULL, NULL, NULL, NULL),
	('45', 'serviceManager:btn_del', 'button', '删除', '/auth/service/{*}', '30', NULL, NULL, 'DELETE', NULL, NULL, NULL, NULL, NULL, NULL, NULL, NULL, NULL, NULL, NULL, NULL, NULL, NULL),
	('46', 'serviceManager:btn_clientManager', 'button', '授权服务', '/auth/service/{*}/client', '30', NULL, NULL, 'POST', NULL, '2017-12-30 16:32:48', '1', 'Mr.AG', '127.0.0.1', NULL, NULL, NULL, NULL, NULL, NULL, NULL, NULL, NULL),
	('47', 'serviceManager:btn_buidlProject', 'button', '构建工程', '/auth/generator/build', '30', NULL, NULL, NULL, NULL, NULL, NULL, NULL, NULL, NULL, NULL, NULL, NULL, NULL, NULL, NULL, NULL, NULL),
	('48', 'dictTypeManager:view', 'uri', '查看字典目录', '/dict/dictType/{*}', '21', NULL, NULL, 'GET', NULL, '2017-12-26 20:17:42', '1', 'Mr.AG', '127.0.0.1', NULL, NULL, NULL, NULL, NULL, NULL, NULL, NULL, NULL),
	('49', 'dictTypeManager:btn_add', 'button', '新增字典目录', '/dict/dictType', '21', NULL, NULL, 'POST', NULL, NULL, NULL, NULL, NULL, NULL, NULL, NULL, NULL, NULL, NULL, NULL, NULL, NULL),
	('4b878d3a346e49c99a845d7e0a2e470b', 'zjctest:view', 'button', '查看', '/zjctest/test/{*}', '37fd42cd915b47d6a0efb32de484e595', NULL, NULL, 'GET', NULL, '2018-09-30 15:44:44', '1', 'Mr.AG', NULL, NULL, NULL, NULL, NULL, NULL, NULL, NULL, NULL, 'ac88ceb386aa4231b09bf472cb937c24'),
	('4ee4f57a2d92494abe2595bff4f32057', 'groupManager:authorize_element', 'button', '资源下发', '/admin/group/{*}/authorize/element', '7', NULL, NULL, 'POST', NULL, '2018-02-12 14:55:30', '1', 'Mr.AG', NULL, NULL, NULL, NULL, NULL, NULL, NULL, NULL, NULL, 'ac88ceb386aa4231b09bf472cb937c24'),
	('5', 'userManager:btn_del', 'button', '删除', '/admin/user', '1', NULL, NULL, 'DELETE', '', NULL, NULL, NULL, NULL, NULL, NULL, NULL, NULL, NULL, NULL, NULL, NULL, NULL),
	('50', 'dictTypeManager:btn_edit', 'button', '编辑字典目录', '/dict/dictType/{*}', '21', NULL, NULL, 'PUT', NULL, NULL, NULL, NULL, NULL, NULL, NULL, NULL, NULL, NULL, NULL, NULL, NULL, NULL),
	('51', 'dictTypeManager:btn_del', 'button', '删除字典目录', '/dict/dictType/{*}', '21', NULL, NULL, 'DELETE', NULL, NULL, NULL, NULL, NULL, NULL, NULL, NULL, NULL, NULL, NULL, NULL, NULL, NULL),
	('52', 'dictValueManager:view', 'uri', '查看字典值', '/dict/dictValue/{*}', '21', NULL, NULL, 'GET', NULL, '2017-12-26 20:17:42', '1', 'Mr.AG', '127.0.0.1', NULL, NULL, NULL, NULL, NULL, NULL, NULL, NULL, NULL),
	('53', 'dictValueManager:btn_add', 'button', '新增字典值', '/dict/dictValue', '21', NULL, NULL, 'POST', NULL, NULL, NULL, NULL, NULL, NULL, NULL, NULL, NULL, NULL, NULL, NULL, NULL, NULL),
	('54', 'dictValueManager:btn_edit', 'button', '编辑字典值', '/dict/dictValue/{*}', '21', NULL, NULL, 'PUT', NULL, NULL, NULL, NULL, NULL, NULL, NULL, NULL, NULL, NULL, NULL, NULL, NULL, NULL),
	('55', 'dictValueManager:btn_del', 'button', '删除字典值', '/dict/dictValue/{*}', '21', NULL, NULL, 'DELETE', NULL, NULL, NULL, NULL, NULL, NULL, NULL, NULL, NULL, NULL, NULL, NULL, NULL, NULL),
	('56', 'departManager:view', 'uri', '查看部门值', '/admin/depart/{*}', 'b5211cc69d234b28a97f27e63edc9a58', NULL, NULL, 'GET', NULL, '2017-12-26 20:17:42', '1', 'Mr.AG', '127.0.0.1', NULL, NULL, NULL, NULL, NULL, NULL, NULL, NULL, NULL),
	('57', 'departManager:btn_add', 'button', '新增部门值', '/admin/depart', 'b5211cc69d234b28a97f27e63edc9a58', NULL, NULL, 'POST', NULL, NULL, NULL, NULL, NULL, NULL, NULL, NULL, NULL, NULL, NULL, NULL, NULL, NULL),
	('58', 'departManager:btn_edit', 'button', '编辑部门值', '/admin/depart/{*}', 'b5211cc69d234b28a97f27e63edc9a58', NULL, NULL, 'PUT', NULL, NULL, NULL, NULL, NULL, NULL, NULL, NULL, NULL, NULL, NULL, NULL, NULL, NULL),
	('59', 'departManager:btn_del', 'button', '删除部门值', '/admin/depart/{*}', 'b5211cc69d234b28a97f27e63edc9a58', NULL, NULL, 'DELETE', NULL, NULL, NULL, NULL, NULL, NULL, NULL, NULL, NULL, NULL, NULL, NULL, NULL, NULL),
	('6b5b2f7373f64d9c914a8e38c1463f42', 'studentTestManager:btn_add', 'button', '新增', '/student/test/{*}', '454f9b3de369463a93ef75492126b54e', NULL, NULL, 'POST', NULL, '2018-09-19 11:22:39', '1', 'Mr.AG', NULL, NULL, NULL, NULL, NULL, NULL, NULL, NULL, NULL, 'ac88ceb386aa4231b09bf472cb937c24'),
	('6d7ea83bb71d476dbfbda2bcbc1a01bd', 'positionManager:btn_del', 'button', '删除岗位', '/admin/position/{*}', 'b5211cc69d234b28a97f27e63edc9a58', NULL, NULL, 'DELETE', NULL, '2018-02-10 16:47:45', '1', 'Mr.AG', NULL, NULL, NULL, NULL, NULL, NULL, NULL, NULL, NULL, NULL),
	('72cc725ac08340d4909bb822fcf61d8c', 'empInfoManager:btn_addse', 'button', '多事务添加', '/custom/empInfo', '7ed2d4b54db94636a6016f3de91e25a9', NULL, NULL, 'POST', NULL, '2018-09-28 16:17:25', '1', 'Mr.AG', NULL, NULL, NULL, NULL, NULL, NULL, NULL, NULL, NULL, 'ac88ceb386aa4231b09bf472cb937c24'),
	('73db20cb63e6439f80b2f992e64f545d', 'gatewayRouteManager:btn_edit', 'button', '编辑路由', '/auth/gatewayRoute/{*}', '68ee45b69c0f41cb9d6a5c33d46fb7a6', NULL, NULL, 'PUT', NULL, '2018-02-25 13:46:18', '1', 'Mr.AG', NULL, NULL, NULL, NULL, NULL, NULL, NULL, NULL, NULL, 'ac88ceb386aa4231b09bf472cb937c24'),
	('76797ac67e9a4b6ba9177d26a603ffb0', 'oauthClientDetailsManager:btn_add', 'button', '新增客户端', '/auth/oauthClientDetails', '68ee45b69c0f41cb9d6a5c33d46fb8a6', NULL, NULL, 'POST', NULL, '2018-03-28 20:20:22', '1', 'Mr.AG', NULL, NULL, NULL, NULL, NULL, NULL, NULL, NULL, NULL, 'ac88ceb386aa4231b09bf472cb937c24'),
	('7a16202657c3478c8b4ece27a792e026', 'positionManager:btn_group', 'button', '分配岗位角色', '/admin/position/{*}/group', 'b5211cc69d234b28a97f27e63edc9a58', NULL, NULL, 'PUT', NULL, '2018-02-10 16:51:31', '1', 'Mr.AG', NULL, NULL, NULL, NULL, NULL, NULL, NULL, NULL, NULL, NULL),
	('7e54ad31aefb4cc081e32680aebf9690', 'empInfoManager:btn_del', 'button', '删除', '/custom/empInfo', '7ed2d4b54db94636a6016f3de91e25a9', NULL, NULL, 'DELETE', NULL, '2018-09-27 16:54:45', '1', 'Mr.AG', NULL, NULL, NULL, NULL, NULL, NULL, NULL, NULL, NULL, 'ac88ceb386aa4231b09bf472cb937c24'),
	('8b5ff030c76341059a335e0653fef5ea', 'departManager:btn_user_del', 'button', '删除部门人员', '/admin/depart/user', 'b5211cc69d234b28a97f27e63edc9a58', NULL, NULL, 'DELETE', NULL, '2018-02-10 16:45:10', '1', 'Mr.AG', NULL, NULL, NULL, NULL, NULL, NULL, NULL, NULL, NULL, NULL),
	('9', 'menuManager:element', 'uri', '按钮页面', '/admin/element/{*}', '6', NULL, NULL, 'GET', '', NULL, NULL, NULL, NULL, NULL, NULL, NULL, NULL, NULL, NULL, NULL, NULL, NULL),
	('96b0a3ef055a4229a7d8f27c08a73b10', 'yyyManager:btn_add', 'button', 'xinzeng', '/zzj/yyy', '0b2a074e02c04e9eb86124d30f295376', NULL, NULL, 'POST', NULL, '2018-09-27 10:18:04', '1', 'Mr.AG', NULL, NULL, NULL, NULL, NULL, NULL, NULL, NULL, NULL, 'ac88ceb386aa4231b09bf472cb937c24'),
	('9d2f8338afcd4841bc045a72774a90ee', 'studentTestManager:btn_del', 'button', '删除', '/student/test/{*}', '454f9b3de369463a93ef75492126b54e', NULL, NULL, 'DELETE', NULL, '2018-09-19 11:20:13', '1', 'Mr.AG', NULL, NULL, NULL, NULL, NULL, NULL, NULL, NULL, NULL, 'ac88ceb386aa4231b09bf472cb937c24'),
	('a03cac538f794958bc7fa6458f85b8ae', 'tenantManager:btn_del', 'uri', '删除租户', '/admin/tenant/{*}', '7574b969c9fa4e5895d6cc9c2b8a9a62', NULL, NULL, 'DELETE', NULL, '2018-02-09 12:28:42', '1', 'Mr.AG', NULL, NULL, NULL, NULL, NULL, NULL, NULL, NULL, NULL, NULL),
	('a155c964718f4fa39b16bd3897271adb', 'newstudentManager:btn_add', 'button', '添加', '/newstudent/{*}', 'ab111f0fb8ab485da264585c8afdbff4', NULL, NULL, 'POST', NULL, '2018-10-08 10:23:40', '1', 'Mr.AG', NULL, NULL, NULL, NULL, NULL, NULL, NULL, NULL, NULL, 'ac88ceb386aa4231b09bf472cb937c24'),
	('a440bc6a31f6457493c7461fd9afae4b', 'appUserManager:btn_add', 'button', '会员账户新增', '/app/admin/appUser/{*}', '342a587a51d647a1b53c6d97363cf428', NULL, NULL, 'POST', NULL, '2018-05-26 10:16:02', '1', 'Mr.AG', NULL, NULL, NULL, NULL, NULL, NULL, NULL, NULL, NULL, 'ac88ceb386aa4231b09bf472cb937c24'),
	('aeb7d2585d194f86aa6eb47619efd1e2', 'zjctest:btn_add', 'button', '添加', '/zjctest/test/{*}', '37fd42cd915b47d6a0efb32de484e595', NULL, NULL, 'POST', NULL, '2018-09-30 15:59:18', '1', 'Mr.AG', NULL, NULL, NULL, NULL, NULL, NULL, NULL, NULL, NULL, 'ac88ceb386aa4231b09bf472cb937c24'),
	('af44e799b90240d1a4f51a36ae3995d1', 'oauthClientDetailsManager:btn_edit', 'button', '编辑客户端', '/auth/oauthClientDetails/{*}', '68ee45b69c0f41cb9d6a5c33d46fb8a6', NULL, NULL, 'PUT', NULL, '2018-03-28 20:19:08', '1', 'Mr.AG', NULL, NULL, NULL, NULL, NULL, NULL, NULL, NULL, NULL, 'ac88ceb386aa4231b09bf472cb937c24'),
	('b07d293e03e04f64a4e025fdd0fb1b74', 'zjctest:view', 'uri', '查看', '/zjctest/test/{*}', '1d8fd67819c84879a0b810140dea3e1f', NULL, NULL, 'GET', NULL, '2018-09-30 14:45:45', '1', 'Mr.AG', NULL, NULL, NULL, NULL, NULL, NULL, NULL, NULL, NULL, 'ac88ceb386aa4231b09bf472cb937c24'),
	('b8c91a10051540b3afa09992ccb52465', 'studentTestManager:btn_view', 'uri', '查看', '/student/test/{*}', '454f9b3de369463a93ef75492126b54e', NULL, NULL, 'GET', NULL, '2018-09-19 11:21:21', '1', 'Mr.AG', NULL, NULL, NULL, NULL, NULL, NULL, NULL, NULL, NULL, 'ac88ceb386aa4231b09bf472cb937c24'),
	('c6469be83d8e4d5ca404b46b347f7d4c', 'positionManager:btn_add', 'button', '新增岗位', '/admin/position', 'b5211cc69d234b28a97f27e63edc9a58', NULL, NULL, 'POST', NULL, '2018-02-10 16:47:23', '1', 'Mr.AG', NULL, NULL, NULL, NULL, NULL, NULL, NULL, NULL, NULL, NULL),
	('cac49646909c4750b23f223f53eafc5b', 'positionManager:btn_edit', 'button', '编辑岗位', '/admin/posision/{*}', 'b5211cc69d234b28a97f27e63edc9a58', NULL, NULL, 'PUT', NULL, '2018-02-10 16:48:24', '1', 'Mr.AG', NULL, NULL, NULL, NULL, NULL, NULL, NULL, NULL, NULL, NULL),
	('cdf65eea98fa4679bd3f1041d5c06d68', 'gatewayRouteManager:view', 'uri', '查看路由', '/auth/gatewayRoute/{*}', '68ee45b69c0f41cb9d6a5c33d46fb7a6', NULL, NULL, 'GET', NULL, '2018-02-25 13:42:23', '1', 'Mr.AG', NULL, NULL, NULL, NULL, NULL, NULL, NULL, NULL, NULL, 'ac88ceb386aa4231b09bf472cb937c24'),
	('ce21d798f8fc44cd9379086ffe236ce6', 'studentTestManager:btn_edit', 'button', '编辑', '/student/test/{*}', '454f9b3de369463a93ef75492126b54e', NULL, NULL, 'PUT', NULL, '2018-09-19 11:23:21', '1', 'Mr.AG', NULL, NULL, NULL, NULL, NULL, NULL, NULL, NULL, NULL, 'ac88ceb386aa4231b09bf472cb937c24'),
	('cef687283bb044e19b05d8ce95fd4996', 'personManager:btn_edit', 'button', '修改', '/person/person/{*}', '88cc614ec8b64f07bea277c1e7aad076', NULL, NULL, 'PUT', NULL, '2018-09-27 17:32:34', '1', 'Mr.AG', NULL, NULL, NULL, NULL, NULL, NULL, NULL, NULL, NULL, 'ac88ceb386aa4231b09bf472cb937c24'),
	('d26625c13796423c8353176197cd7f0d', 'gatewayRouteManager:btn_del', 'uri', '禁用路由', '/auth/gatewayRoute/{*}', '68ee45b69c0f41cb9d6a5c33d46fb7a6', NULL, NULL, 'DELETE', NULL, '2018-02-25 13:47:19', '1', 'Mr.AG', NULL, NULL, NULL, NULL, NULL, NULL, NULL, NULL, NULL, 'ac88ceb386aa4231b09bf472cb937c24'),
	('d2773b3568c6438c8f9cc21b06b660ee', 'departManager:btn_user_add', 'button', '新增部门人员', '/admin/depart/user', 'b5211cc69d234b28a97f27e63edc9a58', NULL, NULL, 'POST', NULL, '2018-02-10 16:44:07', '1', 'Mr.AG', NULL, NULL, NULL, NULL, NULL, NULL, NULL, NULL, NULL, NULL),
	('d6b714eff47a42d0a654e55c39304dd5', 'tenantManager:btn_edit', 'button', '编辑租户', '/admin/tenant/{*}', '7574b969c9fa4e5895d6cc9c2b8a9a62', NULL, NULL, 'PUT', NULL, '2018-02-09 12:29:26', '1', 'Mr.AG', NULL, NULL, NULL, NULL, NULL, NULL, NULL, NULL, NULL, NULL),
	('dd68f557717a483a9b808182c8557e01', 'appUserManager:btn_edit', 'button', '会员账户编辑', '/app/admin/appUser/{*}', '342a587a51d647a1b53c6d97363cf428', NULL, NULL, 'PUT', NULL, '2018-05-26 10:13:44', '1', 'Mr.AG', NULL, NULL, NULL, NULL, NULL, NULL, NULL, NULL, NULL, 'ac88ceb386aa4231b09bf472cb937c24'),
	('e18f6f0dde564e62ba91de1657595ddc', 'oauthClientDetailsManager:btn_del', 'button', '删除客户端', '/auth/oauthClientDetails/{*}', '68ee45b69c0f41cb9d6a5c33d46fb8a6', NULL, NULL, 'DELETE', NULL, '2018-03-28 20:19:55', '1', 'Mr.AG', NULL, NULL, NULL, NULL, NULL, NULL, NULL, NULL, NULL, 'ac88ceb386aa4231b09bf472cb937c24'),
	('eddad1f3d2d54ba0ac50e8c4781764cb', 'tenantManager:btn_add', 'button', '新增租户', '/admin/tenant', '7574b969c9fa4e5895d6cc9c2b8a9a62', NULL, NULL, 'POST', NULL, '2018-02-09 12:27:11', '1', 'Mr.AG', NULL, NULL, NULL, NULL, NULL, NULL, NULL, NULL, NULL, NULL),
	('ef73cc9bf70d448caf72e3f45015700a', 'positionManager:view', 'uri', '查看岗位', '/admin/depart/{*}', 'b5211cc69d234b28a97f27e63edc9a58', NULL, NULL, 'GET', NULL, '2018-02-10 16:48:49', '1', 'Mr.AG', NULL, NULL, NULL, NULL, NULL, NULL, NULL, NULL, NULL, NULL),
	('f509a089557146a4a4e7d6d150f6d4d3', 'newstudentManager:btn_del', 'button', '删除', '/newstudent/{*}', 'ab111f0fb8ab485da264585c8afdbff4', NULL, NULL, 'DELETE', NULL, '2018-10-08 10:29:10', '1', 'Mr.AG', NULL, NULL, NULL, NULL, NULL, NULL, NULL, NULL, NULL, 'ac88ceb386aa4231b09bf472cb937c24'),
	('f76207a6d185492a9500eaffd1eaefd3', 'zjctest:btn_del', 'button', '删除', '/zjctest/test/{*}', '37fd42cd915b47d6a0efb32de484e595', NULL, NULL, 'DELETE', NULL, '2018-09-30 16:00:32', '1', 'Mr.AG', NULL, NULL, NULL, NULL, NULL, NULL, NULL, NULL, NULL, 'ac88ceb386aa4231b09bf472cb937c24'),
	('f7b1d97edd98407aab36a01d290683ee', 'gatewayRouteManager:btn_add', 'button', '新建路由', '/auth/gatewayRoute', '68ee45b69c0f41cb9d6a5c33d46fb7a6', NULL, NULL, 'POST', NULL, '2018-02-25 13:43:16', '1', 'Mr.AG', NULL, NULL, NULL, NULL, NULL, NULL, NULL, NULL, NULL, 'ac88ceb386aa4231b09bf472cb937c24');
/*!40000 ALTER TABLE `base_element` ENABLE KEYS */;

-- 正在导出表  ag_admin.base_group 的数据：~10 rows (大约)
/*!40000 ALTER TABLE `base_group` DISABLE KEYS */;
INSERT INTO `base_group` (`id`, `code`, `name`, `parent_id`, `path`, `type`, `group_type`, `description`, `crt_time`, `crt_user_id`, `crt_user_name`, `upd_time`, `upd_user_id`, `upd_user_name`, `attr1`, `attr2`, `attr3`, `attr4`, `attr5`, `attr6`, `attr7`, `attr8`, `tenant_id`) VALUES
	('0073c2ae7290478d92bd62750fc3da77', 'zongjingli', '总经理岗位角色', '-1', '/zongjingli', NULL, 'org', NULL, '2018-09-26 09:32:55', '1', 'Mr.AG', '2018-09-26 09:32:55', '1', 'Mr.AG', NULL, NULL, NULL, NULL, NULL, NULL, NULL, NULL, 'ac88ceb386aa4231b09bf472cb937c24'),
	('058dc6111eb94055b100015f0fe4b5be', 'datoudaige', '大头带哥权限', '-1', '/datoudaige', NULL, 'role', '大头带哥', '2018-09-27 14:23:09', '1', 'Mr.AG', '2018-09-27 14:59:28', '1', 'woozoom', NULL, NULL, NULL, NULL, NULL, NULL, NULL, NULL, 'ac88ceb386aa4231b09bf472cb937c24'),
	('09cb1775d68c482782f6c4024c99c92f', 'bumendaige', '部门带哥权限', '-1', '/bumendaige', NULL, 'role', '部门带哥', '2018-09-27 14:26:34', '1', 'woozoom', '2018-09-27 14:59:31', '1', 'woozoom', NULL, NULL, NULL, NULL, NULL, NULL, NULL, NULL, 'ac88ceb386aa4231b09bf472cb937c24'),
	('0cb6b830548840bd911cf89e1045874f', 'jituandaige', '集团带哥权限', '-1', '/jituandaige', NULL, 'role', '集团带哥', '2018-09-27 14:23:39', '1', 'Mr.AG', '2018-09-27 14:59:33', '1', 'woozoom', NULL, NULL, NULL, NULL, NULL, NULL, NULL, NULL, 'ac88ceb386aa4231b09bf472cb937c24'),
	('153835e3242e4e0db43f836233e7f5ad', '9526', '搬砖人员协会角色组', '-1', '/9526', NULL, 'role', '专业搬砖7、8年', '2018-09-30 09:35:36', '1', 'Mr.AG', '2018-09-30 09:54:10', '1', 'Mr.AG', NULL, NULL, NULL, NULL, NULL, NULL, NULL, NULL, 'ac88ceb386aa4231b09bf472cb937c24'),
	('258651cfd4ca41cbaa70d1b233659b5c', 'commonAdmin', '普通租户管理员', '-1', '/commonAdmin', NULL, 'role', '普通租户管理员', '2018-02-12 23:20:54', '1', 'Mr.AG', '2018-02-12 23:20:54', '1', 'Mr.AG', NULL, NULL, NULL, NULL, NULL, NULL, NULL, NULL, 'ac88ceb386aa4231b09bf472cb937c24'),
	('29b565f55d844f5ca79b64c184fe4752', 'shiyebudaige', '事业部带哥权限', '-1', '/shiyebudaige', NULL, 'role', '事业部带哥', '2018-09-27 14:24:03', '1', 'Mr.AG', '2018-09-27 14:59:38', '1', 'woozoom', NULL, NULL, NULL, NULL, NULL, NULL, NULL, NULL, 'ac88ceb386aa4231b09bf472cb937c24'),
	('366af0a7fd79453fbe54c0d24917ec4b', 'dongshiz', '董事长', '-1', '/dongshiz', NULL, 'org', NULL, '2018-02-13 00:04:27', 'a1a2cb17b4f24e50bbde2f1b8a233bcb', '测试租户', '2018-02-13 00:04:27', 'a1a2cb17b4f24e50bbde2f1b8a233bcb', '测试租户', NULL, NULL, NULL, NULL, NULL, NULL, NULL, NULL, '1ec08564dcc344018d6aaa910068f0f0'),
	('3d42aacb3f864188bb134a7a1fa2d158', 'ptjs', '普通角色', '-1', '/ptjs', NULL, 'role', '普通角色', '2018-10-09 11:22:47', 'feedbcf7c98c4fafa7ea353480457d60', 'zsc2', '2018-10-09 11:22:47', 'feedbcf7c98c4fafa7ea353480457d60', 'zsc2', NULL, NULL, NULL, NULL, NULL, NULL, NULL, NULL, '398ecc75eab24b048ed5448dd47f3df0'),
	('beb140a11d1249f9a29edb878fffa769', 'gangweijuese', '岗位角色111', '-1', '/gangweijuese', NULL, 'org', '岗位角色', '2018-09-28 09:30:19', '133907e6217941a4a7628e127982e4b0', '唯一带哥用户', '2018-09-29 14:33:48', '133907e6217941a4a7628e127982e4b0', '唯一带哥用户', NULL, NULL, NULL, NULL, NULL, NULL, NULL, NULL, 'ac88ceb386aa4231b09bf472cb937c24'),
	('e25364701f3c47ec859058c70c0f468c', 'gw2', '岗位角色二', '-1', '/gw2', NULL, 'org', NULL, '2018-10-08 10:30:57', '1', 'Mr.AG', '2018-10-08 10:30:57', '1', 'Mr.AG', NULL, NULL, NULL, NULL, NULL, NULL, NULL, NULL, 'ac88ceb386aa4231b09bf472cb937c24'),
	('f589f6288e754051b4b1903a62ea6bf9', '9524', '软件搬砖岗位组', '-1', '/9524', NULL, 'org', '专业软件搬砖7、8年', '2018-09-30 09:39:22', '1', 'Mr.AG', '2018-09-30 09:39:22', '1', 'Mr.AG', NULL, NULL, NULL, NULL, NULL, NULL, NULL, NULL, 'ac88ceb386aa4231b09bf472cb937c24');
/*!40000 ALTER TABLE `base_group` ENABLE KEYS */;

-- 正在导出表  ag_admin.base_group_leader 的数据：~4 rows (大约)
/*!40000 ALTER TABLE `base_group_leader` DISABLE KEYS */;
INSERT INTO `base_group_leader` (`id`, `group_id`, `user_id`, `description`, `crt_time`, `crt_user`, `crt_name`, `crt_host`, `upd_time`, `upd_user`, `upd_name`, `upd_host`, `attr1`, `attr2`, `attr3`, `attr4`, `attr5`, `attr6`, `attr7`, `attr8`, `tenant_id`) VALUES
	('3c9f6b3156864c1081b830efd08205f2', '058dc6111eb94055b100015f0fe4b5be', '133907e6217941a4a7628e127982e4b0', NULL, NULL, NULL, NULL, NULL, NULL, NULL, NULL, NULL, NULL, NULL, NULL, NULL, NULL, NULL, NULL, NULL, 'ac88ceb386aa4231b09bf472cb937c24'),
	('3e87307f8af448a0ada18f29788100b7', '258651cfd4ca41cbaa70d1b233659b5c', 'feedbcf7c98c4fafa7ea353480457d60', NULL, NULL, NULL, NULL, NULL, NULL, NULL, NULL, NULL, NULL, NULL, NULL, NULL, NULL, NULL, NULL, NULL, 'ac88ceb386aa4231b09bf472cb937c24'),
	('6dd4234a6aa04f2db2d3290ddb01ae38', '153835e3242e4e0db43f836233e7f5ad', '0b9d28cbbc7e4fb19fae02aa64e155f1', NULL, NULL, NULL, NULL, NULL, NULL, NULL, NULL, NULL, NULL, NULL, NULL, NULL, NULL, NULL, NULL, NULL, 'ac88ceb386aa4231b09bf472cb937c24'),
	('94d1290ccf084c7abd0341f5547c12f7', '258651cfd4ca41cbaa70d1b233659b5c', 'a1a2cb17b4f24e50bbde2f1b8a233bcb', NULL, NULL, NULL, NULL, NULL, NULL, NULL, NULL, NULL, NULL, NULL, NULL, NULL, NULL, NULL, NULL, NULL, 'ac88ceb386aa4231b09bf472cb937c24'),
	('ccb9e974d5814f53a4223148919de3d6', 'f589f6288e754051b4b1903a62ea6bf9', '0b9d28cbbc7e4fb19fae02aa64e155f1', NULL, NULL, NULL, NULL, NULL, NULL, NULL, NULL, NULL, NULL, NULL, NULL, NULL, NULL, NULL, NULL, NULL, 'ac88ceb386aa4231b09bf472cb937c24'),
	('cd39886445674d55b51df5b98bc93675', '258651cfd4ca41cbaa70d1b233659b5c', 'e4ee2dbb147e4b4ca02d3b32c0013205', NULL, NULL, NULL, NULL, NULL, NULL, NULL, NULL, NULL, NULL, NULL, NULL, NULL, NULL, NULL, NULL, NULL, 'ac88ceb386aa4231b09bf472cb937c24'),
	('ce68a4c86bdf4cc980031f0f0fdd2952', 'beb140a11d1249f9a29edb878fffa769', '91862ca642404c3a8877afa7ae2628a9', NULL, NULL, NULL, NULL, NULL, NULL, NULL, NULL, NULL, NULL, NULL, NULL, NULL, NULL, NULL, NULL, NULL, 'ac88ceb386aa4231b09bf472cb937c24'),
	('cf199d111e014294975f09ebfb52dd4a', '3d42aacb3f864188bb134a7a1fa2d158', '14cf5d353a8347b693175e6e0e135888', NULL, NULL, NULL, NULL, NULL, NULL, NULL, NULL, NULL, NULL, NULL, NULL, NULL, NULL, NULL, NULL, NULL, '398ecc75eab24b048ed5448dd47f3df0'),
	('e2896fa870524246a140fe75b1da86dd', 'e25364701f3c47ec859058c70c0f468c', '06617a480a3d4ead9fdd66e22817e3ed', NULL, NULL, NULL, NULL, NULL, NULL, NULL, NULL, NULL, NULL, NULL, NULL, NULL, NULL, NULL, NULL, NULL, 'ac88ceb386aa4231b09bf472cb937c24'),
	('eb920ef769014ac4b7e0dde2faf0817b', '258651cfd4ca41cbaa70d1b233659b5c', '5317369d69a34569ab106dcac5feeee3', NULL, NULL, NULL, NULL, NULL, NULL, NULL, NULL, NULL, NULL, NULL, NULL, NULL, NULL, NULL, NULL, NULL, 'ac88ceb386aa4231b09bf472cb937c24');
/*!40000 ALTER TABLE `base_group_leader` ENABLE KEYS */;

-- 正在导出表  ag_admin.base_group_member 的数据：~2 rows (大约)
/*!40000 ALTER TABLE `base_group_member` DISABLE KEYS */;
INSERT INTO `base_group_member` (`id`, `group_id`, `user_id`, `description`, `crt_time`, `crt_user`, `crt_name`, `crt_host`, `upd_time`, `upd_user`, `upd_name`, `upd_host`, `attr1`, `attr2`, `attr3`, `attr4`, `attr5`, `attr6`, `attr7`, `attr8`, `tenant_id`) VALUES
	('595d95c7375a49f78ac5dfe4419b9dcc', 'e25364701f3c47ec859058c70c0f468c', '06617a480a3d4ead9fdd66e22817e3ed', NULL, NULL, NULL, NULL, NULL, NULL, NULL, NULL, NULL, NULL, NULL, NULL, NULL, NULL, NULL, NULL, NULL, 'ac88ceb386aa4231b09bf472cb937c24'),
	('6379261c87d34d718c1b14e433fdf0fd', 'beb140a11d1249f9a29edb878fffa769', '91862ca642404c3a8877afa7ae2628a9', NULL, NULL, NULL, NULL, NULL, NULL, NULL, NULL, NULL, NULL, NULL, NULL, NULL, NULL, NULL, NULL, NULL, 'ac88ceb386aa4231b09bf472cb937c24'),
	('e932a1aaa51c4e2988e6244048ce874e', '153835e3242e4e0db43f836233e7f5ad', '0b9d28cbbc7e4fb19fae02aa64e155f1', NULL, NULL, NULL, NULL, NULL, NULL, NULL, NULL, NULL, NULL, NULL, NULL, NULL, NULL, NULL, NULL, NULL, 'ac88ceb386aa4231b09bf472cb937c24'),
	('eafbc6a0c9354c9998a5c164e0ac22d1', 'f589f6288e754051b4b1903a62ea6bf9', '0b9d28cbbc7e4fb19fae02aa64e155f1', NULL, NULL, NULL, NULL, NULL, NULL, NULL, NULL, NULL, NULL, NULL, NULL, NULL, NULL, NULL, NULL, NULL, 'ac88ceb386aa4231b09bf472cb937c24');
/*!40000 ALTER TABLE `base_group_member` ENABLE KEYS */;

-- 正在导出表  ag_admin.base_group_type 的数据：~3 rows (大约)
/*!40000 ALTER TABLE `base_group_type` DISABLE KEYS */;
INSERT INTO `base_group_type` (`id`, `code`, `name`, `description`, `crt_time`, `crt_user`, `crt_name`, `crt_host`, `upd_time`, `upd_user`, `upd_name`, `upd_host`, `attr1`, `attr2`, `attr3`, `attr4`, `attr5`, `attr6`, `attr7`, `attr8`, `tenant_id`) VALUES
	('df5d56d38aea4c83b80cbf9ca177943f', 'gggg', 'gggg', 'gggg', '2018-10-08 10:33:06', '1', 'Mr.AG', NULL, '2018-10-08 10:33:06', '1', 'Mr.AG', NULL, NULL, NULL, NULL, NULL, NULL, NULL, NULL, NULL, 'ac88ceb386aa4231b09bf472cb937c24'),
	('free', 'free', '自定义类型', 'sad', NULL, NULL, NULL, NULL, '2018-01-22 12:59:12', '1', 'Mr.AG', '127.0.0.1', NULL, NULL, NULL, NULL, NULL, NULL, NULL, NULL, NULL),
	('org', 'org', '岗位组（不可删）', NULL, NULL, NULL, NULL, NULL, '2017-08-25 17:52:43', '1', 'Mr.AG', '127.0.0.1', NULL, NULL, NULL, NULL, NULL, NULL, NULL, NULL, NULL),
	('role', 'role', '角色组（不可删）', 'role', NULL, NULL, NULL, NULL, '2017-08-25 17:52:37', '1', 'Mr.AG', '127.0.0.1', NULL, NULL, NULL, NULL, NULL, NULL, NULL, NULL, NULL);
/*!40000 ALTER TABLE `base_group_type` ENABLE KEYS */;

-- 正在导出表  ag_admin.base_menu 的数据：~39 rows (大约)
/*!40000 ALTER TABLE `base_menu` DISABLE KEYS */;
INSERT INTO `base_menu` (`id`, `code`, `title`, `parent_id`, `href`, `icon`, `type`, `order_num`, `description`, `path`, `enabled`, `crt_time`, `crt_user`, `crt_name`, `crt_host`, `upd_time`, `upd_user`, `upd_name`, `upd_host`, `attr1`, `attr2`, `attr3`, `attr4`, `attr5`, `attr6`, `attr7`, `attr8`, `tenant_id`) VALUES
	('0b2a074e02c04e9eb86124d30f295376', 'doyyy', '搞快点', 'b00959304e084f9987ede9ee5d2782ce', 'zzj/yyy', 'setting', 'menu', 0, 'addfgdgf', '/yyy/doyyy', NULL, '2018-09-27 10:16:50', '1', 'Mr.AG', NULL, '2018-09-27 10:16:50', '1', 'Mr.AG', NULL, '_import(\'zzj/yyy/index\')', NULL, NULL, NULL, NULL, NULL, NULL, NULL, 'ac88ceb386aa4231b09bf472cb937c24'),
	('1', 'userManager', '用户管理', '5', '/admin/user', 'user', 'menu', 1, '', '/adminSys/baseManager/userManager', NULL, NULL, NULL, NULL, NULL, '2018-01-23 15:35:50', '1', 'Mr.AG', '127.0.0.1', '_import(\'admin/user/index\')', NULL, NULL, NULL, NULL, NULL, NULL, NULL, NULL),
	('13', 'adminSys', '权限管理系统', '-1', '/base', 'setting', 'dirt', 0, '', '/adminSys', NULL, NULL, NULL, NULL, NULL, '2018-02-02 19:48:22', '1', 'Mr.AG', '127.0.0.1', 'Layout', NULL, NULL, NULL, NULL, NULL, NULL, NULL, NULL),
	('21', 'dictManager', '数据字典', '5', '', 'documentation', 'menu', 5, '', '/adminSys/baseManager/dictManager', NULL, NULL, NULL, NULL, NULL, '2018-02-04 14:48:47', '1', 'Mr.AG', NULL, NULL, NULL, NULL, NULL, NULL, NULL, NULL, NULL, NULL),
	('258fa7ce80fe45678c74941e8eefa54b', 'customEmpInfose', '员工花名册(附属)', '4148c14ed9db4e7f9ed297ff34db3ab1', 'custom/empinfose', 'user', 'menu', 1, '公司员工岗位职责划分汇总表（附属）', '/custom/customEmpInfose', NULL, '2018-09-28 11:44:14', '1', 'Mr.AG', NULL, '2018-09-28 11:44:14', '1', 'Mr.AG', NULL, NULL, NULL, NULL, NULL, NULL, NULL, NULL, NULL, 'ac88ceb386aa4231b09bf472cb937c24'),
	('27', 'gateLogManager', '操作日志', '5', '/admin/gateLog', 'log', 'menu', 6, '', '/adminSys/baseManager/gateLogManager', NULL, '2017-07-01 00:00:00', '1', 'admin', '0:0:0:0:0:0:0:1', '2017-09-05 22:32:55', '1', 'Mr.AG', '127.0.0.1', '_import(\'admin/gateLog/index\')', NULL, NULL, NULL, NULL, NULL, NULL, NULL, NULL),
	('28ec3885966640f896feed63193c3cff', 'test1', 'test1', '13', '/test1/test1', 'setting', 'menu', 0, NULL, '/adminSys/test1', NULL, '2018-10-08 10:57:08', '1', 'Mr.AG', NULL, '2018-10-08 10:58:42', '1', 'Mr.AG', NULL, '_import(\'test1/zjctest/index\')', NULL, NULL, NULL, NULL, NULL, NULL, NULL, 'ac88ceb386aa4231b09bf472cb937c24'),
	('29', 'authManager', '服务管理', '13', '/auth', 'service', 'dirt', 3, '服务权限管理', '/adminSys/authManager', NULL, '2017-12-26 19:54:45', '1', 'Mr.AG', '127.0.0.1', '2018-02-02 19:48:42', '1', 'Mr.AG', '127.0.0.1', NULL, NULL, NULL, NULL, NULL, NULL, NULL, NULL, NULL),
	('30', 'serviceManager', '服务权限管理', '29', '/auth/service', 'client', 'menu', 1, '服务管理', '/adminSys/authManager/serviceManager', NULL, '2017-12-26 19:56:06', '1', 'Mr.AG', '127.0.0.1', '2018-02-02 19:48:46', '1', 'Mr.AG', '127.0.0.1', NULL, NULL, NULL, NULL, NULL, NULL, NULL, NULL, NULL),
	('31', 'monitorManager', '监控运维管理', '13', NULL, 'setting', 'dirt', 3, NULL, '/adminSys/monitorManager', NULL, '2018-01-07 11:35:19', '1', 'Mr.AG', '127.0.0.1', '2018-02-04 22:33:41', '1', 'Mr.AG', '127.0.0.1', NULL, NULL, NULL, NULL, NULL, NULL, NULL, NULL, NULL),
	('33', 'serviceMonitorManager', '服务监控管理', '31', NULL, 'client', 'menu', 2, NULL, '/adminSys/monitorManager/serviceMonitorManager', NULL, '2018-01-07 11:38:13', '1', 'Mr.AG', '127.0.0.1', '2018-01-07 11:38:29', '1', 'Mr.AG', '127.0.0.1', NULL, NULL, NULL, NULL, NULL, NULL, NULL, NULL, NULL),
	('34', 'serviceEurekaManager', '服务注册管理', '31', NULL, 'client', 'menu', 1, NULL, '/adminSys/monitorManager/serviceEurekaManager', NULL, '2018-01-07 12:20:31', '1', 'Mr.AG', '127.0.0.1', '2018-01-07 12:20:31', '1', 'Mr.AG', '127.0.0.1', NULL, NULL, NULL, NULL, NULL, NULL, NULL, NULL, NULL),
	('342a587a51d647a1b53c6d97363cf428', 'appUserManager', '会员账户模块', '3a61b3472fc54332a38464fb03d309ec', NULL, 'user', 'menu', 1, NULL, '/appManager/appUserManager', NULL, '2018-05-26 09:53:44', '1', 'Mr.AG', NULL, '2018-09-27 09:51:37', '1', 'Mr.AG', NULL, NULL, NULL, NULL, NULL, NULL, NULL, NULL, NULL, 'ac88ceb386aa4231b09bf472cb937c24'),
	('35', 'serviceZipkinManager', '服务链路监控', '31', NULL, 'client', 'menu', 3, NULL, '/adminSys/monitorManager/serviceZipkinManager', NULL, '2018-01-07 17:58:14', '1', 'Mr.AG', '127.0.0.1', '2018-01-07 17:58:14', '1', 'Mr.AG', '127.0.0.1', NULL, NULL, NULL, NULL, NULL, NULL, NULL, NULL, NULL),
	('37fd42cd915b47d6a0efb32de484e595', 'zjctest', 'zjctest测试CRUD', 'c889c79388724a078d0e8724ba3e66a5', NULL, NULL, NULL, 0, NULL, '/shopManager/zjctest', NULL, '2018-09-30 15:34:27', '1', 'Mr.AG', NULL, '2018-09-30 15:34:27', '1', 'Mr.AG', NULL, '_import(\'app/zjctest/index\')', NULL, NULL, NULL, NULL, NULL, NULL, NULL, 'ac88ceb386aa4231b09bf472cb937c24'),
	('3a61b3472fc54332a38464fb03d309ec', 'appManager', '会员管理模块', '-1', NULL, 'app', 'dirt', 1, NULL, '/appManager', NULL, '2018-05-26 09:53:20', '1', 'Mr.AG', NULL, '2018-05-26 09:53:20', '1', 'Mr.AG', NULL, NULL, NULL, NULL, NULL, NULL, NULL, NULL, NULL, 'ac88ceb386aa4231b09bf472cb937c24'),
	('40', 'jobManager', '定时作业管理', '5', NULL, 'job', 'menu', 8, NULL, '/adminSys/baseManager/jobManager', NULL, '2018-03-09 19:56:55', '1', 'XDiamond', NULL, '2018-03-09 19:56:59', '1', 'XDiamond', '127.0.0.1', NULL, NULL, NULL, NULL, NULL, NULL, NULL, NULL, NULL),
	('4148c14ed9db4e7f9ed297ff34db3ab1', 'custom', '自定义模块', '-1', NULL, 'user', 'dirt', 0, NULL, '/custom', NULL, '2018-09-27 09:47:43', '1', 'Mr.AG', NULL, '2018-09-27 09:47:43', '1', 'Mr.AG', NULL, NULL, NULL, NULL, NULL, NULL, NULL, NULL, NULL, 'ac88ceb386aa4231b09bf472cb937c24'),
	('454f9b3de369463a93ef75492126b54e', 'studentTestManager', 'student管理', 'c889c79388724a078d0e8724ba3e66a5', NULL, 'user', 'menu', 0, NULL, '/shopManager/shopTestManager', NULL, '2018-09-19 11:17:19', '1', 'Mr.AG', NULL, '2018-09-19 16:53:14', '1', 'Mr.AG', NULL, NULL, NULL, NULL, NULL, NULL, NULL, NULL, NULL, 'ac88ceb386aa4231b09bf472cb937c24'),
	('5', 'baseManager', '基础配置管理', '13', '/admin', 'setting', 'dirt', 0, '', '/adminSys/baseManager', NULL, NULL, NULL, NULL, NULL, '2018-02-02 19:48:27', '1', 'Mr.AG', '127.0.0.1', 'Layout', NULL, NULL, NULL, NULL, NULL, NULL, NULL, NULL),
	('5ab06bbd22c245e7ae3f3be11c966573', 'gw3', '岗位测试菜单三', '-1', NULL, NULL, NULL, 0, NULL, '/gw3', NULL, '2018-09-29 14:47:35', '1', 'Mr.AG', NULL, '2018-09-29 14:47:35', '1', 'Mr.AG', NULL, NULL, NULL, NULL, NULL, NULL, NULL, NULL, NULL, 'ac88ceb386aa4231b09bf472cb937c24'),
	('6', 'menuManager', '菜单管理', '5', '/admin/menu', 'category', 'menu', 2, '', '/adminSys/baseManager/menuManager', NULL, NULL, NULL, NULL, NULL, '2017-09-05 21:10:25', '1', 'Mr.AG', '127.0.0.1', '_import(\'admin/menu/index\')', NULL, NULL, NULL, NULL, NULL, NULL, NULL, NULL),
	('68ee45b69c0f41cb9d6a5c33d46fb7a6', 'gatewayManager', '网关路由管理', '29', NULL, 'navigate', 'menu', 3, NULL, '/adminSys/authManager/gatewayManager', NULL, '2018-02-25 13:30:49', '1', 'Mr.AG', NULL, '2018-02-25 13:30:49', '1', 'Mr.AG', NULL, NULL, NULL, NULL, NULL, NULL, NULL, NULL, NULL, 'ac88ceb386aa4231b09bf472cb937c24'),
	('68ee45b69c0f41cb9d6a5c33d46fb8a6', 'oauthClientDetailsManager', '客户端管理', '29', NULL, 'navigate', 'menu', 4, NULL, '/adminSys/authManager/oauthClientDetailsManager', NULL, '2018-02-25 13:30:49', '1', 'Mr.AG', NULL, '2018-03-28 20:17:57', '1', 'Mr.AG', NULL, NULL, NULL, NULL, NULL, NULL, NULL, NULL, NULL, 'ac88ceb386aa4231b09bf472cb937c24'),
	('7', 'groupManager', '角色权限管理', '5', '/admin/group', 'group_fill', 'menu', 3, '', '/adminSys/baseManager/groupManager', NULL, NULL, NULL, NULL, NULL, '2017-09-05 21:11:34', '1', 'Mr.AG', '127.0.0.1', 'import(\'admin/group/index\')', NULL, NULL, NULL, NULL, NULL, NULL, NULL, NULL),
	('7494902cc9e948668e51f4596042b084', 'apiManager', '服务接口文档', '29', '/auth/api', 'documentation', 'menu', 2, NULL, '/adminSys/authManager/apiManager', NULL, '2018-02-07 13:28:05', '1', 'Mr.AG', NULL, '2018-02-07 13:30:42', '1', 'Mr.AG', NULL, NULL, NULL, NULL, NULL, NULL, NULL, NULL, NULL, NULL),
	('7574b969c9fa4e5895d6cc9c2b8a9a62', 'tenantManager', '租户管理', '5', '/admin/tenantManager', 'tenant', 'menu', 7, NULL, '/adminSys/baseManager/tenantManager', NULL, '2018-02-09 08:56:43', '1', 'Mr.AG', NULL, '2018-02-12 13:23:54', '1', 'Mr.AG', NULL, NULL, NULL, NULL, NULL, NULL, NULL, NULL, NULL, NULL),
	('7a0a75752c7d422abd2e30b7aad744d7', 'orgManager', '组织部门管理', '13', '/org', 'org', 'dirt', 2, NULL, '/adminSys/orgManager', NULL, '2018-02-04 22:33:33', '1', 'Mr.AG', NULL, '2018-02-04 22:35:57', '1', 'Mr.AG', NULL, NULL, NULL, NULL, NULL, NULL, NULL, NULL, NULL, NULL),
	('7ed2d4b54db94636a6016f3de91e25a9', 'customEmpInfo', '员工花名册', '4148c14ed9db4e7f9ed297ff34db3ab1', 'custom/empinfo', 'user', 'menu', 0, '公司员工岗位职责划分汇总表', '/custom/customEmpInfo', NULL, '2018-09-27 09:49:23', '1', 'Mr.AG', NULL, '2018-09-27 09:49:23', '1', 'Mr.AG', NULL, NULL, NULL, NULL, NULL, NULL, NULL, NULL, NULL, 'ac88ceb386aa4231b09bf472cb937c24'),
	('8', 'groupTypeManager', '角色类型管理', '5', '/admin/groupType', 'group', 'menu', 4, '', '/adminSys/baseManager/groupTypeManager', NULL, NULL, NULL, NULL, NULL, '2017-09-05 21:12:28', '1', 'Mr.AG', '127.0.0.1', '_import(\'admin/groupType/index\')', NULL, NULL, NULL, NULL, NULL, NULL, NULL, NULL),
	('88cc614ec8b64f07bea277c1e7aad076', 'personManager', '人员管理', 'c889c79388724a078d0e8724ba3e66a5', '/person/person', 'app', 'menu', 1, NULL, '/shopManager/personManager', NULL, '2018-09-27 17:23:18', '1', 'Mr.AG', NULL, '2018-09-27 17:23:43', '1', 'Mr.AG', NULL, '_import(\'person/person/index\')', NULL, NULL, NULL, NULL, NULL, NULL, NULL, 'ac88ceb386aa4231b09bf472cb937c24'),
	('a35abb5dc4ce407c9e1e9ba1e9ca4cff', 'maotestManager', '猫管理', 'be71cacc556d4858b3d759086da2194f', NULL, 'user', 'menu', 1, NULL, '/maoManager/maotestManager', NULL, '2018-09-27 10:14:51', '1', 'Mr.AG', NULL, '2018-09-27 16:35:07', '1', 'woozoom', NULL, NULL, NULL, NULL, NULL, NULL, NULL, NULL, NULL, 'ac88ceb386aa4231b09bf472cb937c24'),
	('ab111f0fb8ab485da264585c8afdbff4', 'newstudentManager', '新测试学生', 'c889c79388724a078d0e8724ba3e66a5', NULL, 'app', 'menu', 0, '测试', '/shopManager/newstudentManager', NULL, '2018-09-30 10:38:12', '1', 'Mr.AG', NULL, '2018-09-30 10:38:12', '1', 'Mr.AG', NULL, NULL, NULL, NULL, NULL, NULL, NULL, NULL, NULL, 'ac88ceb386aa4231b09bf472cb937c24'),
	('b00959304e084f9987ede9ee5d2782ce', 'yyy', 'yyyguanli', '-1', 'zzj', 'setting', 'dirt', 0, 'asdfasdfasdf', '/yyy', NULL, '2018-09-27 10:15:44', '1', 'Mr.AG', NULL, '2018-09-27 10:15:44', '1', 'Mr.AG', NULL, NULL, NULL, NULL, NULL, NULL, NULL, NULL, NULL, 'ac88ceb386aa4231b09bf472cb937c24'),
	('b5211cc69d234b28a97f27e63edc9a58', 'departManager', '部门管理', '7a0a75752c7d422abd2e30b7aad744d7', '/org/depart', 'depart', 'menu', 1, NULL, '/adminSys/orgManager/departManager', NULL, '2018-02-04 22:40:01', '1', 'Mr.AG', NULL, '2018-02-04 22:40:01', '1', 'Mr.AG', NULL, NULL, NULL, NULL, NULL, NULL, NULL, NULL, NULL, NULL),
	('be71cacc556d4858b3d759086da2194f', 'maoManager', '猫', '-1', NULL, 'app', 'dirt', 1, NULL, '/maoManager', NULL, '2018-09-27 10:13:32', '1', 'Mr.AG', NULL, '2018-09-27 15:54:02', '1', 'woozoom', NULL, NULL, NULL, NULL, NULL, NULL, NULL, NULL, NULL, 'ac88ceb386aa4231b09bf472cb937c24'),
	('c889c79388724a078d0e8724ba3e66a5', 'studentManager', '测试student管理模块', '-1', NULL, 'app', 'dirt', 0, NULL, '/shopManager', NULL, '2018-09-19 11:16:08', '1', 'Mr.AG', NULL, '2018-09-19 16:52:56', '1', 'Mr.AG', NULL, NULL, NULL, NULL, NULL, NULL, NULL, NULL, NULL, 'ac88ceb386aa4231b09bf472cb937c24'),
	('e297bed8d3b6401995cfcb6aed410d2e', 'gw1', '岗位测试菜单一', '-1', NULL, NULL, NULL, 0, NULL, '/gw1', NULL, '2018-09-29 14:47:08', '1', 'Mr.AG', NULL, '2018-09-29 14:47:08', '1', 'Mr.AG', NULL, NULL, NULL, NULL, NULL, NULL, NULL, NULL, NULL, 'ac88ceb386aa4231b09bf472cb937c24'),
	('f8c892c21e424ed8be7fa5204a308c41', 'gw2', '岗位测试菜单二', '-1', NULL, NULL, NULL, 0, NULL, '/gw2', NULL, '2018-09-29 14:47:21', '1', 'Mr.AG', NULL, '2018-09-29 14:47:21', '1', 'Mr.AG', NULL, NULL, NULL, NULL, NULL, NULL, NULL, NULL, NULL, 'ac88ceb386aa4231b09bf472cb937c24');
/*!40000 ALTER TABLE `base_menu` ENABLE KEYS */;

-- 正在导出表  ag_admin.base_position 的数据：~8 rows (大约)
/*!40000 ALTER TABLE `base_position` DISABLE KEYS */;
INSERT INTO `base_position` (`id`, `name`, `code`, `depart_id`, `type`, `crt_user_name`, `crt_user_id`, `crt_time`, `upd_user_name`, `upd_user_id`, `upd_time`, `attr1`, `attr2`, `attr3`, `attr4`, `tenant_id`) VALUES
	('107ac1187a5b40e6b32981dc3ef479f7', '事业部废物岗位', 'shiyebufeiwu', '8c9894e74bb44a32b765d8fb833ff07f', 'role', 'Mr.AG', '1', '2018-09-27 14:20:30', 'Mr.AG', '1', '2018-09-27 16:16:07', NULL, NULL, NULL, NULL, 'ac88ceb386aa4231b09bf472cb937c24'),
	('31e292a5da424bcab01fbef67ed87329', '无惧科技总经理', 'wujukejizongjingli', '77ae572fe29b43c68a2e0bb6419de039', 'role', 'Mr.AG', '1', '2018-09-26 09:22:28', 'Mr.AG', '1', '2018-09-26 09:22:28', NULL, NULL, NULL, NULL, 'ac88ceb386aa4231b09bf472cb937c24'),
	('3a2a789fff5d493c87c7c5dd849c9765', '弟中弟岗位', 'dzhongd', '9d2d091c3ca44f81827e5da13a79bada', 'role', 'Mr.AG', '1', '2018-09-27 14:20:48', 'Mr.AG', '1', '2018-09-27 16:16:11', NULL, NULL, NULL, NULL, 'ac88ceb386aa4231b09bf472cb937c24'),
	('3c909926cc55414181feed50ccb76140', '唯一带哥岗位', 'daige', 'd522249a6e4040ab880b977441960edc', 'role', 'Mr.AG', '1', '2018-09-27 14:19:25', 'Mr.AG', '1', '2018-09-27 16:15:49', NULL, NULL, NULL, NULL, 'ac88ceb386aa4231b09bf472cb937c24'),
	('7e36de08e55f41a888cdcc987e9fd6e5', '集团老弟岗位', 'jituanlaodi', '8211a0dc7a8c45788c7ce61428d55bd1', 'role', 'Mr.AG', '1', '2018-09-27 14:20:12', 'Mr.AG', '1', '2018-09-27 16:16:00', NULL, NULL, NULL, NULL, 'ac88ceb386aa4231b09bf472cb937c24'),
	('85ae6a5549fc4f49b41a64e156fb273c', '哈哈岗位', 'haha', 'd522249a6e4040ab880b977441960edc', 'role', 'Mr.AG', '1', '2018-09-27 17:14:36', 'Mr.AG', '1', '2018-09-27 17:14:36', NULL, NULL, NULL, NULL, 'ac88ceb386aa4231b09bf472cb937c24'),
	('8fe544316aa6440abf0c344304b3c2e7', '无距科技职员', 'wujukejizhiyuan', '77ae572fe29b43c68a2e0bb6419de039', 'role', 'Mr.AG', '1', '2018-09-26 09:23:07', 'Mr.AG', '1', '2018-09-26 09:23:07', NULL, NULL, NULL, NULL, 'ac88ceb386aa4231b09bf472cb937c24'),
	('9c2f9ab789634c2ca11456a1f28b3545', '部门经理', '12', 'root', 'flow', 'Mr.AG', '1', '2018-02-15 10:57:28', 'Mr.AG', '1', '2018-04-04 19:15:18', NULL, NULL, NULL, NULL, 'ac88ceb386aa4231b09bf472cb937c24'),
	('c5f51dcdb64f4706acb4caa867359721', '董事长', 'dongshiz', 'd8bb2fc8d51745458f77a78c42bf60ab', NULL, '测试租户', 'a1a2cb17b4f24e50bbde2f1b8a233bcb', '2018-02-13 00:14:19', '测试租户', 'a1a2cb17b4f24e50bbde2f1b8a233bcb', '2018-02-13 00:14:19', NULL, NULL, NULL, NULL, '1ec08564dcc344018d6aaa910068f0f0'),
	('ca99452081244f20b1ffd7f0b7f504f3', 'hhh', 'hhh', 'd522249a6e4040ab880b977441960edc', 'role', 'Mr.AG', '1', '2018-10-08 10:40:02', 'Mr.AG', '1', '2018-10-08 10:40:03', NULL, NULL, NULL, NULL, 'ac88ceb386aa4231b09bf472cb937c24'),
	('fc440d925e2f456997f6dc8afb57558d', 'web开发', '9527', 'edb9655b4c5d40f09a120fce7bf9f585', 'role', 'Mr.AG', '1', '2018-09-30 09:33:31', 'Mr.AG', '1', '2018-09-30 09:33:31', NULL, NULL, NULL, NULL, 'ac88ceb386aa4231b09bf472cb937c24');
/*!40000 ALTER TABLE `base_position` ENABLE KEYS */;

-- 正在导出表  ag_admin.base_position_depart 的数据：~8 rows (大约)
/*!40000 ALTER TABLE `base_position_depart` DISABLE KEYS */;
INSERT INTO `base_position_depart` (`id`, `position_id`, `depart_id`, `tenant_id`) VALUES
	('04128ab39bdd4489a817a7d81470b60c', 'fc440d925e2f456997f6dc8afb57558d', '77fcbc270cfb43b7961f8f3101349a4d', 'ac88ceb386aa4231b09bf472cb937c24'),
	('06fcf4a245574548b26483a7935d6b80', 'c5f51dcdb64f4706acb4caa867359721', '2b06ea24a3cf40659c183da3242cc669', '1ec08564dcc344018d6aaa910068f0f0'),
	('52e4769712644574b510375d2cd67193', '9c2f9ab789634c2ca11456a1f28b3545', 'root', 'ac88ceb386aa4231b09bf472cb937c24'),
	('579c04d570c14258beaa43489e527dcb', 'fc440d925e2f456997f6dc8afb57558d', 'edb9655b4c5d40f09a120fce7bf9f585', 'ac88ceb386aa4231b09bf472cb937c24'),
	('82785db096eb4a22aeccb4cb3b79b673', '31e292a5da424bcab01fbef67ed87329', 'b1c797c1ca6d44b8b5bec219252d3938', 'ac88ceb386aa4231b09bf472cb937c24'),
	('9bdbd4ac7c5a4dab9e398070027e5d5a', '31e292a5da424bcab01fbef67ed87329', '77ae572fe29b43c68a2e0bb6419de039', 'ac88ceb386aa4231b09bf472cb937c24'),
	('a3b52b00c9db421dac71a0cf8515292f', 'c5f51dcdb64f4706acb4caa867359721', '8782fcb72842440fa3254bf72717d7b0', '1ec08564dcc344018d6aaa910068f0f0'),
	('a56fa87a91024418bcb9c455eb6dbe4a', 'c5f51dcdb64f4706acb4caa867359721', 'a269b706b0b34ee89dd7e8e08e8514bc', '1ec08564dcc344018d6aaa910068f0f0'),
	('db70f3109a8a42248996112a4296ec78', '8fe544316aa6440abf0c344304b3c2e7', '77ae572fe29b43c68a2e0bb6419de039', 'ac88ceb386aa4231b09bf472cb937c24'),
	('e9e7ae7b39ec4b1095005a1d58a96db0', 'c5f51dcdb64f4706acb4caa867359721', '6cc8e1c706ec4119afbf12bf1da2b9ad', '1ec08564dcc344018d6aaa910068f0f0');
/*!40000 ALTER TABLE `base_position_depart` ENABLE KEYS */;

-- 正在导出表  ag_admin.base_position_group 的数据：~7 rows (大约)
/*!40000 ALTER TABLE `base_position_group` DISABLE KEYS */;
INSERT INTO `base_position_group` (`id`, `position_id`, `group_id`, `tenant_id`) VALUES
	('31d21ab4897940a7a36cfa8488394fff', '3c909926cc55414181feed50ccb76140', 'beb140a11d1249f9a29edb878fffa769', 'ac88ceb386aa4231b09bf472cb937c24'),
	('337f201d2f91437f8106a0005f4b9cfe', 'fc440d925e2f456997f6dc8afb57558d', 'f589f6288e754051b4b1903a62ea6bf9', 'ac88ceb386aa4231b09bf472cb937c24'),
	('4eb85c39babc44b5ab3c0dcc569068b2', 'ba87c899a1404f43bb3caa3c072a88cc', '366af0a7fd79453fbe54c0d24917ec4b', '1ec08564dcc344018d6aaa910068f0f0'),
	('89c1323cbf384f2eaf1305523a3eb142', '3c909926cc55414181feed50ccb76140', 'e25364701f3c47ec859058c70c0f468c', 'ac88ceb386aa4231b09bf472cb937c24'),
	('9e37d84d4daa4dcc95beaf61300d6cf6', '9c2f9ab789634c2ca11456a1f28b3545', '0073c2ae7290478d92bd62750fc3da77', 'ac88ceb386aa4231b09bf472cb937c24'),
	('a0bf58f1c9464fd9960a14e8326ea315', '31e292a5da424bcab01fbef67ed87329', '0073c2ae7290478d92bd62750fc3da77', 'ac88ceb386aa4231b09bf472cb937c24'),
	('d020f0f465104f5ca32b1a00a3a81836', 'c5f51dcdb64f4706acb4caa867359721', '366af0a7fd79453fbe54c0d24917ec4b', '1ec08564dcc344018d6aaa910068f0f0'),
	('fefd689647ed4a8f9120b2103d13c0c8', 'ca99452081244f20b1ffd7f0b7f504f3', 'e25364701f3c47ec859058c70c0f468c', 'ac88ceb386aa4231b09bf472cb937c24');
/*!40000 ALTER TABLE `base_position_group` ENABLE KEYS */;

-- 正在导出表  ag_admin.base_position_user 的数据：~4 rows (大约)
/*!40000 ALTER TABLE `base_position_user` DISABLE KEYS */;
INSERT INTO `base_position_user` (`id`, `position_id`, `user_id`, `tenant_id`) VALUES
	('0b2291c52744405495b0d1db7c339a42', '31e292a5da424bcab01fbef67ed87329', '8d046325f5174e66bf6461cb4a51a76c', 'ac88ceb386aa4231b09bf472cb937c24'),
	('30366d57e3914cdeaff3676e5d3e1d61', 'ba87c899a1404f43bb3caa3c072a88cc', '59c28b8593c2472e99e54e3ed9b6efe8', '1ec08564dcc344018d6aaa910068f0f0'),
	('393482d8bd994ead9b1150285162bc45', '9c2f9ab789634c2ca11456a1f28b3545', '59c28b8593c2472e99e54e3ed9b6efe8', 'ac88ceb386aa4231b09bf472cb937c24'),
	('39647b1271564a85a02173d9d9de0224', '3c909926cc55414181feed50ccb76140', '06617a480a3d4ead9fdd66e22817e3ed', 'ac88ceb386aa4231b09bf472cb937c24'),
	('43e76007d823486080d0cb7aa089a00f', '3a2a789fff5d493c87c7c5dd849c9765', '06617a480a3d4ead9fdd66e22817e3ed', 'ac88ceb386aa4231b09bf472cb937c24'),
	('8db1999de9cc48c9970fb4e9f223c6b0', '31e292a5da424bcab01fbef67ed87329', 'feedbcf7c98c4fafa7ea353480457d60', 'ac88ceb386aa4231b09bf472cb937c24'),
	('933f756933dd46e4b3efd1c1e8805359', '9c2f9ab789634c2ca11456a1f28b3545', '0b9d28cbbc7e4fb19fae02aa64e155f1', 'ac88ceb386aa4231b09bf472cb937c24');
/*!40000 ALTER TABLE `base_position_user` ENABLE KEYS */;

-- 正在导出表  ag_admin.base_resource_authority 的数据：~611 rows (大约)
/*!40000 ALTER TABLE `base_resource_authority` DISABLE KEYS */;
INSERT INTO `base_resource_authority` (`id`, `authority_id`, `authority_type`, `resource_id`, `resource_type`, `parent_id`, `path`, `description`, `crt_time`, `crt_user`, `crt_name`, `crt_host`, `attr1`, `attr2`, `attr3`, `attr4`, `attr5`, `attr6`, `attr7`, `attr8`, `tenant_id`, `type`) VALUES
	('0031006a501e4c6a8be3418d5adfa90c', '0073c2ae7290478d92bd62750fc3da77', 'group', '59', 'button', '-1', NULL, NULL, '2018-10-09 09:29:06', '1', 'Mr.AG', NULL, NULL, NULL, NULL, NULL, NULL, NULL, NULL, NULL, 'ac88ceb386aa4231b09bf472cb937c24', '0'),
	('0081d4d20fc343d3948a3d435ada1e58', '058dc6111eb94055b100015f0fe4b5be', 'group', 'd6b714eff47a42d0a654e55c39304dd5', 'button', '-1', NULL, NULL, '2018-09-27 16:47:31', '1', 'Mr.AG', NULL, NULL, NULL, NULL, NULL, NULL, NULL, NULL, NULL, 'ac88ceb386aa4231b09bf472cb937c24', '1'),
	('00c911a324e0498fa8dc8cda500fb2b4', 'b0bfc23bd12f47418044c556405b52ac', 'group', '21', 'button', '-1', NULL, NULL, '2018-03-06 11:34:07', 'a1a2cb17b4f24e50bbde2f1b8a233bcb', '测试租户', NULL, NULL, NULL, NULL, NULL, NULL, NULL, NULL, NULL, '1ec08564dcc344018d6aaa910068f0f0', '0'),
	('01cf58fdbc7d4e129ed3184011d57599', 'e25364701f3c47ec859058c70c0f468c', 'group', '5ab06bbd22c245e7ae3f3be11c966573', 'menu', '-1', NULL, NULL, '2018-10-08 10:31:18', '1', 'Mr.AG', NULL, NULL, NULL, NULL, NULL, NULL, NULL, NULL, NULL, 'ac88ceb386aa4231b09bf472cb937c24', '0'),
	('024b976caef240abb5ebb8b0a4f82c84', '058dc6111eb94055b100015f0fe4b5be', 'group', '261687195b814cfc838bf1d45954abb3', 'button', '-1', NULL, NULL, '2018-09-27 16:30:14', '1', 'Mr.AG', NULL, NULL, NULL, NULL, NULL, NULL, NULL, NULL, NULL, 'ac88ceb386aa4231b09bf472cb937c24', '0'),
	('027dc92f567547a98a3e68dcb05a499b', '058dc6111eb94055b100015f0fe4b5be', 'group', '6', 'menu', '-1', NULL, NULL, '2018-09-29 14:50:18', '1', 'Mr.AG', NULL, NULL, NULL, NULL, NULL, NULL, NULL, NULL, NULL, 'ac88ceb386aa4231b09bf472cb937c24', '1'),
	('02bd3893524c4543af9a474b1c5cae7c', '058dc6111eb94055b100015f0fe4b5be', 'group', '14', 'button', '-1', NULL, NULL, '2018-09-27 16:47:21', '1', 'Mr.AG', NULL, NULL, NULL, NULL, NULL, NULL, NULL, NULL, NULL, 'ac88ceb386aa4231b09bf472cb937c24', '1'),
	('0303865e1bf94289961fb82a20a565d5', '058dc6111eb94055b100015f0fe4b5be', 'group', '68ee45b69c0f41cb9d6a5c33d46fb7a6', 'menu', '-1', NULL, NULL, '2018-09-29 14:50:18', '1', 'Mr.AG', NULL, NULL, NULL, NULL, NULL, NULL, NULL, NULL, NULL, 'ac88ceb386aa4231b09bf472cb937c24', '1'),
	('03411b349ac643109effff8fa1c0b793', '0073c2ae7290478d92bd62750fc3da77', 'group', '7494902cc9e948668e51f4596042b084', 'menu', '-1', NULL, NULL, '2018-10-09 10:37:11', '1', 'Mr.AG', NULL, NULL, NULL, NULL, NULL, NULL, NULL, NULL, NULL, 'ac88ceb386aa4231b09bf472cb937c24', '1'),
	('03516a0ae1e54d4ab94f00131c84786f', 'beb140a11d1249f9a29edb878fffa769', 'group', '4ee4f57a2d92494abe2595bff4f32057', 'button', '-1', NULL, NULL, '2018-09-28 10:02:40', '1', 'Mr.AG', NULL, NULL, NULL, NULL, NULL, NULL, NULL, NULL, NULL, 'ac88ceb386aa4231b09bf472cb937c24', '0'),
	('035cb9004aec4d44aa8098af09908024', '258651cfd4ca41cbaa70d1b233659b5c', 'group', '13', 'menu', '-1', NULL, NULL, '2018-10-10 14:47:54', '1', 'Mr.AG', NULL, NULL, NULL, NULL, NULL, NULL, NULL, NULL, NULL, 'ac88ceb386aa4231b09bf472cb937c24', '0'),
	('037643e6cc0b4103a42dcf70879d8498', '0cb6b830548840bd911cf89e1045874f', 'group', '34', 'menu', '-1', NULL, NULL, '2018-09-27 14:57:37', '1', 'woozoom', NULL, NULL, NULL, NULL, NULL, NULL, NULL, NULL, NULL, 'ac88ceb386aa4231b09bf472cb937c24', '0'),
	('04171d8ffa1344a4b21e67a774601bb7', '058dc6111eb94055b100015f0fe4b5be', 'group', '31', 'menu', '-1', NULL, NULL, '2018-09-29 14:50:18', '1', 'Mr.AG', NULL, NULL, NULL, NULL, NULL, NULL, NULL, NULL, NULL, 'ac88ceb386aa4231b09bf472cb937c24', '1'),
	('042b2dda1dd244f08c48f1531c391d5d', '0073c2ae7290478d92bd62750fc3da77', 'group', '103593127199487794f9fd8fd573db5f', 'button', '-1', NULL, NULL, '2018-10-09 09:29:06', '1', 'Mr.AG', NULL, NULL, NULL, NULL, NULL, NULL, NULL, NULL, NULL, 'ac88ceb386aa4231b09bf472cb937c24', '0'),
	('042b53721f744a7da3ddf14e0b2fd78e', '258651cfd4ca41cbaa70d1b233659b5c', 'group', 'b5211cc69d234b28a97f27e63edc9a58', 'menu', '-1', NULL, NULL, '2018-10-10 14:47:54', '1', 'Mr.AG', NULL, NULL, NULL, NULL, NULL, NULL, NULL, NULL, NULL, 'ac88ceb386aa4231b09bf472cb937c24', '0'),
	('0455eba1449d45fb91d8bbb3289dc5c4', 'beb140a11d1249f9a29edb878fffa769', 'group', '15', 'button', '-1', NULL, NULL, '2018-09-28 10:02:37', '1', 'Mr.AG', NULL, NULL, NULL, NULL, NULL, NULL, NULL, NULL, NULL, 'ac88ceb386aa4231b09bf472cb937c24', '0'),
	('046d27307d2747bf8f8e8ea5aa4c7627', 'beb140a11d1249f9a29edb878fffa769', 'group', '2b7b250b2b7346759938a05da57d2fcb', 'button', '-1', NULL, NULL, '2018-09-28 10:02:50', '1', 'Mr.AG', NULL, NULL, NULL, NULL, NULL, NULL, NULL, NULL, NULL, 'ac88ceb386aa4231b09bf472cb937c24', '0'),
	('0563e82a77b24db090aa6fd627727524', '058dc6111eb94055b100015f0fe4b5be', 'group', '1', 'menu', '-1', NULL, NULL, '2018-09-29 14:50:18', '1', 'Mr.AG', NULL, NULL, NULL, NULL, NULL, NULL, NULL, NULL, NULL, 'ac88ceb386aa4231b09bf472cb937c24', '1'),
	('05a3fdb9fc4c4a42846639aca8ae2cd3', '058dc6111eb94055b100015f0fe4b5be', 'group', '46', 'button', '-1', NULL, NULL, '2018-09-27 16:30:03', '1', 'Mr.AG', NULL, NULL, NULL, NULL, NULL, NULL, NULL, NULL, NULL, 'ac88ceb386aa4231b09bf472cb937c24', '0'),
	('05cb762d85e94fd79f34bdd5a5b9bfed', '258651cfd4ca41cbaa70d1b233659b5c', 'group', '13', 'button', '-1', NULL, NULL, '2018-10-09 09:35:20', '1', 'Mr.AG', NULL, NULL, NULL, NULL, NULL, NULL, NULL, NULL, NULL, 'ac88ceb386aa4231b09bf472cb937c24', '0'),
	('06192a5d2b0a4b8d8e6904356950c404', '058dc6111eb94055b100015f0fe4b5be', 'group', '6d7ea83bb71d476dbfbda2bcbc1a01bd', 'button', '-1', NULL, NULL, '2018-09-27 16:30:01', '1', 'Mr.AG', NULL, NULL, NULL, NULL, NULL, NULL, NULL, NULL, NULL, 'ac88ceb386aa4231b09bf472cb937c24', '0'),
	('066227dadc524d10a91fb0ce24a4cd5d', 'b0bfc23bd12f47418044c556405b52ac', 'group', '19', 'button', '-1', NULL, NULL, '2018-03-06 11:34:07', 'a1a2cb17b4f24e50bbde2f1b8a233bcb', '测试租户', NULL, NULL, NULL, NULL, NULL, NULL, NULL, NULL, NULL, '1ec08564dcc344018d6aaa910068f0f0', '0'),
	('0671f039be044f289facbae367eae4ae', '058dc6111eb94055b100015f0fe4b5be', 'group', '28', 'button', '-1', NULL, NULL, '2018-09-27 16:27:30', '1', 'Mr.AG', NULL, NULL, NULL, NULL, NULL, NULL, NULL, NULL, NULL, 'ac88ceb386aa4231b09bf472cb937c24', '0'),
	('06fee1bc4f71488ab7d312bf8afeb5cc', 'beb140a11d1249f9a29edb878fffa769', 'group', '18', 'button', '-1', NULL, NULL, '2018-09-28 10:02:40', '1', 'Mr.AG', NULL, NULL, NULL, NULL, NULL, NULL, NULL, NULL, NULL, 'ac88ceb386aa4231b09bf472cb937c24', '0'),
	('0757704647af4651ab9e19daa52f5cb7', '366af0a7fd79453fbe54c0d24917ec4b', 'group', '1', 'menu', '-1', NULL, NULL, NULL, NULL, NULL, NULL, NULL, NULL, NULL, NULL, NULL, NULL, NULL, NULL, NULL, '0'),
	('07939f74aee141019405fb6e69515bc6', 'f589f6288e754051b4b1903a62ea6bf9', 'group', '7ed2d4b54db94636a6016f3de91e25a9', 'menu', '-1', NULL, NULL, '2018-09-30 11:37:10', '1', 'Mr.AG', NULL, NULL, NULL, NULL, NULL, NULL, NULL, NULL, NULL, 'ac88ceb386aa4231b09bf472cb937c24', '0'),
	('07a42966c735446b87c3df4efd5f9e62', '258651cfd4ca41cbaa70d1b233659b5c', 'group', '28', 'button', '-1', NULL, NULL, '2018-09-28 09:47:47', '1', 'Mr.AG', NULL, NULL, NULL, NULL, NULL, NULL, NULL, NULL, NULL, 'ac88ceb386aa4231b09bf472cb937c24', '0'),
	('07c6f924b3214d1693075ab4804c0937', '058dc6111eb94055b100015f0fe4b5be', 'group', '49', 'button', '-1', NULL, NULL, '2018-09-27 16:29:52', '1', 'Mr.AG', NULL, NULL, NULL, NULL, NULL, NULL, NULL, NULL, NULL, 'ac88ceb386aa4231b09bf472cb937c24', '0'),
	('07e11c32d73e44e39d8fb518abc30c84', '0cb6b830548840bd911cf89e1045874f', 'group', 'a35abb5dc4ce407c9e1e9ba1e9ca4cff', 'menu', '-1', NULL, NULL, '2018-09-27 14:57:37', '1', 'woozoom', NULL, NULL, NULL, NULL, NULL, NULL, NULL, NULL, NULL, 'ac88ceb386aa4231b09bf472cb937c24', '0'),
	('08d1173fcf9641048121b5d499920811', '058dc6111eb94055b100015f0fe4b5be', 'group', '7a16202657c3478c8b4ece27a792e026', 'button', '-1', NULL, NULL, '2018-09-27 16:30:02', '1', 'Mr.AG', NULL, NULL, NULL, NULL, NULL, NULL, NULL, NULL, NULL, 'ac88ceb386aa4231b09bf472cb937c24', '0'),
	('0931a4cfc7914916b727cdeb2a8cce44', '058dc6111eb94055b100015f0fe4b5be', 'group', 'c889c79388724a078d0e8724ba3e66a5', 'menu', '-1', NULL, NULL, '2018-09-29 14:50:01', '1', 'Mr.AG', NULL, NULL, NULL, NULL, NULL, NULL, NULL, NULL, NULL, 'ac88ceb386aa4231b09bf472cb937c24', '0'),
	('09a838c7408a4389a3fe2cfa6c282025', '058dc6111eb94055b100015f0fe4b5be', 'group', '2b7b250b2b7346759938a05da57d2fcb', 'button', '-1', NULL, NULL, '2018-09-27 16:29:56', '1', 'Mr.AG', NULL, NULL, NULL, NULL, NULL, NULL, NULL, NULL, NULL, 'ac88ceb386aa4231b09bf472cb937c24', '0'),
	('09b624917b524a6db6e28e675f4a2c81', '0073c2ae7290478d92bd62750fc3da77', 'group', '45', 'button', '-1', NULL, NULL, '2018-10-09 10:36:58', '1', 'Mr.AG', NULL, NULL, NULL, NULL, NULL, NULL, NULL, NULL, NULL, 'ac88ceb386aa4231b09bf472cb937c24', '1'),
	('09ba4ea83cb841a6a476095ca9a46c4a', '058dc6111eb94055b100015f0fe4b5be', 'group', '41', 'button', '-1', NULL, NULL, '2018-09-27 16:47:28', '1', 'Mr.AG', NULL, NULL, NULL, NULL, NULL, NULL, NULL, NULL, NULL, 'ac88ceb386aa4231b09bf472cb937c24', '1'),
	('09ddbdc508c44b7fbf0c6912e766f08c', '058dc6111eb94055b100015f0fe4b5be', 'group', '2f990966f539453a89d75a49cf145d89', 'button', '-1', NULL, NULL, '2018-09-27 16:47:53', '1', 'Mr.AG', NULL, NULL, NULL, NULL, NULL, NULL, NULL, NULL, NULL, 'ac88ceb386aa4231b09bf472cb937c24', '1'),
	('0a406ee424ff46e99f486a157f472e5a', 'f589f6288e754051b4b1903a62ea6bf9', 'group', '34', 'menu', '-1', NULL, NULL, '2018-09-30 11:37:10', '1', 'Mr.AG', NULL, NULL, NULL, NULL, NULL, NULL, NULL, NULL, NULL, 'ac88ceb386aa4231b09bf472cb937c24', '0'),
	('0ac221fa11144759b8dbc4746b0f0e5b', '153835e3242e4e0db43f836233e7f5ad', 'group', '7574b969c9fa4e5895d6cc9c2b8a9a62', 'menu', '-1', NULL, NULL, '2018-09-30 11:35:26', '1', 'Mr.AG', NULL, NULL, NULL, NULL, NULL, NULL, NULL, NULL, NULL, 'ac88ceb386aa4231b09bf472cb937c24', '0'),
	('0af4f91ddf094d9faf24f898b577937b', 'f589f6288e754051b4b1903a62ea6bf9', 'group', '7a0a75752c7d422abd2e30b7aad744d7', 'menu', '-1', NULL, NULL, '2018-09-30 11:37:10', '1', 'Mr.AG', NULL, NULL, NULL, NULL, NULL, NULL, NULL, NULL, NULL, 'ac88ceb386aa4231b09bf472cb937c24', '0'),
	('0b65c6e846d44793a7a411b6d6c2e8d5', '258651cfd4ca41cbaa70d1b233659b5c', 'group', '5', 'button', '-1', NULL, NULL, NULL, NULL, NULL, NULL, NULL, NULL, NULL, NULL, NULL, NULL, NULL, NULL, NULL, '1'),
	('0bc4e7123752495f8e2ed903e1a927f0', '0073c2ae7290478d92bd62750fc3da77', 'group', '53', 'button', '-1', NULL, NULL, '2018-10-09 09:32:07', '1', 'Mr.AG', NULL, NULL, NULL, NULL, NULL, NULL, NULL, NULL, NULL, 'ac88ceb386aa4231b09bf472cb937c24', '1'),
	('0c9ed5b75eff4e0da05ca80e47d88ad3', '258651cfd4ca41cbaa70d1b233659b5c', 'group', '7a16202657c3478c8b4ece27a792e026', 'button', '-1', NULL, NULL, NULL, NULL, NULL, NULL, NULL, NULL, NULL, NULL, NULL, NULL, NULL, NULL, NULL, '0'),
	('0d48e76cf6c144279b0a91f27d7c2b06', '058dc6111eb94055b100015f0fe4b5be', 'group', '7a0a75752c7d422abd2e30b7aad744d7', 'menu', '-1', NULL, NULL, '2018-09-29 14:50:01', '1', 'Mr.AG', NULL, NULL, NULL, NULL, NULL, NULL, NULL, NULL, NULL, 'ac88ceb386aa4231b09bf472cb937c24', '0'),
	('0d7711b05e1d4388b156644822701bf7', '0073c2ae7290478d92bd62750fc3da77', 'group', '13', 'menu', '-1', NULL, NULL, '2018-10-09 10:45:43', '1', 'Mr.AG', NULL, NULL, NULL, NULL, NULL, NULL, NULL, NULL, NULL, 'ac88ceb386aa4231b09bf472cb937c24', '0'),
	('0e35f3f47d07402daa82c13e4bd1eeea', '258651cfd4ca41cbaa70d1b233659b5c', 'group', '57', 'button', '-1', NULL, NULL, NULL, NULL, NULL, NULL, NULL, NULL, NULL, NULL, NULL, NULL, NULL, NULL, NULL, '1'),
	('0e87d97947ff4bfc90cd086232450e3f', '058dc6111eb94055b100015f0fe4b5be', 'group', 'ce21d798f8fc44cd9379086ffe236ce6', 'button', '-1', NULL, NULL, '2018-09-27 16:30:23', '1', 'Mr.AG', NULL, NULL, NULL, NULL, NULL, NULL, NULL, NULL, NULL, 'ac88ceb386aa4231b09bf472cb937c24', '0'),
	('0f1457e3dc6f4a63a29927bb7a6ebd42', '258651cfd4ca41cbaa70d1b233659b5c', 'group', '54', 'button', '-1', NULL, NULL, '2018-10-09 09:35:27', '1', 'Mr.AG', NULL, NULL, NULL, NULL, NULL, NULL, NULL, NULL, NULL, 'ac88ceb386aa4231b09bf472cb937c24', '0'),
	('0feaedfa2fc845758b0562b3a00c8444', 'f589f6288e754051b4b1903a62ea6bf9', 'group', '21', 'menu', '-1', NULL, NULL, '2018-09-30 11:38:28', '1', 'Mr.AG', NULL, NULL, NULL, NULL, NULL, NULL, NULL, NULL, NULL, 'ac88ceb386aa4231b09bf472cb937c24', '1'),
	('11483cbf8d024ae386e237768159fad8', '3d42aacb3f864188bb134a7a1fa2d158', 'group', 'b5211cc69d234b28a97f27e63edc9a58', 'menu', '-1', NULL, NULL, '2018-10-10 10:43:24', 'feedbcf7c98c4fafa7ea353480457d60', 'zsc2', NULL, NULL, NULL, NULL, NULL, NULL, NULL, NULL, NULL, '398ecc75eab24b048ed5448dd47f3df0', '0'),
	('1186b0c28e8b41b3b9790f364c8f29ff', '3d42aacb3f864188bb134a7a1fa2d158', 'group', '5', 'menu', '-1', NULL, NULL, '2018-10-10 10:43:24', 'feedbcf7c98c4fafa7ea353480457d60', 'zsc2', NULL, NULL, NULL, NULL, NULL, NULL, NULL, NULL, NULL, '398ecc75eab24b048ed5448dd47f3df0', '0'),
	('119138c8f2854e34b8513fe823f86d2d', '058dc6111eb94055b100015f0fe4b5be', 'group', '15', 'button', '-1', NULL, NULL, '2018-09-27 16:27:27', '1', 'Mr.AG', NULL, NULL, NULL, NULL, NULL, NULL, NULL, NULL, NULL, 'ac88ceb386aa4231b09bf472cb937c24', '0'),
	('11978d7ebbd0441b9bf80cb880f4082b', '0073c2ae7290478d92bd62750fc3da77', 'group', '-1', 'menu', '-1', NULL, NULL, '2018-10-09 10:45:43', '1', 'Mr.AG', NULL, NULL, NULL, NULL, NULL, NULL, NULL, NULL, NULL, 'ac88ceb386aa4231b09bf472cb937c24', '0'),
	('11cb2e59a5364298b499f55cce169135', '0073c2ae7290478d92bd62750fc3da77', 'group', '73db20cb63e6439f80b2f992e64f545d', 'button', '-1', NULL, NULL, '2018-10-09 10:37:04', '1', 'Mr.AG', NULL, NULL, NULL, NULL, NULL, NULL, NULL, NULL, NULL, 'ac88ceb386aa4231b09bf472cb937c24', '1'),
	('1212a76a901a407291879f180f9c2cf8', 'beb140a11d1249f9a29edb878fffa769', 'group', 'eddad1f3d2d54ba0ac50e8c4781764cb', 'button', '-1', NULL, NULL, '2018-09-28 10:02:50', '1', 'Mr.AG', NULL, NULL, NULL, NULL, NULL, NULL, NULL, NULL, NULL, 'ac88ceb386aa4231b09bf472cb937c24', '0'),
	('126643e888c445e382a8db18cede87a8', '0cb6b830548840bd911cf89e1045874f', 'group', '13', 'menu', '-1', NULL, NULL, '2018-09-27 14:57:37', '1', 'woozoom', NULL, NULL, NULL, NULL, NULL, NULL, NULL, NULL, NULL, 'ac88ceb386aa4231b09bf472cb937c24', '0'),
	('128599835ea2429db9572e1e55ee577d', '153835e3242e4e0db43f836233e7f5ad', 'group', '13', 'menu', '-1', NULL, NULL, '2018-09-30 11:35:26', '1', 'Mr.AG', NULL, NULL, NULL, NULL, NULL, NULL, NULL, NULL, NULL, 'ac88ceb386aa4231b09bf472cb937c24', '0'),
	('12b2812794d8400bb47739ada0158b0e', '29b565f55d844f5ca79b64c184fe4752', 'group', 'c889c79388724a078d0e8724ba3e66a5', 'menu', '-1', NULL, NULL, '2018-09-27 14:58:05', '1', 'woozoom', NULL, NULL, NULL, NULL, NULL, NULL, NULL, NULL, NULL, 'ac88ceb386aa4231b09bf472cb937c24', '0'),
	('12e2ca6323f54223b22b43678881d72c', '058dc6111eb94055b100015f0fe4b5be', 'group', '27', 'button', '-1', NULL, NULL, '2018-09-27 16:27:28', '1', 'Mr.AG', NULL, NULL, NULL, NULL, NULL, NULL, NULL, NULL, NULL, 'ac88ceb386aa4231b09bf472cb937c24', '0'),
	('13315a1c9ad54e9784fbf1360f3ea362', '258651cfd4ca41cbaa70d1b233659b5c', 'group', '4ee4f57a2d92494abe2595bff4f32057', 'button', '-1', NULL, NULL, NULL, NULL, NULL, NULL, NULL, NULL, NULL, NULL, NULL, NULL, NULL, NULL, NULL, '1'),
	('13b323b4ede84457b8d65c6faa5b2773', '058dc6111eb94055b100015f0fe4b5be', 'group', '49', 'button', '-1', NULL, NULL, '2018-09-27 16:47:26', '1', 'Mr.AG', NULL, NULL, NULL, NULL, NULL, NULL, NULL, NULL, NULL, 'ac88ceb386aa4231b09bf472cb937c24', '1'),
	('13f62e6d85f94ae2b4caaa75b6631b81', '0073c2ae7290478d92bd62750fc3da77', 'group', '375b04fe927c44e88593d02670acd90f', 'button', '-1', NULL, NULL, '2018-10-09 09:32:02', '1', 'Mr.AG', NULL, NULL, NULL, NULL, NULL, NULL, NULL, NULL, NULL, 'ac88ceb386aa4231b09bf472cb937c24', '1'),
	('1436aa292ebe44229933cde659536d73', '058dc6111eb94055b100015f0fe4b5be', 'group', '7a16202657c3478c8b4ece27a792e026', 'button', '-1', NULL, NULL, '2018-09-27 16:47:34', '1', 'Mr.AG', NULL, NULL, NULL, NULL, NULL, NULL, NULL, NULL, NULL, 'ac88ceb386aa4231b09bf472cb937c24', '1'),
	('14f07db741204d6bba17fb6e6cc8cc17', 'f589f6288e754051b4b1903a62ea6bf9', 'group', '35', 'menu', '-1', NULL, NULL, '2018-09-30 11:38:28', '1', 'Mr.AG', NULL, NULL, NULL, NULL, NULL, NULL, NULL, NULL, NULL, 'ac88ceb386aa4231b09bf472cb937c24', '1'),
	('150777bb347e4225a681b90ba988a231', '058dc6111eb94055b100015f0fe4b5be', 'group', '5', 'menu', '-1', NULL, NULL, '2018-09-29 14:50:18', '1', 'Mr.AG', NULL, NULL, NULL, NULL, NULL, NULL, NULL, NULL, NULL, 'ac88ceb386aa4231b09bf472cb937c24', '1'),
	('164c93ef088a4e2480e69445df288359', '058dc6111eb94055b100015f0fe4b5be', 'group', '21b3fe683a6040ed8c57423e55cd94a2', 'button', '-1', NULL, NULL, '2018-09-27 16:47:23', '1', 'Mr.AG', NULL, NULL, NULL, NULL, NULL, NULL, NULL, NULL, NULL, 'ac88ceb386aa4231b09bf472cb937c24', '1'),
	('1664dc10d0ad46da91b45987356002f0', 'beb140a11d1249f9a29edb878fffa769', 'group', '28', 'button', '-1', NULL, NULL, '2018-09-28 10:02:40', '1', 'Mr.AG', NULL, NULL, NULL, NULL, NULL, NULL, NULL, NULL, NULL, 'ac88ceb386aa4231b09bf472cb937c24', '0'),
	('1710a7440dff4d53991abb55ae8fd92d', '153835e3242e4e0db43f836233e7f5ad', 'group', '29', 'menu', '-1', NULL, NULL, '2018-09-30 11:35:26', '1', 'Mr.AG', NULL, NULL, NULL, NULL, NULL, NULL, NULL, NULL, NULL, 'ac88ceb386aa4231b09bf472cb937c24', '0'),
	('173cca059ff94ec5888194c120d0ca4e', '058dc6111eb94055b100015f0fe4b5be', 'group', '76797ac67e9a4b6ba9177d26a603ffb0', 'button', '-1', NULL, NULL, '2018-09-27 16:30:09', '1', 'Mr.AG', NULL, NULL, NULL, NULL, NULL, NULL, NULL, NULL, NULL, 'ac88ceb386aa4231b09bf472cb937c24', '0'),
	('174f92661c154d819ebd467d652e4d6a', 'beb140a11d1249f9a29edb878fffa769', 'group', '-1', 'menu', '-1', NULL, NULL, '2018-10-08 09:14:40', '1', 'Mr.AG', NULL, NULL, NULL, NULL, NULL, NULL, NULL, NULL, NULL, 'ac88ceb386aa4231b09bf472cb937c24', '0'),
	('17dce622f636444989b3cb5699eb75a2', '258651cfd4ca41cbaa70d1b233659b5c', 'group', '16', 'button', '-1', NULL, NULL, '2018-09-28 09:47:47', '1', 'Mr.AG', NULL, NULL, NULL, NULL, NULL, NULL, NULL, NULL, NULL, 'ac88ceb386aa4231b09bf472cb937c24', '0'),
	('190de4dec55c487a892ee0329b07baaf', '258651cfd4ca41cbaa70d1b233659b5c', 'group', '19', 'button', '-1', NULL, NULL, '2018-09-28 09:47:47', '1', 'Mr.AG', NULL, NULL, NULL, NULL, NULL, NULL, NULL, NULL, NULL, 'ac88ceb386aa4231b09bf472cb937c24', '0'),
	('191e564fafa64fe68c0cb54425aa0f43', '058dc6111eb94055b100015f0fe4b5be', 'group', '11', 'button', '-1', NULL, NULL, '2018-09-27 16:27:27', '1', 'Mr.AG', NULL, NULL, NULL, NULL, NULL, NULL, NULL, NULL, NULL, 'ac88ceb386aa4231b09bf472cb937c24', '0'),
	('1932e434d10c4a5fad3ff4706a3eeb5f', '258651cfd4ca41cbaa70d1b233659b5c', 'group', '9', 'button', '-1', NULL, NULL, '2018-10-09 09:35:20', '1', 'Mr.AG', NULL, NULL, NULL, NULL, NULL, NULL, NULL, NULL, NULL, 'ac88ceb386aa4231b09bf472cb937c24', '0'),
	('1a6987e848fd4063b858de2f5643e5ea', '058dc6111eb94055b100015f0fe4b5be', 'group', '50', 'button', '-1', NULL, NULL, '2018-09-27 16:29:52', '1', 'Mr.AG', NULL, NULL, NULL, NULL, NULL, NULL, NULL, NULL, NULL, 'ac88ceb386aa4231b09bf472cb937c24', '0'),
	('1a6d02e12c6e41f0a717009ebe4b54f8', '0073c2ae7290478d92bd62750fc3da77', 'group', '46', 'button', '-1', NULL, NULL, '2018-10-09 10:36:58', '1', 'Mr.AG', NULL, NULL, NULL, NULL, NULL, NULL, NULL, NULL, NULL, 'ac88ceb386aa4231b09bf472cb937c24', '1'),
	('1a93645cdb304b199136c4786b62b6d8', '058dc6111eb94055b100015f0fe4b5be', 'group', '0b2a074e02c04e9eb86124d30f295376', 'menu', '-1', NULL, NULL, '2018-09-29 14:50:01', '1', 'Mr.AG', NULL, NULL, NULL, NULL, NULL, NULL, NULL, NULL, NULL, 'ac88ceb386aa4231b09bf472cb937c24', '0'),
	('1a95313b20c640af95b79a28c4495015', '0073c2ae7290478d92bd62750fc3da77', 'group', '-1', 'menu', '-1', NULL, NULL, '2018-10-09 10:37:11', '1', 'Mr.AG', NULL, NULL, NULL, NULL, NULL, NULL, NULL, NULL, NULL, 'ac88ceb386aa4231b09bf472cb937c24', '1'),
	('1b1686efc76c4b0186e80aee9610cdf9', '0073c2ae7290478d92bd62750fc3da77', 'group', '54', 'button', '-1', NULL, NULL, '2018-10-09 09:28:51', '1', 'Mr.AG', NULL, NULL, NULL, NULL, NULL, NULL, NULL, NULL, NULL, 'ac88ceb386aa4231b09bf472cb937c24', '0'),
	('1b31971f38e545629c656d64d9d2d0cd', '258651cfd4ca41cbaa70d1b233659b5c', 'group', '56', 'button', '-1', NULL, NULL, NULL, NULL, NULL, NULL, NULL, NULL, NULL, NULL, NULL, NULL, NULL, NULL, NULL, '0'),
	('1b4611c95ba84c81b696c0da13091fc5', 'f589f6288e754051b4b1903a62ea6bf9', 'group', '34', 'menu', '-1', NULL, NULL, '2018-09-30 11:38:28', '1', 'Mr.AG', NULL, NULL, NULL, NULL, NULL, NULL, NULL, NULL, NULL, 'ac88ceb386aa4231b09bf472cb937c24', '1'),
	('1c5d719bbdbf47baa6df465bf44aa3ea', 'b0bfc23bd12f47418044c556405b52ac', 'group', '4ee4f57a2d92494abe2595bff4f32057', 'button', '-1', NULL, NULL, '2018-03-06 11:34:07', 'a1a2cb17b4f24e50bbde2f1b8a233bcb', '测试租户', NULL, NULL, NULL, NULL, NULL, NULL, NULL, NULL, NULL, '1ec08564dcc344018d6aaa910068f0f0', '0'),
	('1d443a990b574c06a1452da7f1d1001f', '0073c2ae7290478d92bd62750fc3da77', 'group', 'a03cac538f794958bc7fa6458f85b8ae', 'button', '-1', NULL, NULL, '2018-10-09 09:32:28', '1', 'Mr.AG', NULL, NULL, NULL, NULL, NULL, NULL, NULL, NULL, NULL, 'ac88ceb386aa4231b09bf472cb937c24', '1'),
	('1d77e3072f1b4b0e9a9e1d32d934ff4c', 'beb140a11d1249f9a29edb878fffa769', 'group', 'd6b714eff47a42d0a654e55c39304dd5', 'button', '-1', NULL, NULL, '2018-09-28 10:02:50', '1', 'Mr.AG', NULL, NULL, NULL, NULL, NULL, NULL, NULL, NULL, NULL, 'ac88ceb386aa4231b09bf472cb937c24', '0'),
	('1d7b7867885948e3b3a985371f819d5a', 'beb140a11d1249f9a29edb878fffa769', 'group', '58', 'button', '-1', NULL, NULL, '2018-09-28 10:03:00', '1', 'Mr.AG', NULL, NULL, NULL, NULL, NULL, NULL, NULL, NULL, NULL, 'ac88ceb386aa4231b09bf472cb937c24', '0'),
	('1d8d6a6bc8364471a9c1c60436d10285', '3d42aacb3f864188bb134a7a1fa2d158', 'group', '1', 'menu', '-1', NULL, NULL, '2018-10-10 10:43:24', 'feedbcf7c98c4fafa7ea353480457d60', 'zsc2', NULL, NULL, NULL, NULL, NULL, NULL, NULL, NULL, NULL, '398ecc75eab24b048ed5448dd47f3df0', '0'),
	('1d918f767d1242a9afb7f3a2b1bfd5d2', '058dc6111eb94055b100015f0fe4b5be', 'group', '55', 'button', '-1', NULL, NULL, '2018-09-27 16:29:52', '1', 'Mr.AG', NULL, NULL, NULL, NULL, NULL, NULL, NULL, NULL, NULL, 'ac88ceb386aa4231b09bf472cb937c24', '0'),
	('1e0e0ec301e74d26bd85e2d81357774b', 'f589f6288e754051b4b1903a62ea6bf9', 'group', '7574b969c9fa4e5895d6cc9c2b8a9a62', 'menu', '-1', NULL, NULL, '2018-09-30 11:38:28', '1', 'Mr.AG', NULL, NULL, NULL, NULL, NULL, NULL, NULL, NULL, NULL, 'ac88ceb386aa4231b09bf472cb937c24', '1'),
	('1e31be04bbd148fb86f66428c771215c', 'f589f6288e754051b4b1903a62ea6bf9', 'group', '7e54ad31aefb4cc081e32680aebf9690', 'button', '-1', NULL, NULL, '2018-09-30 11:37:22', '1', 'Mr.AG', NULL, NULL, NULL, NULL, NULL, NULL, NULL, NULL, NULL, 'ac88ceb386aa4231b09bf472cb937c24', '1'),
	('1ed40d7ddc454d45b3667c6b6822fe45', '058dc6111eb94055b100015f0fe4b5be', 'group', '52', 'button', '-1', NULL, NULL, '2018-09-27 16:29:52', '1', 'Mr.AG', NULL, NULL, NULL, NULL, NULL, NULL, NULL, NULL, NULL, 'ac88ceb386aa4231b09bf472cb937c24', '0'),
	('1ee6b6dfc04a4ea2bdd6ecf10e626916', 'beb140a11d1249f9a29edb878fffa769', 'group', '9', 'button', '-1', NULL, NULL, '2018-09-28 10:02:37', '1', 'Mr.AG', NULL, NULL, NULL, NULL, NULL, NULL, NULL, NULL, NULL, 'ac88ceb386aa4231b09bf472cb937c24', '0'),
	('1f42a5dc92f44772bda12d1e0f581c7d', '258651cfd4ca41cbaa70d1b233659b5c', 'group', '50', 'button', '-1', NULL, NULL, '2018-10-09 09:35:27', '1', 'Mr.AG', NULL, NULL, NULL, NULL, NULL, NULL, NULL, NULL, NULL, 'ac88ceb386aa4231b09bf472cb937c24', '0'),
	('1f7e43d004004e5493b6c5e66c517536', '258651cfd4ca41cbaa70d1b233659b5c', 'group', 'cac49646909c4750b23f223f53eafc5b', 'button', '-1', NULL, NULL, NULL, NULL, NULL, NULL, NULL, NULL, NULL, NULL, NULL, NULL, NULL, NULL, NULL, '1'),
	('2003b44479ab408b9f65d5b81e901707', '058dc6111eb94055b100015f0fe4b5be', 'group', '5ab06bbd22c245e7ae3f3be11c966573', 'menu', '-1', NULL, NULL, '2018-09-29 14:50:01', '1', 'Mr.AG', NULL, NULL, NULL, NULL, NULL, NULL, NULL, NULL, NULL, 'ac88ceb386aa4231b09bf472cb937c24', '0'),
	('20446b523ba746ecad1632b15d4eed3a', '058dc6111eb94055b100015f0fe4b5be', 'group', 'f8c892c21e424ed8be7fa5204a308c41', 'menu', '-1', NULL, NULL, '2018-09-29 14:50:18', '1', 'Mr.AG', NULL, NULL, NULL, NULL, NULL, NULL, NULL, NULL, NULL, 'ac88ceb386aa4231b09bf472cb937c24', '1'),
	('204cd0af796c4238a3f3226fdf44669f', '058dc6111eb94055b100015f0fe4b5be', 'group', 'a03cac538f794958bc7fa6458f85b8ae', 'button', '-1', NULL, NULL, '2018-09-27 16:47:31', '1', 'Mr.AG', NULL, NULL, NULL, NULL, NULL, NULL, NULL, NULL, NULL, 'ac88ceb386aa4231b09bf472cb937c24', '1'),
	('205c15d9e4974eba8a8ff83d4e694f4f', '0073c2ae7290478d92bd62750fc3da77', 'group', '7a16202657c3478c8b4ece27a792e026', 'button', '-1', NULL, NULL, '2018-10-09 09:29:06', '1', 'Mr.AG', NULL, NULL, NULL, NULL, NULL, NULL, NULL, NULL, NULL, 'ac88ceb386aa4231b09bf472cb937c24', '0'),
	('20643a004e8c4751a980649485989499', '258651cfd4ca41cbaa70d1b233659b5c', 'group', '21b3fe683a6040ed8c57423e55cd94a2', 'button', '-1', NULL, NULL, NULL, NULL, NULL, NULL, NULL, NULL, NULL, NULL, NULL, NULL, NULL, NULL, NULL, '1'),
	('20e04372be364ca381dfd1d9ab3ef26f', '09cb1775d68c482782f6c4024c99c92f', 'group', 'b00959304e084f9987ede9ee5d2782ce', 'menu', '-1', NULL, NULL, '2018-09-27 14:58:20', '1', 'woozoom', NULL, NULL, NULL, NULL, NULL, NULL, NULL, NULL, NULL, 'ac88ceb386aa4231b09bf472cb937c24', '0'),
	('2130e507d3a148ca925eca510fee7c9e', '258651cfd4ca41cbaa70d1b233659b5c', 'group', '22', 'button', '-1', NULL, NULL, '2018-09-28 09:47:47', '1', 'Mr.AG', NULL, NULL, NULL, NULL, NULL, NULL, NULL, NULL, NULL, 'ac88ceb386aa4231b09bf472cb937c24', '0'),
	('21341cc7429446bcb7a4eb39a16fb05f', 'b0bfc23bd12f47418044c556405b52ac', 'group', '1', 'menu', '-1', NULL, NULL, '2018-03-06 08:31:38', 'a1a2cb17b4f24e50bbde2f1b8a233bcb', '测试租户', NULL, NULL, NULL, NULL, NULL, NULL, NULL, NULL, NULL, '1ec08564dcc344018d6aaa910068f0f0', '0'),
	('21471cad403a4bb883864b67912893b3', '258651cfd4ca41cbaa70d1b233659b5c', 'group', '6d7ea83bb71d476dbfbda2bcbc1a01bd', 'button', '-1', NULL, NULL, NULL, NULL, NULL, NULL, NULL, NULL, NULL, NULL, NULL, NULL, NULL, NULL, NULL, '0'),
	('2164bfefc4364897b7c1009238f34643', 'f589f6288e754051b4b1903a62ea6bf9', 'group', '30', 'menu', '-1', NULL, NULL, '2018-09-30 11:38:28', '1', 'Mr.AG', NULL, NULL, NULL, NULL, NULL, NULL, NULL, NULL, NULL, 'ac88ceb386aa4231b09bf472cb937c24', '1'),
	('21c0ccd45886470badf275c00b82e326', '0073c2ae7290478d92bd62750fc3da77', 'group', '24', 'button', '-1', NULL, NULL, '2018-10-09 09:28:34', '1', 'Mr.AG', NULL, NULL, NULL, NULL, NULL, NULL, NULL, NULL, NULL, 'ac88ceb386aa4231b09bf472cb937c24', '0'),
	('2289977acb0b40d5aaf348a483deb7be', 'f589f6288e754051b4b1903a62ea6bf9', 'group', '258fa7ce80fe45678c74941e8eefa54b', 'menu', '-1', NULL, NULL, '2018-09-30 11:38:28', '1', 'Mr.AG', NULL, NULL, NULL, NULL, NULL, NULL, NULL, NULL, NULL, 'ac88ceb386aa4231b09bf472cb937c24', '1'),
	('23f6add6eca54b8496f5fb6871a070d7', '258651cfd4ca41cbaa70d1b233659b5c', 'group', '21', 'button', '-1', NULL, NULL, '2018-09-28 09:47:47', '1', 'Mr.AG', NULL, NULL, NULL, NULL, NULL, NULL, NULL, NULL, NULL, 'ac88ceb386aa4231b09bf472cb937c24', '0'),
	('24355953c05a4e72bd7ff6ebf890b111', 'f589f6288e754051b4b1903a62ea6bf9', 'group', '21', 'menu', '-1', NULL, NULL, '2018-09-30 11:37:10', '1', 'Mr.AG', NULL, NULL, NULL, NULL, NULL, NULL, NULL, NULL, NULL, 'ac88ceb386aa4231b09bf472cb937c24', '0'),
	('2444091160f74317926f272dbc6cae07', '058dc6111eb94055b100015f0fe4b5be', 'group', '4', 'button', '-1', NULL, NULL, '2018-09-27 16:47:19', '1', 'Mr.AG', NULL, NULL, NULL, NULL, NULL, NULL, NULL, NULL, NULL, 'ac88ceb386aa4231b09bf472cb937c24', '1'),
	('25b15faa38fb45558b8bacc27aff4f52', '058dc6111eb94055b100015f0fe4b5be', 'group', '13', 'button', '-1', NULL, NULL, '2018-09-27 16:47:21', '1', 'Mr.AG', NULL, NULL, NULL, NULL, NULL, NULL, NULL, NULL, NULL, 'ac88ceb386aa4231b09bf472cb937c24', '1'),
	('25c45a4e2b48442491405a92d5660c8e', '258651cfd4ca41cbaa70d1b233659b5c', 'group', '8b5ff030c76341059a335e0653fef5ea', 'button', '-1', NULL, NULL, NULL, NULL, NULL, NULL, NULL, NULL, NULL, NULL, NULL, NULL, NULL, NULL, NULL, '0'),
	('25c85684ec83485db4fc2db8300e5879', '258651cfd4ca41cbaa70d1b233659b5c', 'group', '103593127199487794f9fd8fd573db5f', 'button', '-1', NULL, NULL, NULL, NULL, NULL, NULL, NULL, NULL, NULL, NULL, NULL, NULL, NULL, NULL, NULL, '0'),
	('262c93c5731c48fc858b42f8a83f855a', '258651cfd4ca41cbaa70d1b233659b5c', 'group', '9d2f8338afcd4841bc045a72774a90ee', 'button', '-1', NULL, NULL, '2018-10-10 14:47:52', '1', 'Mr.AG', NULL, NULL, NULL, NULL, NULL, NULL, NULL, NULL, NULL, 'ac88ceb386aa4231b09bf472cb937c24', '0'),
	('267e7461040245939484358f4fc79acc', '258651cfd4ca41cbaa70d1b233659b5c', 'group', '27', 'menu', '-1', NULL, NULL, '2018-10-10 14:47:54', '1', 'Mr.AG', NULL, NULL, NULL, NULL, NULL, NULL, NULL, NULL, NULL, 'ac88ceb386aa4231b09bf472cb937c24', '0'),
	('26841df91df94bfbb8196cce89f10c31', '0073c2ae7290478d92bd62750fc3da77', 'group', '261687195b814cfc838bf1d45954abb3', 'button', '-1', NULL, NULL, '2018-10-09 09:29:42', '1', 'Mr.AG', NULL, NULL, NULL, NULL, NULL, NULL, NULL, NULL, NULL, 'ac88ceb386aa4231b09bf472cb937c24', '0'),
	('26984f47f0174f929df587ce5cbf67dd', '0073c2ae7290478d92bd62750fc3da77', 'group', '12', 'button', '-1', NULL, NULL, '2018-10-09 09:31:58', '1', 'Mr.AG', NULL, NULL, NULL, NULL, NULL, NULL, NULL, NULL, NULL, 'ac88ceb386aa4231b09bf472cb937c24', '1'),
	('26aac6e6316e48f19e9943980e16c187', '258651cfd4ca41cbaa70d1b233659b5c', 'group', '21b3fe683a6040ed8c57423e55cd94a2', 'button', '-1', NULL, NULL, '2018-09-28 09:47:47', '1', 'Mr.AG', NULL, NULL, NULL, NULL, NULL, NULL, NULL, NULL, NULL, 'ac88ceb386aa4231b09bf472cb937c24', '0'),
	('26cae9f07b7a497c9ce34d53401bec64', '0073c2ae7290478d92bd62750fc3da77', 'group', '6b5b2f7373f64d9c914a8e38c1463f42', 'button', '-1', NULL, NULL, '2018-10-09 09:30:00', '1', 'Mr.AG', NULL, NULL, NULL, NULL, NULL, NULL, NULL, NULL, NULL, 'ac88ceb386aa4231b09bf472cb937c24', '0'),
	('27050bdafff148ac9da6987818d67f1a', '258651cfd4ca41cbaa70d1b233659b5c', 'group', 'b5211cc69d234b28a97f27e63edc9a58', 'menu', '-1', NULL, NULL, '2018-10-10 10:40:50', '1', 'Mr.AG', NULL, NULL, NULL, NULL, NULL, NULL, NULL, NULL, NULL, 'ac88ceb386aa4231b09bf472cb937c24', '1'),
	('272e18cba13a4b81aa2d7ef8dc0b550e', '-1', 'group', '-1', 'menu', '-1', NULL, NULL, '2018-03-06 09:56:51', 'a1a2cb17b4f24e50bbde2f1b8a233bcb', '测试租户', NULL, NULL, NULL, NULL, NULL, NULL, NULL, NULL, NULL, '1ec08564dcc344018d6aaa910068f0f0', '0'),
	('2766dbd6ac1349b4bca7e6d79c949f22', '09cb1775d68c482782f6c4024c99c92f', 'group', 'a35abb5dc4ce407c9e1e9ba1e9ca4cff', 'menu', '-1', NULL, NULL, '2018-09-27 14:58:20', '1', 'woozoom', NULL, NULL, NULL, NULL, NULL, NULL, NULL, NULL, NULL, 'ac88ceb386aa4231b09bf472cb937c24', '0'),
	('27a0c2a95b064c4c98f1c4d9c3e210bd', '0073c2ae7290478d92bd62750fc3da77', 'group', '33', 'button', '-1', NULL, NULL, '2018-10-09 09:32:04', '1', 'Mr.AG', NULL, NULL, NULL, NULL, NULL, NULL, NULL, NULL, NULL, 'ac88ceb386aa4231b09bf472cb937c24', '1'),
	('27ab8de14dfe42e49c802849326db511', '0073c2ae7290478d92bd62750fc3da77', 'group', '47', 'button', '-1', NULL, NULL, '2018-10-09 09:29:13', '1', 'Mr.AG', NULL, NULL, NULL, NULL, NULL, NULL, NULL, NULL, NULL, 'ac88ceb386aa4231b09bf472cb937c24', '0'),
	('27e89c08654e4d71957d659f5ba79dd1', '258651cfd4ca41cbaa70d1b233659b5c', 'group', 'c889c79388724a078d0e8724ba3e66a5', 'menu', '-1', NULL, NULL, '2018-10-10 14:47:54', '1', 'Mr.AG', NULL, NULL, NULL, NULL, NULL, NULL, NULL, NULL, NULL, 'ac88ceb386aa4231b09bf472cb937c24', '0'),
	('28240ff5af84447c8e797f491ffbb3fd', '0cb6b830548840bd911cf89e1045874f', 'group', '30', 'menu', '-1', NULL, NULL, '2018-09-27 14:57:37', '1', 'woozoom', NULL, NULL, NULL, NULL, NULL, NULL, NULL, NULL, NULL, 'ac88ceb386aa4231b09bf472cb937c24', '0'),
	('29669877a44444f78567bc51f03396a6', 'beb140a11d1249f9a29edb878fffa769', 'group', '20', 'button', '-1', NULL, NULL, '2018-09-28 10:02:40', '1', 'Mr.AG', NULL, NULL, NULL, NULL, NULL, NULL, NULL, NULL, NULL, 'ac88ceb386aa4231b09bf472cb937c24', '0'),
	('29c127f85ceb49f89124240eb034760a', '258651cfd4ca41cbaa70d1b233659b5c', 'group', 'c6469be83d8e4d5ca404b46b347f7d4c', 'button', '-1', NULL, NULL, NULL, NULL, NULL, NULL, NULL, NULL, NULL, NULL, NULL, NULL, NULL, NULL, NULL, '0'),
	('2a357abfe1a24755bef48f2bcf7b6e14', 'beb140a11d1249f9a29edb878fffa769', 'group', '6d7ea83bb71d476dbfbda2bcbc1a01bd', 'button', '-1', NULL, NULL, '2018-09-28 10:03:00', '1', 'Mr.AG', NULL, NULL, NULL, NULL, NULL, NULL, NULL, NULL, NULL, 'ac88ceb386aa4231b09bf472cb937c24', '0'),
	('2a39bd04c0fd4b7292b8558e10eb25a0', 'b0bfc23bd12f47418044c556405b52ac', 'group', '18', 'button', '-1', NULL, NULL, '2018-03-06 11:34:07', 'a1a2cb17b4f24e50bbde2f1b8a233bcb', '测试租户', NULL, NULL, NULL, NULL, NULL, NULL, NULL, NULL, NULL, '1ec08564dcc344018d6aaa910068f0f0', '0'),
	('2a46f0500b9e4399b580a6d0ac9f0bf4', 'f589f6288e754051b4b1903a62ea6bf9', 'group', '258fa7ce80fe45678c74941e8eefa54b', 'menu', '-1', NULL, NULL, '2018-09-30 11:37:10', '1', 'Mr.AG', NULL, NULL, NULL, NULL, NULL, NULL, NULL, NULL, NULL, 'ac88ceb386aa4231b09bf472cb937c24', '0'),
	('2a6650a631f446b5a0b0a34ee1db641b', 'f589f6288e754051b4b1903a62ea6bf9', 'group', '4148c14ed9db4e7f9ed297ff34db3ab1', 'menu', '-1', NULL, NULL, '2018-09-30 11:37:10', '1', 'Mr.AG', NULL, NULL, NULL, NULL, NULL, NULL, NULL, NULL, NULL, 'ac88ceb386aa4231b09bf472cb937c24', '0'),
	('2aab60c9003742019582cd8f9376eb3e', 'a38aa1d3913742ec86370a17b2ed0507', 'group', '3', 'button', '-1', NULL, NULL, '2018-03-06 11:31:10', 'a1a2cb17b4f24e50bbde2f1b8a233bcb', '测试租户', NULL, NULL, NULL, NULL, NULL, NULL, NULL, NULL, NULL, '1ec08564dcc344018d6aaa910068f0f0', '0'),
	('2ad68d5a00c84f848f9f839231d9aa18', '258651cfd4ca41cbaa70d1b233659b5c', 'group', '7a0a75752c7d422abd2e30b7aad744d7', 'menu', '-1', NULL, NULL, '2018-10-10 14:47:54', '1', 'Mr.AG', NULL, NULL, NULL, NULL, NULL, NULL, NULL, NULL, NULL, 'ac88ceb386aa4231b09bf472cb937c24', '0'),
	('2bd06a37d6d54f62ab010deb7b38931e', '058dc6111eb94055b100015f0fe4b5be', 'group', 'dd68f557717a483a9b808182c8557e01', 'button', '-1', NULL, NULL, '2018-09-27 16:30:14', '1', 'Mr.AG', NULL, NULL, NULL, NULL, NULL, NULL, NULL, NULL, NULL, 'ac88ceb386aa4231b09bf472cb937c24', '0'),
	('2ca60ba66d454f3c995e94efcbe3be51', '058dc6111eb94055b100015f0fe4b5be', 'group', '34', 'menu', '-1', NULL, NULL, '2018-09-29 14:50:18', '1', 'Mr.AG', NULL, NULL, NULL, NULL, NULL, NULL, NULL, NULL, NULL, 'ac88ceb386aa4231b09bf472cb937c24', '1'),
	('2cfd1bac2b2c49f3a8dda8ffe65e53f8', '258651cfd4ca41cbaa70d1b233659b5c', 'group', '33', 'button', '-1', NULL, NULL, '2018-09-28 09:47:36', '1', 'Mr.AG', NULL, NULL, NULL, NULL, NULL, NULL, NULL, NULL, NULL, 'ac88ceb386aa4231b09bf472cb937c24', '0'),
	('2d10524ad3354d8fa609de42463785d5', '0073c2ae7290478d92bd62750fc3da77', 'group', '20', 'button', '-1', NULL, NULL, '2018-10-09 09:32:01', '1', 'Mr.AG', NULL, NULL, NULL, NULL, NULL, NULL, NULL, NULL, NULL, 'ac88ceb386aa4231b09bf472cb937c24', '1'),
	('2d5246433b324dbaa4e68cc63b8b6f73', '058dc6111eb94055b100015f0fe4b5be', 'group', '22', 'button', '-1', NULL, NULL, '2018-09-27 16:27:30', '1', 'Mr.AG', NULL, NULL, NULL, NULL, NULL, NULL, NULL, NULL, NULL, 'ac88ceb386aa4231b09bf472cb937c24', '0'),
	('2d95107ce32a458390dfe0348f63921f', '258651cfd4ca41cbaa70d1b233659b5c', 'group', '49', 'button', '-1', NULL, NULL, '2018-10-09 09:35:27', '1', 'Mr.AG', NULL, NULL, NULL, NULL, NULL, NULL, NULL, NULL, NULL, 'ac88ceb386aa4231b09bf472cb937c24', '0'),
	('2d987a4221e84a2e9afeb8d8189532cd', '0073c2ae7290478d92bd62750fc3da77', 'group', 'a440bc6a31f6457493c7461fd9afae4b', 'button', '-1', NULL, NULL, '2018-10-09 09:29:42', '1', 'Mr.AG', NULL, NULL, NULL, NULL, NULL, NULL, NULL, NULL, NULL, 'ac88ceb386aa4231b09bf472cb937c24', '0'),
	('2de014a5c21c439f9407f3258d007e9b', 'beb140a11d1249f9a29edb878fffa769', 'group', '51', 'button', '-1', NULL, NULL, '2018-09-28 10:02:45', '1', 'Mr.AG', NULL, NULL, NULL, NULL, NULL, NULL, NULL, NULL, NULL, 'ac88ceb386aa4231b09bf472cb937c24', '0'),
	('2ebf1c97a0a84e48be0dae7ddebcf866', '0073c2ae7290478d92bd62750fc3da77', 'group', 'ce21d798f8fc44cd9379086ffe236ce6', 'button', '-1', NULL, NULL, '2018-10-09 09:30:01', '1', 'Mr.AG', NULL, NULL, NULL, NULL, NULL, NULL, NULL, NULL, NULL, 'ac88ceb386aa4231b09bf472cb937c24', '0'),
	('2f1bdce69ce44e39b8bcc8df0484d30c', '058dc6111eb94055b100015f0fe4b5be', 'group', '10', 'button', '-1', NULL, NULL, '2018-09-27 16:47:20', '1', 'Mr.AG', NULL, NULL, NULL, NULL, NULL, NULL, NULL, NULL, NULL, 'ac88ceb386aa4231b09bf472cb937c24', '1'),
	('2f29bc83a7ac4249928d25c44eb3137b', 'beb140a11d1249f9a29edb878fffa769', 'group', 'ef73cc9bf70d448caf72e3f45015700a', 'button', '-1', NULL, NULL, '2018-09-28 10:03:00', '1', 'Mr.AG', NULL, NULL, NULL, NULL, NULL, NULL, NULL, NULL, NULL, 'ac88ceb386aa4231b09bf472cb937c24', '0'),
	('2f43e448af0344a5ad544eecd21c819d', '058dc6111eb94055b100015f0fe4b5be', 'group', '53', 'button', '-1', NULL, NULL, '2018-09-27 16:47:26', '1', 'Mr.AG', NULL, NULL, NULL, NULL, NULL, NULL, NULL, NULL, NULL, 'ac88ceb386aa4231b09bf472cb937c24', '1'),
	('2f643a3c464146d2b4796f405f87a049', '366af0a7fd79453fbe54c0d24917ec4b', 'group', 'b5211cc69d234b28a97f27e63edc9a58', 'menu', '-1', NULL, NULL, NULL, NULL, NULL, NULL, NULL, NULL, NULL, NULL, NULL, NULL, NULL, NULL, NULL, '0'),
	('2f86abc192a74ad097841f86a221bf8e', '058dc6111eb94055b100015f0fe4b5be', 'group', 'd26625c13796423c8353176197cd7f0d', 'button', '-1', NULL, NULL, '2018-09-27 16:47:41', '1', 'Mr.AG', NULL, NULL, NULL, NULL, NULL, NULL, NULL, NULL, NULL, 'ac88ceb386aa4231b09bf472cb937c24', '1'),
	('3082358e141442e08696f1262d6c1af3', '29b565f55d844f5ca79b64c184fe4752', 'group', '33', 'menu', '-1', NULL, NULL, '2018-09-27 14:58:05', '1', 'woozoom', NULL, NULL, NULL, NULL, NULL, NULL, NULL, NULL, NULL, 'ac88ceb386aa4231b09bf472cb937c24', '0'),
	('30a83b1e148e48cab103867a3d060e4e', '0073c2ae7290478d92bd62750fc3da77', 'group', '57', 'button', '-1', NULL, NULL, '2018-10-09 09:29:06', '1', 'Mr.AG', NULL, NULL, NULL, NULL, NULL, NULL, NULL, NULL, NULL, 'ac88ceb386aa4231b09bf472cb937c24', '0'),
	('30cdef30a61347f0b0fa5d84cfa9f7af', '058dc6111eb94055b100015f0fe4b5be', 'group', '42', 'button', '-1', NULL, NULL, '2018-09-27 16:30:03', '1', 'Mr.AG', NULL, NULL, NULL, NULL, NULL, NULL, NULL, NULL, NULL, 'ac88ceb386aa4231b09bf472cb937c24', '0'),
	('31263c0e45d843bbb2d3c27136c4920c', '258651cfd4ca41cbaa70d1b233659b5c', 'group', '22', 'button', '-1', NULL, NULL, NULL, NULL, NULL, NULL, NULL, NULL, NULL, NULL, NULL, NULL, NULL, NULL, NULL, '1'),
	('3152345173b84f2eb8f64a41c4dcfe6b', '058dc6111eb94055b100015f0fe4b5be', 'group', 'cdf65eea98fa4679bd3f1041d5c06d68', 'button', '-1', NULL, NULL, '2018-09-27 16:47:41', '1', 'Mr.AG', NULL, NULL, NULL, NULL, NULL, NULL, NULL, NULL, NULL, 'ac88ceb386aa4231b09bf472cb937c24', '1'),
	('3186f818a21043b8926239a0f2b86317', '258651cfd4ca41cbaa70d1b233659b5c', 'group', '4ee4f57a2d92494abe2595bff4f32057', 'button', '-1', NULL, NULL, '2018-09-28 09:47:47', '1', 'Mr.AG', NULL, NULL, NULL, NULL, NULL, NULL, NULL, NULL, NULL, 'ac88ceb386aa4231b09bf472cb937c24', '0'),
	('31e20f3d149e48c1b7bac4b5bbd2ff27', '058dc6111eb94055b100015f0fe4b5be', 'group', '2f990966f539453a89d75a49cf145d89', 'button', '-1', NULL, NULL, '2018-09-27 16:30:18', '1', 'Mr.AG', NULL, NULL, NULL, NULL, NULL, NULL, NULL, NULL, NULL, 'ac88ceb386aa4231b09bf472cb937c24', '0'),
	('322a874af6a741ab817c6a4754b3b088', '058dc6111eb94055b100015f0fe4b5be', 'group', '50', 'button', '-1', NULL, NULL, '2018-09-27 16:47:26', '1', 'Mr.AG', NULL, NULL, NULL, NULL, NULL, NULL, NULL, NULL, NULL, 'ac88ceb386aa4231b09bf472cb937c24', '1'),
	('327a58e3a0c948b7bcea8d8feb4506b0', '0073c2ae7290478d92bd62750fc3da77', 'group', '15', 'button', '-1', NULL, NULL, '2018-10-09 09:28:34', '1', 'Mr.AG', NULL, NULL, NULL, NULL, NULL, NULL, NULL, NULL, NULL, 'ac88ceb386aa4231b09bf472cb937c24', '0'),
	('32fd0f08ed77450c89e161cd01c5dcfb', '258651cfd4ca41cbaa70d1b233659b5c', 'group', '48', 'button', '-1', NULL, NULL, NULL, NULL, NULL, NULL, NULL, NULL, NULL, NULL, NULL, NULL, NULL, NULL, NULL, '0'),
	('332637fb2c7649c7ae3c56f94bcd1ac3', 'f589f6288e754051b4b1903a62ea6bf9', 'group', '35', 'menu', '-1', NULL, NULL, '2018-09-30 11:37:10', '1', 'Mr.AG', NULL, NULL, NULL, NULL, NULL, NULL, NULL, NULL, NULL, 'ac88ceb386aa4231b09bf472cb937c24', '0'),
	('3334b65af9464212b1ad795cd24fbfb5', '153835e3242e4e0db43f836233e7f5ad', 'group', '40', 'menu', '-1', NULL, NULL, '2018-09-30 11:35:26', '1', 'Mr.AG', NULL, NULL, NULL, NULL, NULL, NULL, NULL, NULL, NULL, 'ac88ceb386aa4231b09bf472cb937c24', '0'),
	('33646d3a0e464cd58e630d84d73538cb', '058dc6111eb94055b100015f0fe4b5be', 'group', '9d2f8338afcd4841bc045a72774a90ee', 'button', '-1', NULL, NULL, '2018-09-27 16:30:23', '1', 'Mr.AG', NULL, NULL, NULL, NULL, NULL, NULL, NULL, NULL, NULL, 'ac88ceb386aa4231b09bf472cb937c24', '0'),
	('33ebd9761676465998956603d73dd1e8', 'beb140a11d1249f9a29edb878fffa769', 'group', '8b5ff030c76341059a335e0653fef5ea', 'button', '-1', NULL, NULL, '2018-09-28 10:03:00', '1', 'Mr.AG', NULL, NULL, NULL, NULL, NULL, NULL, NULL, NULL, NULL, 'ac88ceb386aa4231b09bf472cb937c24', '0'),
	('33fa0d16bdb8427f9871aea55798bbda', '058dc6111eb94055b100015f0fe4b5be', 'group', '40', 'menu', '-1', NULL, NULL, '2018-09-29 14:50:01', '1', 'Mr.AG', NULL, NULL, NULL, NULL, NULL, NULL, NULL, NULL, NULL, 'ac88ceb386aa4231b09bf472cb937c24', '0'),
	('3421b7806bf049309762b3e5ef30d52c', '258651cfd4ca41cbaa70d1b233659b5c', 'group', '19', 'button', '-1', NULL, NULL, NULL, NULL, NULL, NULL, NULL, NULL, NULL, NULL, NULL, NULL, NULL, NULL, NULL, '1'),
	('346079e1be2747be80bcf5c38c598ab5', '0cb6b830548840bd911cf89e1045874f', 'group', '33', 'menu', '-1', NULL, NULL, '2018-09-27 14:57:37', '1', 'woozoom', NULL, NULL, NULL, NULL, NULL, NULL, NULL, NULL, NULL, 'ac88ceb386aa4231b09bf472cb937c24', '0'),
	('348d519f7c744076a9e495725c4b1eb4', '058dc6111eb94055b100015f0fe4b5be', 'group', '6b5b2f7373f64d9c914a8e38c1463f42', 'button', '-1', NULL, NULL, '2018-09-27 16:47:59', '1', 'Mr.AG', NULL, NULL, NULL, NULL, NULL, NULL, NULL, NULL, NULL, 'ac88ceb386aa4231b09bf472cb937c24', '1'),
	('349ae50eded647a0be4073e3a1c3248b', 'b0bfc23bd12f47418044c556405b52ac', 'group', '13', 'menu', '-1', NULL, NULL, '2018-03-06 08:31:38', 'a1a2cb17b4f24e50bbde2f1b8a233bcb', '测试租户', NULL, NULL, NULL, NULL, NULL, NULL, NULL, NULL, NULL, '1ec08564dcc344018d6aaa910068f0f0', '0'),
	('34dca8b938a64d09a5788a9bc1da3c25', '0073c2ae7290478d92bd62750fc3da77', 'group', '50', 'button', '-1', NULL, NULL, '2018-10-09 09:28:51', '1', 'Mr.AG', NULL, NULL, NULL, NULL, NULL, NULL, NULL, NULL, NULL, 'ac88ceb386aa4231b09bf472cb937c24', '0'),
	('34e93bf86f7845acb4f62aefdefc6c34', '058dc6111eb94055b100015f0fe4b5be', 'group', 'c889c79388724a078d0e8724ba3e66a5', 'menu', '-1', NULL, NULL, '2018-09-29 14:50:18', '1', 'Mr.AG', NULL, NULL, NULL, NULL, NULL, NULL, NULL, NULL, NULL, 'ac88ceb386aa4231b09bf472cb937c24', '1'),
	('358a583c5a3e46958125ef7057766bbe', '0073c2ae7290478d92bd62750fc3da77', 'group', '30', 'menu', '-1', NULL, NULL, '2018-10-09 10:37:11', '1', 'Mr.AG', NULL, NULL, NULL, NULL, NULL, NULL, NULL, NULL, NULL, 'ac88ceb386aa4231b09bf472cb937c24', '1'),
	('35a616ba23a04888babc891b4623e0ed', '058dc6111eb94055b100015f0fe4b5be', 'group', '33', 'button', '-1', NULL, NULL, '2018-09-27 16:47:24', '1', 'Mr.AG', NULL, NULL, NULL, NULL, NULL, NULL, NULL, NULL, NULL, 'ac88ceb386aa4231b09bf472cb937c24', '1'),
	('35e79f43a44a430dba65fd0a0cfa6691', '258651cfd4ca41cbaa70d1b233659b5c', 'group', '41', 'button', '-1', NULL, NULL, NULL, NULL, NULL, NULL, NULL, NULL, NULL, NULL, NULL, NULL, NULL, NULL, NULL, '0'),
	('364e1ac408594a0c8ca84bd9ef938fbf', '058dc6111eb94055b100015f0fe4b5be', 'group', '13', 'button', '-1', NULL, NULL, '2018-09-27 16:27:27', '1', 'Mr.AG', NULL, NULL, NULL, NULL, NULL, NULL, NULL, NULL, NULL, 'ac88ceb386aa4231b09bf472cb937c24', '0'),
	('367c9e8ca1f0405dadac1b0da86e12e4', 'beb140a11d1249f9a29edb878fffa769', 'group', '24ecd755a1ea4cf6b76c8b72ea1858fe', 'button', '-1', NULL, NULL, '2018-09-28 10:02:50', '1', 'Mr.AG', NULL, NULL, NULL, NULL, NULL, NULL, NULL, NULL, NULL, 'ac88ceb386aa4231b09bf472cb937c24', '0'),
	('367c9ea264f143d0bc8568565e5cbf48', '29b565f55d844f5ca79b64c184fe4752', 'group', '35', 'menu', '-1', NULL, NULL, '2018-09-27 14:58:05', '1', 'woozoom', NULL, NULL, NULL, NULL, NULL, NULL, NULL, NULL, NULL, 'ac88ceb386aa4231b09bf472cb937c24', '0'),
	('368b988864ef4a13834e9c82f6021cad', '29b565f55d844f5ca79b64c184fe4752', 'group', '-1', 'menu', '-1', NULL, NULL, '2018-09-27 14:58:05', '1', 'woozoom', NULL, NULL, NULL, NULL, NULL, NULL, NULL, NULL, NULL, 'ac88ceb386aa4231b09bf472cb937c24', '0'),
	('369ae74a38d545ad9580fae00ce8607e', '058dc6111eb94055b100015f0fe4b5be', 'group', '35', 'menu', '-1', NULL, NULL, '2018-09-29 14:50:01', '1', 'Mr.AG', NULL, NULL, NULL, NULL, NULL, NULL, NULL, NULL, NULL, 'ac88ceb386aa4231b09bf472cb937c24', '0'),
	('375af2ba89254a7983c169f599a9e585', '058dc6111eb94055b100015f0fe4b5be', 'group', '46', 'button', '-1', NULL, NULL, '2018-09-27 16:47:37', '1', 'Mr.AG', NULL, NULL, NULL, NULL, NULL, NULL, NULL, NULL, NULL, 'ac88ceb386aa4231b09bf472cb937c24', '1'),
	('3763941846774da8a58b98a3c6a88165', '058dc6111eb94055b100015f0fe4b5be', 'group', '11', 'button', '-1', NULL, NULL, '2018-09-27 16:47:21', '1', 'Mr.AG', NULL, NULL, NULL, NULL, NULL, NULL, NULL, NULL, NULL, 'ac88ceb386aa4231b09bf472cb937c24', '1'),
	('37be16768b2a487a87743bbae763b19e', '-1', 'group', '1', 'menu', '-1', NULL, NULL, '2018-03-06 09:56:51', 'a1a2cb17b4f24e50bbde2f1b8a233bcb', '测试租户', NULL, NULL, NULL, NULL, NULL, NULL, NULL, NULL, NULL, '1ec08564dcc344018d6aaa910068f0f0', '0'),
	('3921bb1d931f4fabbae47263e9964b48', 'f589f6288e754051b4b1903a62ea6bf9', 'group', '29', 'menu', '-1', NULL, NULL, '2018-09-30 11:37:10', '1', 'Mr.AG', NULL, NULL, NULL, NULL, NULL, NULL, NULL, NULL, NULL, 'ac88ceb386aa4231b09bf472cb937c24', '0'),
	('39ab32448efc4a479f637d8719fca0c9', '058dc6111eb94055b100015f0fe4b5be', 'group', '23', 'button', '-1', NULL, NULL, '2018-09-27 16:27:23', '1', 'Mr.AG', NULL, NULL, NULL, NULL, NULL, NULL, NULL, NULL, NULL, 'ac88ceb386aa4231b09bf472cb937c24', '0'),
	('39c69f55d9b048d693b7c356f99d205f', '0073c2ae7290478d92bd62750fc3da77', 'group', '52', 'button', '-1', NULL, NULL, '2018-10-09 09:28:51', '1', 'Mr.AG', NULL, NULL, NULL, NULL, NULL, NULL, NULL, NULL, NULL, 'ac88ceb386aa4231b09bf472cb937c24', '0'),
	('3ad89a3bf7244c6f915eb0039eaf5fdb', 'b0bfc23bd12f47418044c556405b52ac', 'group', '28', 'button', '-1', NULL, NULL, '2018-03-06 11:34:07', 'a1a2cb17b4f24e50bbde2f1b8a233bcb', '测试租户', NULL, NULL, NULL, NULL, NULL, NULL, NULL, NULL, NULL, '1ec08564dcc344018d6aaa910068f0f0', '0'),
	('3c7fad51abcc4b45981bfce7b9ad45dc', 'beb140a11d1249f9a29edb878fffa769', 'group', '21b3fe683a6040ed8c57423e55cd94a2', 'button', '-1', NULL, NULL, '2018-09-28 10:02:40', '1', 'Mr.AG', NULL, NULL, NULL, NULL, NULL, NULL, NULL, NULL, NULL, 'ac88ceb386aa4231b09bf472cb937c24', '0'),
	('3e619941e44d49f59b013d9c8ac72d07', '058dc6111eb94055b100015f0fe4b5be', 'group', '5ab06bbd22c245e7ae3f3be11c966573', 'menu', '-1', NULL, NULL, '2018-09-29 14:50:18', '1', 'Mr.AG', NULL, NULL, NULL, NULL, NULL, NULL, NULL, NULL, NULL, 'ac88ceb386aa4231b09bf472cb937c24', '1'),
	('3e7dfb6d37d846d697bdd3ec1a32eb94', '258651cfd4ca41cbaa70d1b233659b5c', 'group', '56', 'button', '-1', NULL, NULL, NULL, NULL, NULL, NULL, NULL, NULL, NULL, NULL, NULL, NULL, NULL, NULL, NULL, '1'),
	('3e86cee4d6334e0b8532ddf9454e0c8d', '058dc6111eb94055b100015f0fe4b5be', 'group', '16', 'button', '-1', NULL, NULL, '2018-09-27 16:27:29', '1', 'Mr.AG', NULL, NULL, NULL, NULL, NULL, NULL, NULL, NULL, NULL, 'ac88ceb386aa4231b09bf472cb937c24', '0'),
	('3e96727dec7340f4acee1fe781ef5ea4', '058dc6111eb94055b100015f0fe4b5be', 'group', '7ed2d4b54db94636a6016f3de91e25a9', 'menu', '-1', NULL, NULL, '2018-09-29 14:50:01', '1', 'Mr.AG', NULL, NULL, NULL, NULL, NULL, NULL, NULL, NULL, NULL, 'ac88ceb386aa4231b09bf472cb937c24', '0'),
	('3f0b2ce496bd45f19ba84e98ce110449', '0cb6b830548840bd911cf89e1045874f', 'group', '7494902cc9e948668e51f4596042b084', 'menu', '-1', NULL, NULL, '2018-09-27 14:57:37', '1', 'woozoom', NULL, NULL, NULL, NULL, NULL, NULL, NULL, NULL, NULL, 'ac88ceb386aa4231b09bf472cb937c24', '0'),
	('3f306f8e4f6c407c83216883dc59b7f2', '258651cfd4ca41cbaa70d1b233659b5c', 'group', '103593127199487794f9fd8fd573db5f', 'button', '-1', NULL, NULL, NULL, NULL, NULL, NULL, NULL, NULL, NULL, NULL, NULL, NULL, NULL, NULL, NULL, '1'),
	('3f49a4b146be49cdbaff3c9ee75fb4a2', '058dc6111eb94055b100015f0fe4b5be', 'group', '35', 'menu', '-1', NULL, NULL, '2018-09-29 14:50:18', '1', 'Mr.AG', NULL, NULL, NULL, NULL, NULL, NULL, NULL, NULL, NULL, 'ac88ceb386aa4231b09bf472cb937c24', '1'),
	('3f7abb8b4f30473c9c77b8551a5aef04', '0073c2ae7290478d92bd62750fc3da77', 'group', '7a0a75752c7d422abd2e30b7aad744d7', 'menu', '-1', NULL, NULL, '2018-10-09 10:45:43', '1', 'Mr.AG', NULL, NULL, NULL, NULL, NULL, NULL, NULL, NULL, NULL, 'ac88ceb386aa4231b09bf472cb937c24', '0'),
	('405a5557f8fe4a658340c78baa08ca5d', '153835e3242e4e0db43f836233e7f5ad', 'group', '68ee45b69c0f41cb9d6a5c33d46fb8a6', 'menu', '-1', NULL, NULL, '2018-09-30 11:35:26', '1', 'Mr.AG', NULL, NULL, NULL, NULL, NULL, NULL, NULL, NULL, NULL, 'ac88ceb386aa4231b09bf472cb937c24', '0'),
	('407d49ef526c4e0f9cad0f1330e3c5ba', '058dc6111eb94055b100015f0fe4b5be', 'group', '23', 'button', '-1', NULL, NULL, '2018-09-27 16:47:18', '1', 'Mr.AG', NULL, NULL, NULL, NULL, NULL, NULL, NULL, NULL, NULL, 'ac88ceb386aa4231b09bf472cb937c24', '1'),
	('40f7acd9bdcc4c3db5e5bd4ff93ac906', '058dc6111eb94055b100015f0fe4b5be', 'group', '17', 'button', '-1', NULL, NULL, '2018-09-27 16:47:23', '1', 'Mr.AG', NULL, NULL, NULL, NULL, NULL, NULL, NULL, NULL, NULL, 'ac88ceb386aa4231b09bf472cb937c24', '1'),
	('4185d538ca59491f8640a86a4b598b89', '0073c2ae7290478d92bd62750fc3da77', 'group', '13', 'menu', '-1', NULL, NULL, '2018-10-09 10:37:11', '1', 'Mr.AG', NULL, NULL, NULL, NULL, NULL, NULL, NULL, NULL, NULL, 'ac88ceb386aa4231b09bf472cb937c24', '1'),
	('41ef74c404214cf387464871a2aded85', '0073c2ae7290478d92bd62750fc3da77', 'group', '415eac050ab64fc3b41b11e43645f3b5', 'button', '-1', NULL, NULL, '2018-10-09 09:29:29', '1', 'Mr.AG', NULL, NULL, NULL, NULL, NULL, NULL, NULL, NULL, NULL, 'ac88ceb386aa4231b09bf472cb937c24', '0'),
	('42092a5404684bdfa89a04cb167ef6fc', '0073c2ae7290478d92bd62750fc3da77', 'group', '33', 'button', '-1', NULL, NULL, '2018-10-09 09:28:48', '1', 'Mr.AG', NULL, NULL, NULL, NULL, NULL, NULL, NULL, NULL, NULL, 'ac88ceb386aa4231b09bf472cb937c24', '0'),
	('43255907919d4fc396100c8c5ae40f46', '258651cfd4ca41cbaa70d1b233659b5c', 'group', '5', 'menu', '-1', NULL, NULL, '2018-10-10 10:40:50', '1', 'Mr.AG', NULL, NULL, NULL, NULL, NULL, NULL, NULL, NULL, NULL, 'ac88ceb386aa4231b09bf472cb937c24', '1'),
	('435dca5c525a4cbb83f6d2eb3a32cf75', '0073c2ae7290478d92bd62750fc3da77', 'group', '39925b8263664c9e923f9c34f9bc2a37', 'button', '-1', NULL, NULL, '2018-10-09 09:29:06', '1', 'Mr.AG', NULL, NULL, NULL, NULL, NULL, NULL, NULL, NULL, NULL, 'ac88ceb386aa4231b09bf472cb937c24', '0'),
	('43602d2b2dcd4ea9b7276ef44bdc7bdf', '058dc6111eb94055b100015f0fe4b5be', 'group', '3', 'button', '-1', NULL, NULL, '2018-09-27 16:47:19', '1', 'Mr.AG', NULL, NULL, NULL, NULL, NULL, NULL, NULL, NULL, NULL, 'ac88ceb386aa4231b09bf472cb937c24', '1'),
	('436dcec79dc542c9926f1aa454e501bc', '153835e3242e4e0db43f836233e7f5ad', 'group', '34', 'menu', '-1', NULL, NULL, '2018-09-30 11:35:26', '1', 'Mr.AG', NULL, NULL, NULL, NULL, NULL, NULL, NULL, NULL, NULL, 'ac88ceb386aa4231b09bf472cb937c24', '0'),
	('43ac59c610134812b2212aefe5b95a2f', 'f589f6288e754051b4b1903a62ea6bf9', 'group', '-1', 'menu', '-1', NULL, NULL, '2018-09-30 11:37:10', '1', 'Mr.AG', NULL, NULL, NULL, NULL, NULL, NULL, NULL, NULL, NULL, 'ac88ceb386aa4231b09bf472cb937c24', '0'),
	('44666cf267b44cbbae9cd53f31259204', '153835e3242e4e0db43f836233e7f5ad', 'group', '7a0a75752c7d422abd2e30b7aad744d7', 'menu', '-1', NULL, NULL, '2018-09-30 11:35:26', '1', 'Mr.AG', NULL, NULL, NULL, NULL, NULL, NULL, NULL, NULL, NULL, 'ac88ceb386aa4231b09bf472cb937c24', '0'),
	('4478922605ec43a0acebf3f480670aef', '0073c2ae7290478d92bd62750fc3da77', 'group', '21b3fe683a6040ed8c57423e55cd94a2', 'button', '-1', NULL, NULL, '2018-10-09 09:28:42', '1', 'Mr.AG', NULL, NULL, NULL, NULL, NULL, NULL, NULL, NULL, NULL, 'ac88ceb386aa4231b09bf472cb937c24', '0'),
	('449c2aae67cb410884cb380df13a2f0f', '058dc6111eb94055b100015f0fe4b5be', 'group', '47', 'button', '-1', NULL, NULL, '2018-09-27 16:30:03', '1', 'Mr.AG', NULL, NULL, NULL, NULL, NULL, NULL, NULL, NULL, NULL, 'ac88ceb386aa4231b09bf472cb937c24', '0'),
	('458c13aba2b94fb6936ecd8849be3c40', '153835e3242e4e0db43f836233e7f5ad', 'group', '4148c14ed9db4e7f9ed297ff34db3ab1', 'menu', '-1', NULL, NULL, '2018-09-30 11:35:26', '1', 'Mr.AG', NULL, NULL, NULL, NULL, NULL, NULL, NULL, NULL, NULL, 'ac88ceb386aa4231b09bf472cb937c24', '0'),
	('45a6eedcfeef43e0ab6e4cb839cc5c5c', '058dc6111eb94055b100015f0fe4b5be', 'group', '51', 'button', '-1', NULL, NULL, '2018-09-27 16:47:26', '1', 'Mr.AG', NULL, NULL, NULL, NULL, NULL, NULL, NULL, NULL, NULL, 'ac88ceb386aa4231b09bf472cb937c24', '1'),
	('45e5c6a0bfbc48f79123fef73bb932b6', '0cb6b830548840bd911cf89e1045874f', 'group', '3a61b3472fc54332a38464fb03d309ec', 'menu', '-1', NULL, NULL, '2018-09-27 14:57:37', '1', 'woozoom', NULL, NULL, NULL, NULL, NULL, NULL, NULL, NULL, NULL, 'ac88ceb386aa4231b09bf472cb937c24', '0'),
	('466878769bcb4fc1a2f3686ff67fdc9e', '058dc6111eb94055b100015f0fe4b5be', 'group', 'e18f6f0dde564e62ba91de1657595ddc', 'button', '-1', NULL, NULL, '2018-09-27 16:47:44', '1', 'Mr.AG', NULL, NULL, NULL, NULL, NULL, NULL, NULL, NULL, NULL, 'ac88ceb386aa4231b09bf472cb937c24', '1'),
	('46932dd2ab3a4f2ab9af0900f48199e2', '0073c2ae7290478d92bd62750fc3da77', 'group', '15', 'button', '-1', NULL, NULL, '2018-10-09 09:31:58', '1', 'Mr.AG', NULL, NULL, NULL, NULL, NULL, NULL, NULL, NULL, NULL, 'ac88ceb386aa4231b09bf472cb937c24', '1'),
	('46b94067c31a44f7bbbdd57e92adc0cf', '058dc6111eb94055b100015f0fe4b5be', 'group', '454f9b3de369463a93ef75492126b54e', 'menu', '-1', NULL, NULL, '2018-09-29 14:50:01', '1', 'Mr.AG', NULL, NULL, NULL, NULL, NULL, NULL, NULL, NULL, NULL, 'ac88ceb386aa4231b09bf472cb937c24', '0'),
	('46cda7afee094a7f90682b3596ea3896', '058dc6111eb94055b100015f0fe4b5be', 'group', '58', 'button', '-1', NULL, NULL, '2018-09-27 16:47:34', '1', 'Mr.AG', NULL, NULL, NULL, NULL, NULL, NULL, NULL, NULL, NULL, 'ac88ceb386aa4231b09bf472cb937c24', '1'),
	('471ae0dd76c5486fb64bd92efd2bc347', 'f589f6288e754051b4b1903a62ea6bf9', 'group', '31', 'menu', '-1', NULL, NULL, '2018-09-30 11:38:28', '1', 'Mr.AG', NULL, NULL, NULL, NULL, NULL, NULL, NULL, NULL, NULL, 'ac88ceb386aa4231b09bf472cb937c24', '1'),
	('475d5a911ffd4d0c911098984a748797', 'beb140a11d1249f9a29edb878fffa769', 'group', 'c6469be83d8e4d5ca404b46b347f7d4c', 'button', '-1', NULL, NULL, '2018-09-28 10:03:00', '1', 'Mr.AG', NULL, NULL, NULL, NULL, NULL, NULL, NULL, NULL, NULL, 'ac88ceb386aa4231b09bf472cb937c24', '0'),
	('4852245ce02344a388a029acf72dbb1c', '0073c2ae7290478d92bd62750fc3da77', 'group', '24ecd755a1ea4cf6b76c8b72ea1858fe', 'button', '-1', NULL, NULL, '2018-10-09 09:32:28', '1', 'Mr.AG', NULL, NULL, NULL, NULL, NULL, NULL, NULL, NULL, NULL, 'ac88ceb386aa4231b09bf472cb937c24', '1'),
	('486d95c66505416898fea812f956400f', 'b0bfc23bd12f47418044c556405b52ac', 'group', '7', 'menu', '-1', NULL, NULL, '2018-03-06 08:31:38', 'a1a2cb17b4f24e50bbde2f1b8a233bcb', '测试租户', NULL, NULL, NULL, NULL, NULL, NULL, NULL, NULL, NULL, '1ec08564dcc344018d6aaa910068f0f0', '0'),
	('4890585a66f74844931cea32425f6d7a', '258651cfd4ca41cbaa70d1b233659b5c', 'group', '17', 'button', '-1', NULL, NULL, '2018-09-28 09:47:47', '1', 'Mr.AG', NULL, NULL, NULL, NULL, NULL, NULL, NULL, NULL, NULL, 'ac88ceb386aa4231b09bf472cb937c24', '0'),
	('496e0175a8274e8bb1ff11bed0117736', '058dc6111eb94055b100015f0fe4b5be', 'group', 'eddad1f3d2d54ba0ac50e8c4781764cb', 'button', '-1', NULL, NULL, '2018-09-27 16:29:56', '1', 'Mr.AG', NULL, NULL, NULL, NULL, NULL, NULL, NULL, NULL, NULL, 'ac88ceb386aa4231b09bf472cb937c24', '0'),
	('49bc6bc7fad84b88a5c9c7d974618c54', 'beb140a11d1249f9a29edb878fffa769', 'group', '50', 'button', '-1', NULL, NULL, '2018-09-28 10:02:45', '1', 'Mr.AG', NULL, NULL, NULL, NULL, NULL, NULL, NULL, NULL, NULL, 'ac88ceb386aa4231b09bf472cb937c24', '0'),
	('4a1415973ca7428a98acf1c1edb9eb79', '0073c2ae7290478d92bd62750fc3da77', 'group', '46', 'button', '-1', NULL, NULL, '2018-10-09 09:29:13', '1', 'Mr.AG', NULL, NULL, NULL, NULL, NULL, NULL, NULL, NULL, NULL, 'ac88ceb386aa4231b09bf472cb937c24', '0'),
	('4a42d4b1127a4cae978890999538900d', '258651cfd4ca41cbaa70d1b233659b5c', 'group', '51', 'button', '-1', NULL, NULL, '2018-10-09 09:35:27', '1', 'Mr.AG', NULL, NULL, NULL, NULL, NULL, NULL, NULL, NULL, NULL, 'ac88ceb386aa4231b09bf472cb937c24', '0'),
	('4a6f53ebbf1a4585ac650f2a0a49a553', 'beb140a11d1249f9a29edb878fffa769', 'group', '21', 'button', '-1', NULL, NULL, '2018-09-28 10:02:40', '1', 'Mr.AG', NULL, NULL, NULL, NULL, NULL, NULL, NULL, NULL, NULL, 'ac88ceb386aa4231b09bf472cb937c24', '0'),
	('4ac6716aa6e84d7f8609ff5e2b4d033a', '058dc6111eb94055b100015f0fe4b5be', 'group', 'c6469be83d8e4d5ca404b46b347f7d4c', 'button', '-1', NULL, NULL, '2018-09-27 16:47:34', '1', 'Mr.AG', NULL, NULL, NULL, NULL, NULL, NULL, NULL, NULL, NULL, 'ac88ceb386aa4231b09bf472cb937c24', '1'),
	('4ae47dc926a64e2c899d7e4deac58712', '058dc6111eb94055b100015f0fe4b5be', 'group', '48', 'button', '-1', NULL, NULL, '2018-09-27 16:29:51', '1', 'Mr.AG', NULL, NULL, NULL, NULL, NULL, NULL, NULL, NULL, NULL, 'ac88ceb386aa4231b09bf472cb937c24', '0'),
	('4b0792fe0f5c4475a8d89504ae7568eb', '058dc6111eb94055b100015f0fe4b5be', 'group', '5', 'menu', '-1', NULL, NULL, '2018-09-29 14:50:01', '1', 'Mr.AG', NULL, NULL, NULL, NULL, NULL, NULL, NULL, NULL, NULL, 'ac88ceb386aa4231b09bf472cb937c24', '0'),
	('4b2f990f679546ac8077cc5e20f55322', '0cb6b830548840bd911cf89e1045874f', 'group', '4148c14ed9db4e7f9ed297ff34db3ab1', 'menu', '-1', NULL, NULL, '2018-09-27 14:57:37', '1', 'woozoom', NULL, NULL, NULL, NULL, NULL, NULL, NULL, NULL, NULL, 'ac88ceb386aa4231b09bf472cb937c24', '0'),
	('4b587a4ea6824ba5974f79653d5fff54', 'beb140a11d1249f9a29edb878fffa769', 'group', '4', 'button', '-1', NULL, NULL, '2018-09-28 10:02:32', '1', 'Mr.AG', NULL, NULL, NULL, NULL, NULL, NULL, NULL, NULL, NULL, 'ac88ceb386aa4231b09bf472cb937c24', '0'),
	('4c7e27ae88684bc2b13575cb0751e376', '0073c2ae7290478d92bd62750fc3da77', 'group', '9', 'button', '-1', NULL, NULL, '2018-10-09 09:28:34', '1', 'Mr.AG', NULL, NULL, NULL, NULL, NULL, NULL, NULL, NULL, NULL, 'ac88ceb386aa4231b09bf472cb937c24', '0'),
	('4cbd554a621240a4baa6cc8e0e359fe3', '058dc6111eb94055b100015f0fe4b5be', 'group', '24', 'button', '-1', NULL, NULL, '2018-09-27 16:47:21', '1', 'Mr.AG', NULL, NULL, NULL, NULL, NULL, NULL, NULL, NULL, NULL, 'ac88ceb386aa4231b09bf472cb937c24', '1'),
	('4ce445b9b89e478c975fc6a7684a2ce3', '058dc6111eb94055b100015f0fe4b5be', 'group', '13', 'menu', '-1', NULL, NULL, '2018-09-29 14:50:18', '1', 'Mr.AG', NULL, NULL, NULL, NULL, NULL, NULL, NULL, NULL, NULL, 'ac88ceb386aa4231b09bf472cb937c24', '1'),
	('4cf49d8b6a3843c59f28cc0d9db9525d', 'beb140a11d1249f9a29edb878fffa769', 'group', '5', 'menu', '-1', NULL, NULL, '2018-09-28 09:59:09', 'e4ee2dbb147e4b4ca02d3b32c0013205', 'zsc', NULL, NULL, NULL, NULL, NULL, NULL, NULL, NULL, NULL, 'ac88ceb386aa4231b09bf472cb937c24', '1'),
	('4d1f8adbe67c4e448ea989a8df935e55', 'beb140a11d1249f9a29edb878fffa769', 'group', '35', 'button', '-1', NULL, NULL, '2018-09-28 10:02:42', '1', 'Mr.AG', NULL, NULL, NULL, NULL, NULL, NULL, NULL, NULL, NULL, 'ac88ceb386aa4231b09bf472cb937c24', '0'),
	('4d33cc0bf2c94c8aacc2add8a642cbb9', '058dc6111eb94055b100015f0fe4b5be', 'group', '7', 'menu', '-1', NULL, NULL, '2018-09-29 14:50:01', '1', 'Mr.AG', NULL, NULL, NULL, NULL, NULL, NULL, NULL, NULL, NULL, 'ac88ceb386aa4231b09bf472cb937c24', '0'),
	('4d6917035ba9471b977eb6dc02ad99fb', 'f589f6288e754051b4b1903a62ea6bf9', 'group', 'b5211cc69d234b28a97f27e63edc9a58', 'menu', '-1', NULL, NULL, '2018-09-30 11:37:10', '1', 'Mr.AG', NULL, NULL, NULL, NULL, NULL, NULL, NULL, NULL, NULL, 'ac88ceb386aa4231b09bf472cb937c24', '0'),
	('4e0531d5b70f4b1ca09a1130e4f04565', '058dc6111eb94055b100015f0fe4b5be', 'group', '9', 'button', '-1', NULL, NULL, '2018-09-27 16:27:28', '1', 'Mr.AG', NULL, NULL, NULL, NULL, NULL, NULL, NULL, NULL, NULL, 'ac88ceb386aa4231b09bf472cb937c24', '0'),
	('4e0dd5c9fa094b5191a1b4869f2320ac', 'beb140a11d1249f9a29edb878fffa769', 'group', '23', 'button', '-1', NULL, NULL, '2018-09-28 10:02:32', '1', 'Mr.AG', NULL, NULL, NULL, NULL, NULL, NULL, NULL, NULL, NULL, 'ac88ceb386aa4231b09bf472cb937c24', '0'),
	('4e4e9aeedbce46eeb14eec9ea8f74142', '0073c2ae7290478d92bd62750fc3da77', 'group', '49', 'button', '-1', NULL, NULL, '2018-10-09 09:32:07', '1', 'Mr.AG', NULL, NULL, NULL, NULL, NULL, NULL, NULL, NULL, NULL, 'ac88ceb386aa4231b09bf472cb937c24', '1'),
	('4f144c816618461c824f5936e8f53cd8', '258651cfd4ca41cbaa70d1b233659b5c', 'group', '3', 'button', '-1', NULL, NULL, NULL, NULL, NULL, NULL, NULL, NULL, NULL, NULL, NULL, NULL, NULL, NULL, NULL, '1'),
	('4feee211a87a47b98a20af754dd24066', '258651cfd4ca41cbaa70d1b233659b5c', 'group', '53', 'button', '-1', NULL, NULL, '2018-10-09 09:35:27', '1', 'Mr.AG', NULL, NULL, NULL, NULL, NULL, NULL, NULL, NULL, NULL, 'ac88ceb386aa4231b09bf472cb937c24', '0'),
	('50cf3b31a6704d52ad2e947c271a5730', '058dc6111eb94055b100015f0fe4b5be', 'group', 'f7b1d97edd98407aab36a01d290683ee', 'button', '-1', NULL, NULL, '2018-09-27 16:30:07', '1', 'Mr.AG', NULL, NULL, NULL, NULL, NULL, NULL, NULL, NULL, NULL, 'ac88ceb386aa4231b09bf472cb937c24', '0'),
	('51226405f1db4705982393d761da8717', 'beb140a11d1249f9a29edb878fffa769', 'group', '3', 'button', '-1', NULL, NULL, '2018-09-28 10:02:32', '1', 'Mr.AG', NULL, NULL, NULL, NULL, NULL, NULL, NULL, NULL, NULL, 'ac88ceb386aa4231b09bf472cb937c24', '0'),
	('51606a2ea7944f6ea3fd3e826bc03efb', '0073c2ae7290478d92bd62750fc3da77', 'group', '35', 'button', '-1', NULL, NULL, '2018-10-09 09:28:48', '1', 'Mr.AG', NULL, NULL, NULL, NULL, NULL, NULL, NULL, NULL, NULL, 'ac88ceb386aa4231b09bf472cb937c24', '0'),
	('51bfe88f6c37492097e3daa4b51ab60f', '058dc6111eb94055b100015f0fe4b5be', 'group', '33', 'menu', '-1', NULL, NULL, '2018-09-29 14:50:18', '1', 'Mr.AG', NULL, NULL, NULL, NULL, NULL, NULL, NULL, NULL, NULL, 'ac88ceb386aa4231b09bf472cb937c24', '1'),
	('51d19bd3adbe48678fcfb3490a8309f1', 'f589f6288e754051b4b1903a62ea6bf9', 'group', '3a61b3472fc54332a38464fb03d309ec', 'menu', '-1', NULL, NULL, '2018-09-30 11:37:10', '1', 'Mr.AG', NULL, NULL, NULL, NULL, NULL, NULL, NULL, NULL, NULL, 'ac88ceb386aa4231b09bf472cb937c24', '0'),
	('5284227cea9a43f59aabcff8a7344d2e', '29b565f55d844f5ca79b64c184fe4752', 'group', '342a587a51d647a1b53c6d97363cf428', 'menu', '-1', NULL, NULL, '2018-09-27 14:58:05', '1', 'woozoom', NULL, NULL, NULL, NULL, NULL, NULL, NULL, NULL, NULL, 'ac88ceb386aa4231b09bf472cb937c24', '0'),
	('530197d096b24960819cddfbe0545881', '058dc6111eb94055b100015f0fe4b5be', 'group', '96b0a3ef055a4229a7d8f27c08a73b10', 'button', '-1', NULL, NULL, '2018-09-27 16:47:54', '1', 'Mr.AG', NULL, NULL, NULL, NULL, NULL, NULL, NULL, NULL, NULL, 'ac88ceb386aa4231b09bf472cb937c24', '1'),
	('53907551b99a4464b1cd3a6ef44a1d5a', '153835e3242e4e0db43f836233e7f5ad', 'group', '7ed2d4b54db94636a6016f3de91e25a9', 'menu', '-1', NULL, NULL, '2018-09-30 11:35:26', '1', 'Mr.AG', NULL, NULL, NULL, NULL, NULL, NULL, NULL, NULL, NULL, 'ac88ceb386aa4231b09bf472cb937c24', '0'),
	('53a81d872c354547933c6b96df9e9372', '058dc6111eb94055b100015f0fe4b5be', 'group', '7a0a75752c7d422abd2e30b7aad744d7', 'menu', '-1', NULL, NULL, '2018-09-29 14:50:18', '1', 'Mr.AG', NULL, NULL, NULL, NULL, NULL, NULL, NULL, NULL, NULL, 'ac88ceb386aa4231b09bf472cb937c24', '1'),
	('543115e09ade47949251d676c3a08744', '258651cfd4ca41cbaa70d1b233659b5c', 'group', '48', 'button', '-1', NULL, NULL, '2018-10-09 09:35:27', '1', 'Mr.AG', NULL, NULL, NULL, NULL, NULL, NULL, NULL, NULL, NULL, 'ac88ceb386aa4231b09bf472cb937c24', '0'),
	('54644023799e4fb7b48f7b4e016e0c90', '3d42aacb3f864188bb134a7a1fa2d158', 'group', '-1', 'menu', '-1', NULL, NULL, '2018-10-10 10:43:24', 'feedbcf7c98c4fafa7ea353480457d60', 'zsc2', NULL, NULL, NULL, NULL, NULL, NULL, NULL, NULL, NULL, '398ecc75eab24b048ed5448dd47f3df0', '0'),
	('55427d16deaa457da99930f6078cbd5c', '058dc6111eb94055b100015f0fe4b5be', 'group', 'd6b714eff47a42d0a654e55c39304dd5', 'button', '-1', NULL, NULL, '2018-09-27 16:29:56', '1', 'Mr.AG', NULL, NULL, NULL, NULL, NULL, NULL, NULL, NULL, NULL, 'ac88ceb386aa4231b09bf472cb937c24', '0'),
	('554aa8a690674a2ab61308fc45650268', '153835e3242e4e0db43f836233e7f5ad', 'group', '258fa7ce80fe45678c74941e8eefa54b', 'menu', '-1', NULL, NULL, '2018-09-30 11:35:26', '1', 'Mr.AG', NULL, NULL, NULL, NULL, NULL, NULL, NULL, NULL, NULL, 'ac88ceb386aa4231b09bf472cb937c24', '0'),
	('557d795080a2490fba573e3eff92e18f', '058dc6111eb94055b100015f0fe4b5be', 'group', '8', 'menu', '-1', NULL, NULL, '2018-09-29 14:50:01', '1', 'Mr.AG', NULL, NULL, NULL, NULL, NULL, NULL, NULL, NULL, NULL, 'ac88ceb386aa4231b09bf472cb937c24', '0'),
	('55e871dc26994c40b9cca66f68321cfb', '0073c2ae7290478d92bd62750fc3da77', 'group', '10', 'button', '-1', NULL, NULL, '2018-10-09 09:31:57', '1', 'Mr.AG', NULL, NULL, NULL, NULL, NULL, NULL, NULL, NULL, NULL, 'ac88ceb386aa4231b09bf472cb937c24', '1'),
	('562ed82dba8c4e11bc50f55e30d1d0a2', '153835e3242e4e0db43f836233e7f5ad', 'group', '7ed2d4b54db94636a6016f3de91e25a9', 'menu', '-1', NULL, NULL, '2018-09-30 11:37:42', '1', 'Mr.AG', NULL, NULL, NULL, NULL, NULL, NULL, NULL, NULL, NULL, 'ac88ceb386aa4231b09bf472cb937c24', '1'),
	('56b5334817ee4ddc86a1c789efe7fdb6', '153835e3242e4e0db43f836233e7f5ad', 'group', '258fa7ce80fe45678c74941e8eefa54b', 'menu', '-1', NULL, NULL, '2018-09-30 11:37:42', '1', 'Mr.AG', NULL, NULL, NULL, NULL, NULL, NULL, NULL, NULL, NULL, 'ac88ceb386aa4231b09bf472cb937c24', '1'),
	('571e78c8ca9e4df6b77db7bfbe549f8d', '058dc6111eb94055b100015f0fe4b5be', 'group', '57', 'button', '-1', NULL, NULL, '2018-09-27 16:47:34', '1', 'Mr.AG', NULL, NULL, NULL, NULL, NULL, NULL, NULL, NULL, NULL, 'ac88ceb386aa4231b09bf472cb937c24', '1'),
	('57765476d4274bafbb71776f199b574e', '0073c2ae7290478d92bd62750fc3da77', 'group', 'cdf65eea98fa4679bd3f1041d5c06d68', 'button', '-1', NULL, NULL, '2018-10-09 09:29:23', '1', 'Mr.AG', NULL, NULL, NULL, NULL, NULL, NULL, NULL, NULL, NULL, 'ac88ceb386aa4231b09bf472cb937c24', '0'),
	('57a535f203804f109f32f01f670c8915', '058dc6111eb94055b100015f0fe4b5be', 'group', '28', 'button', '-1', NULL, NULL, '2018-09-27 16:47:23', '1', 'Mr.AG', NULL, NULL, NULL, NULL, NULL, NULL, NULL, NULL, NULL, 'ac88ceb386aa4231b09bf472cb937c24', '1'),
	('57b5a7bb7f414825a99b47a0b468edfc', '0073c2ae7290478d92bd62750fc3da77', 'group', 'b5211cc69d234b28a97f27e63edc9a58', 'menu', '-1', NULL, NULL, '2018-10-09 10:45:43', '1', 'Mr.AG', NULL, NULL, NULL, NULL, NULL, NULL, NULL, NULL, NULL, 'ac88ceb386aa4231b09bf472cb937c24', '0'),
	('57cbb13bd61f4169864c502ed85c5cbe', '153835e3242e4e0db43f836233e7f5ad', 'group', '-1', 'menu', '-1', NULL, NULL, '2018-09-30 11:35:26', '1', 'Mr.AG', NULL, NULL, NULL, NULL, NULL, NULL, NULL, NULL, NULL, 'ac88ceb386aa4231b09bf472cb937c24', '0'),
	('58bbfa332d9d45a4a76e028d183bed16', '153835e3242e4e0db43f836233e7f5ad', 'group', '1', 'menu', '-1', NULL, NULL, '2018-09-30 11:35:26', '1', 'Mr.AG', NULL, NULL, NULL, NULL, NULL, NULL, NULL, NULL, NULL, 'ac88ceb386aa4231b09bf472cb937c24', '0'),
	('591555fc92fa43bba2bd9300e39861a7', 'f589f6288e754051b4b1903a62ea6bf9', 'group', '5', 'menu', '-1', NULL, NULL, '2018-09-30 11:37:10', '1', 'Mr.AG', NULL, NULL, NULL, NULL, NULL, NULL, NULL, NULL, NULL, 'ac88ceb386aa4231b09bf472cb937c24', '0'),
	('595d03c2b5534422aaa22cfda73b0163', '258651cfd4ca41cbaa70d1b233659b5c', 'group', '55', 'button', '-1', NULL, NULL, '2018-10-09 09:35:27', '1', 'Mr.AG', NULL, NULL, NULL, NULL, NULL, NULL, NULL, NULL, NULL, 'ac88ceb386aa4231b09bf472cb937c24', '0'),
	('59734799891f44aab11492612791e38d', '058dc6111eb94055b100015f0fe4b5be', 'group', 'be71cacc556d4858b3d759086da2194f', 'menu', '-1', NULL, NULL, '2018-09-29 14:50:01', '1', 'Mr.AG', NULL, NULL, NULL, NULL, NULL, NULL, NULL, NULL, NULL, 'ac88ceb386aa4231b09bf472cb937c24', '0'),
	('59bed30f0470464a848b7f9629b07b3f', '0073c2ae7290478d92bd62750fc3da77', 'group', '44', 'button', '-1', NULL, NULL, '2018-10-09 10:36:58', '1', 'Mr.AG', NULL, NULL, NULL, NULL, NULL, NULL, NULL, NULL, NULL, 'ac88ceb386aa4231b09bf472cb937c24', '1'),
	('59d61b10af6748af8a43d74d89daf126', 'beb140a11d1249f9a29edb878fffa769', 'group', '17', 'button', '-1', NULL, NULL, '2018-09-28 10:02:40', '1', 'Mr.AG', NULL, NULL, NULL, NULL, NULL, NULL, NULL, NULL, NULL, 'ac88ceb386aa4231b09bf472cb937c24', '0'),
	('5a3023ac47f04899ad25b54686f34b99', '0073c2ae7290478d92bd62750fc3da77', 'group', '19', 'button', '-1', NULL, NULL, '2018-10-09 09:32:01', '1', 'Mr.AG', NULL, NULL, NULL, NULL, NULL, NULL, NULL, NULL, NULL, 'ac88ceb386aa4231b09bf472cb937c24', '1'),
	('5a463d9528764b2681474258d7115596', '058dc6111eb94055b100015f0fe4b5be', 'group', '6b5b2f7373f64d9c914a8e38c1463f42', 'button', '-1', NULL, NULL, '2018-09-27 16:30:22', '1', 'Mr.AG', NULL, NULL, NULL, NULL, NULL, NULL, NULL, NULL, NULL, 'ac88ceb386aa4231b09bf472cb937c24', '0'),
	('5b3a789f404948079684558e8994e31d', 'f589f6288e754051b4b1903a62ea6bf9', 'group', '8', 'menu', '-1', NULL, NULL, '2018-09-30 11:37:10', '1', 'Mr.AG', NULL, NULL, NULL, NULL, NULL, NULL, NULL, NULL, NULL, 'ac88ceb386aa4231b09bf472cb937c24', '0'),
	('5c06ac908d6048faae5acec1beb501ba', '058dc6111eb94055b100015f0fe4b5be', 'group', '7ed2d4b54db94636a6016f3de91e25a9', 'menu', '-1', NULL, NULL, '2018-09-29 14:50:18', '1', 'Mr.AG', NULL, NULL, NULL, NULL, NULL, NULL, NULL, NULL, NULL, 'ac88ceb386aa4231b09bf472cb937c24', '1'),
	('5ca957062460487b8a33afa1e0cd5012', '058dc6111eb94055b100015f0fe4b5be', 'group', '103593127199487794f9fd8fd573db5f', 'button', '-1', NULL, NULL, '2018-09-27 16:47:34', '1', 'Mr.AG', NULL, NULL, NULL, NULL, NULL, NULL, NULL, NULL, NULL, 'ac88ceb386aa4231b09bf472cb937c24', '1'),
	('5cb72f16a7fb4e56adda4dbf53d4a28d', '0073c2ae7290478d92bd62750fc3da77', 'group', '43', 'button', '-1', NULL, NULL, '2018-10-09 10:36:58', '1', 'Mr.AG', NULL, NULL, NULL, NULL, NULL, NULL, NULL, NULL, NULL, 'ac88ceb386aa4231b09bf472cb937c24', '1'),
	('5cc1dcc952b74b82add4833a8ccf0a3d', '3d42aacb3f864188bb134a7a1fa2d158', 'group', 'ef73cc9bf70d448caf72e3f45015700a', 'button', '-1', NULL, NULL, '2018-10-10 10:42:54', 'feedbcf7c98c4fafa7ea353480457d60', 'zsc2', NULL, NULL, NULL, NULL, NULL, NULL, NULL, NULL, NULL, '398ecc75eab24b048ed5448dd47f3df0', '0'),
	('5d620099a65a4307845b4b667af941d0', '058dc6111eb94055b100015f0fe4b5be', 'group', '4148c14ed9db4e7f9ed297ff34db3ab1', 'menu', '-1', NULL, NULL, '2018-09-29 14:50:01', '1', 'Mr.AG', NULL, NULL, NULL, NULL, NULL, NULL, NULL, NULL, NULL, 'ac88ceb386aa4231b09bf472cb937c24', '0'),
	('5e3f561fc4934aacaa2d8fddc733f6fd', '058dc6111eb94055b100015f0fe4b5be', 'group', '44', 'button', '-1', NULL, NULL, '2018-09-27 16:47:37', '1', 'Mr.AG', NULL, NULL, NULL, NULL, NULL, NULL, NULL, NULL, NULL, 'ac88ceb386aa4231b09bf472cb937c24', '1'),
	('5e576b0e347447858110d655f7b776ec', '153835e3242e4e0db43f836233e7f5ad', 'group', '342a587a51d647a1b53c6d97363cf428', 'menu', '-1', NULL, NULL, '2018-09-30 11:35:26', '1', 'Mr.AG', NULL, NULL, NULL, NULL, NULL, NULL, NULL, NULL, NULL, 'ac88ceb386aa4231b09bf472cb937c24', '0'),
	('5e6895c6de5642819aef2a4e0f9a457e', '153835e3242e4e0db43f836233e7f5ad', 'group', '7494902cc9e948668e51f4596042b084', 'menu', '-1', NULL, NULL, '2018-09-30 11:35:26', '1', 'Mr.AG', NULL, NULL, NULL, NULL, NULL, NULL, NULL, NULL, NULL, 'ac88ceb386aa4231b09bf472cb937c24', '0'),
	('5ec71cf8752849dbaf1ed62230c8cebd', 'beb140a11d1249f9a29edb878fffa769', 'group', '27', 'button', '-1', NULL, NULL, '2018-09-28 10:02:37', '1', 'Mr.AG', NULL, NULL, NULL, NULL, NULL, NULL, NULL, NULL, NULL, 'ac88ceb386aa4231b09bf472cb937c24', '0'),
	('5f7be9ff9a7b49c8ac5a809d6696f5cd', 'a38aa1d3913742ec86370a17b2ed0507', 'group', '5', 'button', '-1', NULL, NULL, '2018-03-06 11:30:50', 'a1a2cb17b4f24e50bbde2f1b8a233bcb', '测试租户', NULL, NULL, NULL, NULL, NULL, NULL, NULL, NULL, NULL, '1ec08564dcc344018d6aaa910068f0f0', '0'),
	('5f7f0151ac3d4d11996bf1b344b4dd4e', '058dc6111eb94055b100015f0fe4b5be', 'group', '-1', 'menu', '-1', NULL, NULL, '2018-09-29 14:50:01', '1', 'Mr.AG', NULL, NULL, NULL, NULL, NULL, NULL, NULL, NULL, NULL, 'ac88ceb386aa4231b09bf472cb937c24', '0'),
	('5f9641905fe844d4ba0da58058f3c798', '058dc6111eb94055b100015f0fe4b5be', 'group', '21', 'button', '-1', NULL, NULL, '2018-09-27 16:47:23', '1', 'Mr.AG', NULL, NULL, NULL, NULL, NULL, NULL, NULL, NULL, NULL, 'ac88ceb386aa4231b09bf472cb937c24', '1'),
	('5fe2aa2cd6f640e38423597f706c2235', '058dc6111eb94055b100015f0fe4b5be', 'group', '261687195b814cfc838bf1d45954abb3', 'button', '-1', NULL, NULL, '2018-09-27 16:47:49', '1', 'Mr.AG', NULL, NULL, NULL, NULL, NULL, NULL, NULL, NULL, NULL, 'ac88ceb386aa4231b09bf472cb937c24', '1'),
	('6027aa841e104c9a9ce3eefa176d2881', 'b0bfc23bd12f47418044c556405b52ac', 'group', '6', 'menu', '-1', NULL, NULL, '2018-03-06 08:31:38', 'a1a2cb17b4f24e50bbde2f1b8a233bcb', '测试租户', NULL, NULL, NULL, NULL, NULL, NULL, NULL, NULL, NULL, '1ec08564dcc344018d6aaa910068f0f0', '0'),
	('6104241566244b2cbcdea969fe72c7bd', '0073c2ae7290478d92bd62750fc3da77', 'group', '21b3fe683a6040ed8c57423e55cd94a2', 'button', '-1', NULL, NULL, '2018-10-09 09:32:01', '1', 'Mr.AG', NULL, NULL, NULL, NULL, NULL, NULL, NULL, NULL, NULL, 'ac88ceb386aa4231b09bf472cb937c24', '1'),
	('611275e057be49129db8831f2d7b881a', '058dc6111eb94055b100015f0fe4b5be', 'group', 'e297bed8d3b6401995cfcb6aed410d2e', 'menu', '-1', NULL, NULL, '2018-09-29 14:50:01', '1', 'Mr.AG', NULL, NULL, NULL, NULL, NULL, NULL, NULL, NULL, NULL, 'ac88ceb386aa4231b09bf472cb937c24', '0'),
	('6132bc15a9a0453b9c62fbfc3968d11e', 'f589f6288e754051b4b1903a62ea6bf9', 'group', '13', 'menu', '-1', NULL, NULL, '2018-09-30 11:38:28', '1', 'Mr.AG', NULL, NULL, NULL, NULL, NULL, NULL, NULL, NULL, NULL, 'ac88ceb386aa4231b09bf472cb937c24', '1'),
	('615dabc10a19477a87cd804fb64a2aca', '0073c2ae7290478d92bd62750fc3da77', 'group', '55', 'button', '-1', NULL, NULL, '2018-10-09 09:28:51', '1', 'Mr.AG', NULL, NULL, NULL, NULL, NULL, NULL, NULL, NULL, NULL, 'ac88ceb386aa4231b09bf472cb937c24', '0'),
	('61c72af8cb5e4480b26d55852074a5c7', '0073c2ae7290478d92bd62750fc3da77', 'group', '28', 'button', '-1', NULL, NULL, '2018-10-09 09:32:02', '1', 'Mr.AG', NULL, NULL, NULL, NULL, NULL, NULL, NULL, NULL, NULL, 'ac88ceb386aa4231b09bf472cb937c24', '1'),
	('61ea7409e6db4f7cb723abe88f702e12', '0073c2ae7290478d92bd62750fc3da77', 'group', '48', 'button', '-1', NULL, NULL, '2018-10-09 09:32:06', '1', 'Mr.AG', NULL, NULL, NULL, NULL, NULL, NULL, NULL, NULL, NULL, 'ac88ceb386aa4231b09bf472cb937c24', '1'),
	('62499696ae4c4b76a635b7d7d87cd292', '0073c2ae7290478d92bd62750fc3da77', 'group', 'f7b1d97edd98407aab36a01d290683ee', 'button', '-1', NULL, NULL, '2018-10-09 09:29:23', '1', 'Mr.AG', NULL, NULL, NULL, NULL, NULL, NULL, NULL, NULL, NULL, 'ac88ceb386aa4231b09bf472cb937c24', '0'),
	('62acd67e23d04ecda771ffece7a90fdc', 'e25364701f3c47ec859058c70c0f468c', 'group', 'e297bed8d3b6401995cfcb6aed410d2e', 'menu', '-1', NULL, NULL, '2018-10-08 10:31:18', '1', 'Mr.AG', NULL, NULL, NULL, NULL, NULL, NULL, NULL, NULL, NULL, 'ac88ceb386aa4231b09bf472cb937c24', '0'),
	('62be8d4a3fd740a0a82aab6bda3f7e8f', '058dc6111eb94055b100015f0fe4b5be', 'group', '20', 'button', '-1', NULL, NULL, '2018-09-27 16:47:23', '1', 'Mr.AG', NULL, NULL, NULL, NULL, NULL, NULL, NULL, NULL, NULL, 'ac88ceb386aa4231b09bf472cb937c24', '1'),
	('64587eea883f4a188af1637f1773863d', 'b0bfc23bd12f47418044c556405b52ac', 'group', '3', 'button', '-1', NULL, NULL, '2018-03-06 08:30:41', 'a1a2cb17b4f24e50bbde2f1b8a233bcb', '测试租户', NULL, NULL, NULL, NULL, NULL, NULL, NULL, NULL, NULL, '1ec08564dcc344018d6aaa910068f0f0', '0'),
	('64876bee54a34a50ace0033df015b7cf', '058dc6111eb94055b100015f0fe4b5be', 'group', 'b5211cc69d234b28a97f27e63edc9a58', 'menu', '-1', NULL, NULL, '2018-09-29 14:50:18', '1', 'Mr.AG', NULL, NULL, NULL, NULL, NULL, NULL, NULL, NULL, NULL, 'ac88ceb386aa4231b09bf472cb937c24', '1'),
	('65a9a77e41c349b3bb1ce11b9bf36f22', '09cb1775d68c482782f6c4024c99c92f', 'group', '454f9b3de369463a93ef75492126b54e', 'menu', '-1', NULL, NULL, '2018-09-27 14:58:20', '1', 'woozoom', NULL, NULL, NULL, NULL, NULL, NULL, NULL, NULL, NULL, 'ac88ceb386aa4231b09bf472cb937c24', '0'),
	('65b049a9af434a3fb89fa916cbcc0bfc', '29b565f55d844f5ca79b64c184fe4752', 'group', '7ed2d4b54db94636a6016f3de91e25a9', 'menu', '-1', NULL, NULL, '2018-09-27 14:58:05', '1', 'woozoom', NULL, NULL, NULL, NULL, NULL, NULL, NULL, NULL, NULL, 'ac88ceb386aa4231b09bf472cb937c24', '0'),
	('675c1300dbbf45be8c738cfeb81a90e1', '058dc6111eb94055b100015f0fe4b5be', 'group', '73db20cb63e6439f80b2f992e64f545d', 'button', '-1', NULL, NULL, '2018-09-27 16:47:41', '1', 'Mr.AG', NULL, NULL, NULL, NULL, NULL, NULL, NULL, NULL, NULL, 'ac88ceb386aa4231b09bf472cb937c24', '1'),
	('68a9f12d2f3f4008aec2f2ff1185a8cd', '0073c2ae7290478d92bd62750fc3da77', 'group', 'f7b1d97edd98407aab36a01d290683ee', 'button', '-1', NULL, NULL, '2018-10-09 10:37:04', '1', 'Mr.AG', NULL, NULL, NULL, NULL, NULL, NULL, NULL, NULL, NULL, 'ac88ceb386aa4231b09bf472cb937c24', '1'),
	('69388de8e28c4f6f9d0d8186edc18c38', '258651cfd4ca41cbaa70d1b233659b5c', 'group', '103593127199487794f9fd8fd573db5f', 'button', '-1', NULL, NULL, NULL, NULL, NULL, NULL, NULL, NULL, NULL, NULL, NULL, NULL, NULL, NULL, NULL, '0'),
	('6969f9f5b4b24e96be9793971d85dd91', '366af0a7fd79453fbe54c0d24917ec4b', 'group', '23', 'button', '-1', NULL, NULL, NULL, NULL, NULL, NULL, NULL, NULL, NULL, NULL, NULL, NULL, NULL, NULL, NULL, '0'),
	('69af2703888c49acbd999c3dde520180', 'beb140a11d1249f9a29edb878fffa769', 'group', '16', 'button', '-1', NULL, NULL, '2018-09-28 10:02:40', '1', 'Mr.AG', NULL, NULL, NULL, NULL, NULL, NULL, NULL, NULL, NULL, 'ac88ceb386aa4231b09bf472cb937c24', '0'),
	('69c1cc2d44bf4cc78c73524652484b13', '058dc6111eb94055b100015f0fe4b5be', 'group', 'd26625c13796423c8353176197cd7f0d', 'button', '-1', NULL, NULL, '2018-09-27 16:30:07', '1', 'Mr.AG', NULL, NULL, NULL, NULL, NULL, NULL, NULL, NULL, NULL, 'ac88ceb386aa4231b09bf472cb937c24', '0'),
	('6a184d2555e9498bab342aad4b759ed9', '153835e3242e4e0db43f836233e7f5ad', 'group', '3a61b3472fc54332a38464fb03d309ec', 'menu', '-1', NULL, NULL, '2018-09-30 11:35:26', '1', 'Mr.AG', NULL, NULL, NULL, NULL, NULL, NULL, NULL, NULL, NULL, 'ac88ceb386aa4231b09bf472cb937c24', '0'),
	('6a45b823f34d49b092d6b31646c65153', '0073c2ae7290478d92bd62750fc3da77', 'group', '4ee4f57a2d92494abe2595bff4f32057', 'button', '-1', NULL, NULL, '2018-10-09 09:28:42', '1', 'Mr.AG', NULL, NULL, NULL, NULL, NULL, NULL, NULL, NULL, NULL, 'ac88ceb386aa4231b09bf472cb937c24', '0'),
	('6a91a0db819046a1bba2912d3e01db62', '0cb6b830548840bd911cf89e1045874f', 'group', 'c889c79388724a078d0e8724ba3e66a5', 'menu', '-1', NULL, NULL, '2018-09-27 14:57:37', '1', 'woozoom', NULL, NULL, NULL, NULL, NULL, NULL, NULL, NULL, NULL, 'ac88ceb386aa4231b09bf472cb937c24', '0'),
	('6acb23c1121843639bbcce1857459cc2', '058dc6111eb94055b100015f0fe4b5be', 'group', '19', 'button', '-1', NULL, NULL, '2018-09-27 16:47:23', '1', 'Mr.AG', NULL, NULL, NULL, NULL, NULL, NULL, NULL, NULL, NULL, 'ac88ceb386aa4231b09bf472cb937c24', '1'),
	('6aee55cbc8ef4f289c48c85db2866640', '058dc6111eb94055b100015f0fe4b5be', 'group', '4148c14ed9db4e7f9ed297ff34db3ab1', 'menu', '-1', NULL, NULL, '2018-09-29 14:50:18', '1', 'Mr.AG', NULL, NULL, NULL, NULL, NULL, NULL, NULL, NULL, NULL, 'ac88ceb386aa4231b09bf472cb937c24', '1'),
	('6b3224315f6e46f48deb9ff1cda0412e', '0073c2ae7290478d92bd62750fc3da77', 'group', '68ee45b69c0f41cb9d6a5c33d46fb8a6', 'menu', '-1', NULL, NULL, '2018-10-09 10:37:11', '1', 'Mr.AG', NULL, NULL, NULL, NULL, NULL, NULL, NULL, NULL, NULL, 'ac88ceb386aa4231b09bf472cb937c24', '1'),
	('6b36883a0411441885fe916e3eee9ee6', 'f589f6288e754051b4b1903a62ea6bf9', 'group', '72cc725ac08340d4909bb822fcf61d8c', 'button', '-1', NULL, NULL, '2018-09-30 11:37:03', '1', 'Mr.AG', NULL, NULL, NULL, NULL, NULL, NULL, NULL, NULL, NULL, 'ac88ceb386aa4231b09bf472cb937c24', '0'),
	('6b4714b92dd241d8897d8e50b2f2c938', '0073c2ae7290478d92bd62750fc3da77', 'group', '27', 'button', '-1', NULL, NULL, '2018-10-09 09:28:34', '1', 'Mr.AG', NULL, NULL, NULL, NULL, NULL, NULL, NULL, NULL, NULL, 'ac88ceb386aa4231b09bf472cb937c24', '0'),
	('6b6114349f8d4395a03ab769a299ea43', '258651cfd4ca41cbaa70d1b233659b5c', 'group', '28', 'button', '-1', NULL, NULL, NULL, NULL, NULL, NULL, NULL, NULL, NULL, NULL, NULL, NULL, NULL, NULL, NULL, '1'),
	('6baecd4cfe6c42688997ed276f84badd', '058dc6111eb94055b100015f0fe4b5be', 'group', 'b8c91a10051540b3afa09992ccb52465', 'button', '-1', NULL, NULL, '2018-09-27 16:30:23', '1', 'Mr.AG', NULL, NULL, NULL, NULL, NULL, NULL, NULL, NULL, NULL, 'ac88ceb386aa4231b09bf472cb937c24', '0'),
	('6bb206b0ca2f4af880dca78379c58e90', 'e25364701f3c47ec859058c70c0f468c', 'group', 'f8c892c21e424ed8be7fa5204a308c41', 'menu', '-1', NULL, NULL, '2018-10-08 10:31:18', '1', 'Mr.AG', NULL, NULL, NULL, NULL, NULL, NULL, NULL, NULL, NULL, 'ac88ceb386aa4231b09bf472cb937c24', '0'),
	('6c0f05fec617430fb2b020a16712cd99', '258651cfd4ca41cbaa70d1b233659b5c', 'group', '1', 'menu', '-1', NULL, NULL, '2018-10-10 10:40:50', '1', 'Mr.AG', NULL, NULL, NULL, NULL, NULL, NULL, NULL, NULL, NULL, 'ac88ceb386aa4231b09bf472cb937c24', '1'),
	('6cd6bb80498c411eb13338c99eb94d35', '058dc6111eb94055b100015f0fe4b5be', 'group', '3c21f1959be4416ca85c17157fd2d9ab', 'button', '-1', NULL, NULL, '2018-09-27 16:47:49', '1', 'Mr.AG', NULL, NULL, NULL, NULL, NULL, NULL, NULL, NULL, NULL, 'ac88ceb386aa4231b09bf472cb937c24', '1'),
	('6cdafdea34264a8fae27ddd74cdacc2b', '0073c2ae7290478d92bd62750fc3da77', 'group', '23', 'button', '-1', NULL, NULL, '2018-10-09 09:31:55', '1', 'Mr.AG', NULL, NULL, NULL, NULL, NULL, NULL, NULL, NULL, NULL, 'ac88ceb386aa4231b09bf472cb937c24', '1'),
	('6ceb9e6d15c541bbb4b8ddb38bf5340c', '0073c2ae7290478d92bd62750fc3da77', 'group', '23', 'button', '-1', NULL, NULL, '2018-10-09 09:28:28', '1', 'Mr.AG', NULL, NULL, NULL, NULL, NULL, NULL, NULL, NULL, NULL, 'ac88ceb386aa4231b09bf472cb937c24', '0'),
	('6d67913b091c44cbb31c44cf92259e16', '058dc6111eb94055b100015f0fe4b5be', 'group', 'ef73cc9bf70d448caf72e3f45015700a', 'button', '-1', NULL, NULL, '2018-09-27 16:47:34', '1', 'Mr.AG', NULL, NULL, NULL, NULL, NULL, NULL, NULL, NULL, NULL, 'ac88ceb386aa4231b09bf472cb937c24', '1'),
	('6d6f8b0c827d466b814ba39d4a5a8ccf', '366af0a7fd79453fbe54c0d24917ec4b', 'group', '7a0a75752c7d422abd2e30b7aad744d7', 'menu', '-1', NULL, NULL, NULL, NULL, NULL, NULL, NULL, NULL, NULL, NULL, NULL, NULL, NULL, NULL, NULL, '0'),
	('6d76187f288040d9879b5e39257405a7', '0073c2ae7290478d92bd62750fc3da77', 'group', '35', 'button', '-1', NULL, NULL, '2018-10-09 09:32:04', '1', 'Mr.AG', NULL, NULL, NULL, NULL, NULL, NULL, NULL, NULL, NULL, 'ac88ceb386aa4231b09bf472cb937c24', '1'),
	('6d829611582e49c7bf11161469ab9ccb', '0073c2ae7290478d92bd62750fc3da77', 'group', '42', 'button', '-1', NULL, NULL, '2018-10-09 09:29:13', '1', 'Mr.AG', NULL, NULL, NULL, NULL, NULL, NULL, NULL, NULL, NULL, 'ac88ceb386aa4231b09bf472cb937c24', '0'),
	('6da85c3d73af43bea3f5daea6c37df0e', '0cb6b830548840bd911cf89e1045874f', 'group', 'b00959304e084f9987ede9ee5d2782ce', 'menu', '-1', NULL, NULL, '2018-09-27 14:57:37', '1', 'woozoom', NULL, NULL, NULL, NULL, NULL, NULL, NULL, NULL, NULL, 'ac88ceb386aa4231b09bf472cb937c24', '0'),
	('6dbf9a229e0b48598b49f05d7f359e8c', '0073c2ae7290478d92bd62750fc3da77', 'group', '4', 'button', '-1', NULL, NULL, '2018-10-09 09:28:28', '1', 'Mr.AG', NULL, NULL, NULL, NULL, NULL, NULL, NULL, NULL, NULL, 'ac88ceb386aa4231b09bf472cb937c24', '0'),
	('6def081c40f9402f8eaffd322402c15b', '0073c2ae7290478d92bd62750fc3da77', 'group', '48', 'button', '-1', NULL, NULL, '2018-10-09 09:28:51', '1', 'Mr.AG', NULL, NULL, NULL, NULL, NULL, NULL, NULL, NULL, NULL, 'ac88ceb386aa4231b09bf472cb937c24', '0'),
	('6e8342fe6395401d87c9af499a62e2ce', '0073c2ae7290478d92bd62750fc3da77', 'group', '17', 'button', '-1', NULL, NULL, '2018-10-09 09:32:01', '1', 'Mr.AG', NULL, NULL, NULL, NULL, NULL, NULL, NULL, NULL, NULL, 'ac88ceb386aa4231b09bf472cb937c24', '1'),
	('6e89ea6021c34159b75313280012e865', '09cb1775d68c482782f6c4024c99c92f', 'group', 'be71cacc556d4858b3d759086da2194f', 'menu', '-1', NULL, NULL, '2018-09-27 14:58:20', '1', 'woozoom', NULL, NULL, NULL, NULL, NULL, NULL, NULL, NULL, NULL, 'ac88ceb386aa4231b09bf472cb937c24', '0'),
	('6eca1e7f11984ac888c1ba75dab86d3b', '058dc6111eb94055b100015f0fe4b5be', 'group', '22', 'button', '-1', NULL, NULL, '2018-09-27 16:47:23', '1', 'Mr.AG', NULL, NULL, NULL, NULL, NULL, NULL, NULL, NULL, NULL, 'ac88ceb386aa4231b09bf472cb937c24', '1'),
	('6ee68df2e7d1479399f89fd83c30b98a', '0073c2ae7290478d92bd62750fc3da77', 'group', '56', 'button', '-1', NULL, NULL, '2018-10-09 09:29:06', '1', 'Mr.AG', NULL, NULL, NULL, NULL, NULL, NULL, NULL, NULL, NULL, 'ac88ceb386aa4231b09bf472cb937c24', '0'),
	('6f03376365134ec9b45bf42eec063d32', '0073c2ae7290478d92bd62750fc3da77', 'group', '55', 'button', '-1', NULL, NULL, '2018-10-09 09:32:07', '1', 'Mr.AG', NULL, NULL, NULL, NULL, NULL, NULL, NULL, NULL, NULL, 'ac88ceb386aa4231b09bf472cb937c24', '1'),
	('6f7bb0da5628452496cdd3ff8f3348a2', '0073c2ae7290478d92bd62750fc3da77', 'group', '11', 'button', '-1', NULL, NULL, '2018-10-09 09:31:58', '1', 'Mr.AG', NULL, NULL, NULL, NULL, NULL, NULL, NULL, NULL, NULL, 'ac88ceb386aa4231b09bf472cb937c24', '1'),
	('6f84fb6afee446f785dc650fb1b65931', 'beb140a11d1249f9a29edb878fffa769', 'group', 'f8c892c21e424ed8be7fa5204a308c41', 'menu', '-1', NULL, NULL, '2018-10-08 09:14:40', '1', 'Mr.AG', NULL, NULL, NULL, NULL, NULL, NULL, NULL, NULL, NULL, 'ac88ceb386aa4231b09bf472cb937c24', '0'),
	('6fca9d813be941efab71eedd343df672', '058dc6111eb94055b100015f0fe4b5be', 'group', '7494902cc9e948668e51f4596042b084', 'menu', '-1', NULL, NULL, '2018-09-29 14:50:01', '1', 'Mr.AG', NULL, NULL, NULL, NULL, NULL, NULL, NULL, NULL, NULL, 'ac88ceb386aa4231b09bf472cb937c24', '0'),
	('6fd8894851d140e09b6762077951f674', 'b0bfc23bd12f47418044c556405b52ac', 'group', '17', 'button', '-1', NULL, NULL, '2018-03-06 11:34:07', 'a1a2cb17b4f24e50bbde2f1b8a233bcb', '测试租户', NULL, NULL, NULL, NULL, NULL, NULL, NULL, NULL, NULL, '1ec08564dcc344018d6aaa910068f0f0', '0'),
	('6ffd4f85e00644a8a75472c4291fd7f4', '0073c2ae7290478d92bd62750fc3da77', 'group', '68ee45b69c0f41cb9d6a5c33d46fb7a6', 'menu', '-1', NULL, NULL, '2018-10-09 10:37:11', '1', 'Mr.AG', NULL, NULL, NULL, NULL, NULL, NULL, NULL, NULL, NULL, 'ac88ceb386aa4231b09bf472cb937c24', '1'),
	('7008ed9052204f7f8342d4cd8f15f110', '058dc6111eb94055b100015f0fe4b5be', 'group', '27', 'menu', '-1', NULL, NULL, '2018-09-29 14:50:01', '1', 'Mr.AG', NULL, NULL, NULL, NULL, NULL, NULL, NULL, NULL, NULL, 'ac88ceb386aa4231b09bf472cb937c24', '0'),
	('70345def316a4721a95beb6266c4e621', '258651cfd4ca41cbaa70d1b233659b5c', 'group', '20', 'button', '-1', NULL, NULL, NULL, NULL, NULL, NULL, NULL, NULL, NULL, NULL, NULL, NULL, NULL, NULL, NULL, '1'),
	('7067f167173a4885af7f0be1441fe735', '0073c2ae7290478d92bd62750fc3da77', 'group', '12', 'button', '-1', NULL, NULL, '2018-10-09 09:28:34', '1', 'Mr.AG', NULL, NULL, NULL, NULL, NULL, NULL, NULL, NULL, NULL, 'ac88ceb386aa4231b09bf472cb937c24', '0'),
	('70eb7e50f95f46898b8e8c09268bba14', '153835e3242e4e0db43f836233e7f5ad', 'group', '31', 'menu', '-1', NULL, NULL, '2018-09-30 11:35:26', '1', 'Mr.AG', NULL, NULL, NULL, NULL, NULL, NULL, NULL, NULL, NULL, 'ac88ceb386aa4231b09bf472cb937c24', '0'),
	('70f63b17a68f4007951157245bc561e2', 'f589f6288e754051b4b1903a62ea6bf9', 'group', '5', 'menu', '-1', NULL, NULL, '2018-09-30 11:38:28', '1', 'Mr.AG', NULL, NULL, NULL, NULL, NULL, NULL, NULL, NULL, NULL, 'ac88ceb386aa4231b09bf472cb937c24', '1'),
	('714ed72bf4794c05a7bee6b7156b2450', 'b0bfc23bd12f47418044c556405b52ac', 'group', '375b04fe927c44e88593d02670acd90f', 'button', '-1', NULL, NULL, '2018-03-06 11:34:07', 'a1a2cb17b4f24e50bbde2f1b8a233bcb', '测试租户', NULL, NULL, NULL, NULL, NULL, NULL, NULL, NULL, NULL, '1ec08564dcc344018d6aaa910068f0f0', '0'),
	('71571b6f7a2946a1b1c29a77b6efff15', 'f589f6288e754051b4b1903a62ea6bf9', 'group', '6', 'menu', '-1', NULL, NULL, '2018-09-30 11:38:28', '1', 'Mr.AG', NULL, NULL, NULL, NULL, NULL, NULL, NULL, NULL, NULL, 'ac88ceb386aa4231b09bf472cb937c24', '1'),
	('718e7d7accb94b69aa10ba6b843eea74', '058dc6111eb94055b100015f0fe4b5be', 'group', '33', 'button', '-1', NULL, NULL, '2018-09-27 16:27:32', '1', 'Mr.AG', NULL, NULL, NULL, NULL, NULL, NULL, NULL, NULL, NULL, 'ac88ceb386aa4231b09bf472cb937c24', '0'),
	('71db322ef5c341729f3d6d32e91071b9', '058dc6111eb94055b100015f0fe4b5be', 'group', '8', 'menu', '-1', NULL, NULL, '2018-09-29 14:50:18', '1', 'Mr.AG', NULL, NULL, NULL, NULL, NULL, NULL, NULL, NULL, NULL, 'ac88ceb386aa4231b09bf472cb937c24', '1'),
	('7232c151f97042e6a72bba383e13c8d0', '0073c2ae7290478d92bd62750fc3da77', 'group', '34', 'button', '-1', NULL, NULL, '2018-10-09 09:32:04', '1', 'Mr.AG', NULL, NULL, NULL, NULL, NULL, NULL, NULL, NULL, NULL, 'ac88ceb386aa4231b09bf472cb937c24', '1'),
	('72ed25ff80574a6fa12b7a7894cead2a', '058dc6111eb94055b100015f0fe4b5be', 'group', '103593127199487794f9fd8fd573db5f', 'button', '-1', NULL, NULL, '2018-09-27 16:30:01', '1', 'Mr.AG', NULL, NULL, NULL, NULL, NULL, NULL, NULL, NULL, NULL, 'ac88ceb386aa4231b09bf472cb937c24', '0'),
	('733bc1bdec754546b3ffc6327a2a71c1', '058dc6111eb94055b100015f0fe4b5be', 'group', '58', 'button', '-1', NULL, NULL, '2018-09-27 16:30:01', '1', 'Mr.AG', NULL, NULL, NULL, NULL, NULL, NULL, NULL, NULL, NULL, 'ac88ceb386aa4231b09bf472cb937c24', '0'),
	('7342321ceaac4098b139247933e63bfb', '258651cfd4ca41cbaa70d1b233659b5c', 'group', '-1', 'menu', '-1', NULL, NULL, '2018-10-10 10:40:50', '1', 'Mr.AG', NULL, NULL, NULL, NULL, NULL, NULL, NULL, NULL, NULL, 'ac88ceb386aa4231b09bf472cb937c24', '1'),
	('735f339bbd93452193d77cd115a026af', '058dc6111eb94055b100015f0fe4b5be', 'group', '12', 'button', '-1', NULL, NULL, '2018-09-27 16:47:21', '1', 'Mr.AG', NULL, NULL, NULL, NULL, NULL, NULL, NULL, NULL, NULL, 'ac88ceb386aa4231b09bf472cb937c24', '1'),
	('7390973a194745749f793bfc34476597', '058dc6111eb94055b100015f0fe4b5be', 'group', '29', 'menu', '-1', NULL, NULL, '2018-09-29 14:50:18', '1', 'Mr.AG', NULL, NULL, NULL, NULL, NULL, NULL, NULL, NULL, NULL, 'ac88ceb386aa4231b09bf472cb937c24', '1'),
	('742d2a2ee46d4c94a8d83e1d1aa0c45f', '058dc6111eb94055b100015f0fe4b5be', 'group', '16', 'button', '-1', NULL, NULL, '2018-09-27 16:47:22', '1', 'Mr.AG', NULL, NULL, NULL, NULL, NULL, NULL, NULL, NULL, NULL, 'ac88ceb386aa4231b09bf472cb937c24', '1'),
	('7538845fffa144a09b5cc804eea7fa74', '366af0a7fd79453fbe54c0d24917ec4b', 'group', '-1', 'menu', '-1', NULL, NULL, NULL, NULL, NULL, NULL, NULL, NULL, NULL, NULL, NULL, NULL, NULL, NULL, NULL, '0'),
	('75603e5676fd43a0b088dc7ac5b73c21', '058dc6111eb94055b100015f0fe4b5be', 'group', '342a587a51d647a1b53c6d97363cf428', 'menu', '-1', NULL, NULL, '2018-09-29 14:50:18', '1', 'Mr.AG', NULL, NULL, NULL, NULL, NULL, NULL, NULL, NULL, NULL, 'ac88ceb386aa4231b09bf472cb937c24', '1'),
	('76467eb5ccab4736a6bb6a578853ff21', 'f589f6288e754051b4b1903a62ea6bf9', 'group', '30594561269a4a3ea145fb21ce828ac9', 'button', '-1', NULL, NULL, '2018-09-30 11:37:03', '1', 'Mr.AG', NULL, NULL, NULL, NULL, NULL, NULL, NULL, NULL, NULL, 'ac88ceb386aa4231b09bf472cb937c24', '0'),
	('765d458acb0c4b5cbb9afafa6ebab24c', '258651cfd4ca41cbaa70d1b233659b5c', 'group', '7a16202657c3478c8b4ece27a792e026', 'button', '-1', NULL, NULL, NULL, NULL, NULL, NULL, NULL, NULL, NULL, NULL, NULL, NULL, NULL, NULL, NULL, '1'),
	('76ae309d712b4300b4b80e280b18bf80', '09cb1775d68c482782f6c4024c99c92f', 'group', '7ed2d4b54db94636a6016f3de91e25a9', 'menu', '-1', NULL, NULL, '2018-09-27 14:58:20', '1', 'woozoom', NULL, NULL, NULL, NULL, NULL, NULL, NULL, NULL, NULL, 'ac88ceb386aa4231b09bf472cb937c24', '0'),
	('775a4a51305d494998f08c759eaad492', '058dc6111eb94055b100015f0fe4b5be', 'group', '18', 'button', '-1', NULL, NULL, '2018-09-27 16:27:29', '1', 'Mr.AG', NULL, NULL, NULL, NULL, NULL, NULL, NULL, NULL, NULL, 'ac88ceb386aa4231b09bf472cb937c24', '0'),
	('776967e442d44f23895050d2a86fc8d3', 'b0bfc23bd12f47418044c556405b52ac', 'group', '4', 'button', '-1', NULL, NULL, '2018-03-06 08:30:44', 'a1a2cb17b4f24e50bbde2f1b8a233bcb', '测试租户', NULL, NULL, NULL, NULL, NULL, NULL, NULL, NULL, NULL, '1ec08564dcc344018d6aaa910068f0f0', '0'),
	('77e2bd79c3d8403a933726397d86b0d3', '0073c2ae7290478d92bd62750fc3da77', 'group', 'ef73cc9bf70d448caf72e3f45015700a', 'button', '-1', NULL, NULL, '2018-10-09 09:29:07', '1', 'Mr.AG', NULL, NULL, NULL, NULL, NULL, NULL, NULL, NULL, NULL, 'ac88ceb386aa4231b09bf472cb937c24', '0'),
	('782d1fb975d74ba693b9c95ad59d2b28', '058dc6111eb94055b100015f0fe4b5be', 'group', '1ed10d0f1e294040bd1a043002bc9457', 'button', '-1', NULL, NULL, '2018-09-27 17:03:12', '1', 'Mr.AG', NULL, NULL, NULL, NULL, NULL, NULL, NULL, NULL, NULL, 'ac88ceb386aa4231b09bf472cb937c24', '1'),
	('7853a61791c54f368d3d595fe5903c00', '258651cfd4ca41cbaa70d1b233659b5c', 'group', '15', 'button', '-1', NULL, NULL, '2018-10-09 09:35:20', '1', 'Mr.AG', NULL, NULL, NULL, NULL, NULL, NULL, NULL, NULL, NULL, 'ac88ceb386aa4231b09bf472cb937c24', '0'),
	('7925a385408a4a21a99182268a9fe1ae', '258651cfd4ca41cbaa70d1b233659b5c', 'group', '57', 'button', '-1', NULL, NULL, NULL, NULL, NULL, NULL, NULL, NULL, NULL, NULL, NULL, NULL, NULL, NULL, NULL, '0'),
	('7951ef01f6f348dbb4a650ed5f2ed668', '0073c2ae7290478d92bd62750fc3da77', 'group', '22', 'button', '-1', NULL, NULL, '2018-10-09 09:28:42', '1', 'Mr.AG', NULL, NULL, NULL, NULL, NULL, NULL, NULL, NULL, NULL, 'ac88ceb386aa4231b09bf472cb937c24', '0'),
	('7989a70ff9394ab38a18d5307cabb8f4', '058dc6111eb94055b100015f0fe4b5be', 'group', '34', 'button', '-1', NULL, NULL, '2018-09-27 16:47:24', '1', 'Mr.AG', NULL, NULL, NULL, NULL, NULL, NULL, NULL, NULL, NULL, 'ac88ceb386aa4231b09bf472cb937c24', '1'),
	('7a1755664c4345dd80f6be37a2a24116', 'f589f6288e754051b4b1903a62ea6bf9', 'group', '27', 'menu', '-1', NULL, NULL, '2018-09-30 11:38:28', '1', 'Mr.AG', NULL, NULL, NULL, NULL, NULL, NULL, NULL, NULL, NULL, 'ac88ceb386aa4231b09bf472cb937c24', '1'),
	('7a5ac318ae7e4ae280028d5b7a94ad48', '3d42aacb3f864188bb134a7a1fa2d158', 'group', '7a0a75752c7d422abd2e30b7aad744d7', 'menu', '-1', NULL, NULL, '2018-10-10 10:43:24', 'feedbcf7c98c4fafa7ea353480457d60', 'zsc2', NULL, NULL, NULL, NULL, NULL, NULL, NULL, NULL, NULL, '398ecc75eab24b048ed5448dd47f3df0', '0'),
	('7b5a46135f4a487b9a9fde4f15421e88', '258651cfd4ca41cbaa70d1b233659b5c', 'group', '7', 'menu', '-1', NULL, NULL, '2018-10-10 14:47:54', '1', 'Mr.AG', NULL, NULL, NULL, NULL, NULL, NULL, NULL, NULL, NULL, 'ac88ceb386aa4231b09bf472cb937c24', '0'),
	('7b5e306a1ec7424aa754fd339ca23957', '058dc6111eb94055b100015f0fe4b5be', 'group', '35', 'button', '-1', NULL, NULL, '2018-09-27 16:27:32', '1', 'Mr.AG', NULL, NULL, NULL, NULL, NULL, NULL, NULL, NULL, NULL, 'ac88ceb386aa4231b09bf472cb937c24', '0'),
	('7bcb90f085aa4e229421095e63f1ca28', '058dc6111eb94055b100015f0fe4b5be', 'group', '454f9b3de369463a93ef75492126b54e', 'menu', '-1', NULL, NULL, '2018-09-29 14:50:18', '1', 'Mr.AG', NULL, NULL, NULL, NULL, NULL, NULL, NULL, NULL, NULL, 'ac88ceb386aa4231b09bf472cb937c24', '1'),
	('7c636d1c4c1b4bbfbe6c387a4a10bfdc', '058dc6111eb94055b100015f0fe4b5be', 'group', '40', 'menu', '-1', NULL, NULL, '2018-09-29 14:50:18', '1', 'Mr.AG', NULL, NULL, NULL, NULL, NULL, NULL, NULL, NULL, NULL, 'ac88ceb386aa4231b09bf472cb937c24', '1'),
	('7c7ff90a83f34d69930886aec0cdb3ac', '0073c2ae7290478d92bd62750fc3da77', 'group', '22', 'button', '-1', NULL, NULL, '2018-10-09 09:32:02', '1', 'Mr.AG', NULL, NULL, NULL, NULL, NULL, NULL, NULL, NULL, NULL, 'ac88ceb386aa4231b09bf472cb937c24', '1'),
	('7c8e84550571470da9dcd79860c5260e', '258651cfd4ca41cbaa70d1b233659b5c', 'group', '52', 'button', '-1', NULL, NULL, NULL, NULL, NULL, NULL, NULL, NULL, NULL, NULL, NULL, NULL, NULL, NULL, NULL, '0'),
	('7cc1d18fd32443a98d1a1cb0dda45de7', 'f589f6288e754051b4b1903a62ea6bf9', 'group', '7574b969c9fa4e5895d6cc9c2b8a9a62', 'menu', '-1', NULL, NULL, '2018-09-30 11:37:10', '1', 'Mr.AG', NULL, NULL, NULL, NULL, NULL, NULL, NULL, NULL, NULL, 'ac88ceb386aa4231b09bf472cb937c24', '0'),
	('7de9947368834d369eb7a3438a14f9b1', '058dc6111eb94055b100015f0fe4b5be', 'group', '47', 'button', '-1', NULL, NULL, '2018-09-27 16:47:37', '1', 'Mr.AG', NULL, NULL, NULL, NULL, NULL, NULL, NULL, NULL, NULL, 'ac88ceb386aa4231b09bf472cb937c24', '1'),
	('7e047ed247c84c9cb1d7b080a8c496d1', 'beb140a11d1249f9a29edb878fffa769', 'group', '5', 'button', '-1', NULL, NULL, '2018-09-28 10:02:32', '1', 'Mr.AG', NULL, NULL, NULL, NULL, NULL, NULL, NULL, NULL, NULL, 'ac88ceb386aa4231b09bf472cb937c24', '0'),
	('7f4938bf77084207a2c349d20cc9d826', '258651cfd4ca41cbaa70d1b233659b5c', 'group', 'cac49646909c4750b23f223f53eafc5b', 'button', '-1', NULL, NULL, NULL, NULL, NULL, NULL, NULL, NULL, NULL, NULL, NULL, NULL, NULL, NULL, NULL, '0'),
	('7fac0ea358164fdabb05e46b682402a2', '058dc6111eb94055b100015f0fe4b5be', 'group', '45', 'button', '-1', NULL, NULL, '2018-09-27 16:30:03', '1', 'Mr.AG', NULL, NULL, NULL, NULL, NULL, NULL, NULL, NULL, NULL, 'ac88ceb386aa4231b09bf472cb937c24', '0'),
	('7fced071f3464c86ba92e3b6e3638cbe', '0073c2ae7290478d92bd62750fc3da77', 'group', '16', 'button', '-1', NULL, NULL, '2018-10-09 09:28:42', '1', 'Mr.AG', NULL, NULL, NULL, NULL, NULL, NULL, NULL, NULL, NULL, 'ac88ceb386aa4231b09bf472cb937c24', '0'),
	('80340dae160f4c42b5fa419fb853b2d6', '09cb1775d68c482782f6c4024c99c92f', 'group', 'c889c79388724a078d0e8724ba3e66a5', 'menu', '-1', NULL, NULL, '2018-09-27 14:58:20', '1', 'woozoom', NULL, NULL, NULL, NULL, NULL, NULL, NULL, NULL, NULL, 'ac88ceb386aa4231b09bf472cb937c24', '0'),
	('805c176d31f647468bb514248db1fb85', '0073c2ae7290478d92bd62750fc3da77', 'group', 'e18f6f0dde564e62ba91de1657595ddc', 'button', '-1', NULL, NULL, '2018-10-09 10:37:07', '1', 'Mr.AG', NULL, NULL, NULL, NULL, NULL, NULL, NULL, NULL, NULL, 'ac88ceb386aa4231b09bf472cb937c24', '1'),
	('805f86fab6434241a53acec6367f8136', '3d42aacb3f864188bb134a7a1fa2d158', 'group', '3', 'button', '-1', NULL, NULL, '2018-10-10 10:43:17', 'feedbcf7c98c4fafa7ea353480457d60', 'zsc2', NULL, NULL, NULL, NULL, NULL, NULL, NULL, NULL, NULL, '398ecc75eab24b048ed5448dd47f3df0', '1'),
	('808cf7b88d474be1ae0794c7a468a15e', '29b565f55d844f5ca79b64c184fe4752', 'group', 'b00959304e084f9987ede9ee5d2782ce', 'menu', '-1', NULL, NULL, '2018-09-27 14:58:05', '1', 'woozoom', NULL, NULL, NULL, NULL, NULL, NULL, NULL, NULL, NULL, 'ac88ceb386aa4231b09bf472cb937c24', '0'),
	('80dac7722d5648439e6640854b77c031', '153835e3242e4e0db43f836233e7f5ad', 'group', '8', 'menu', '-1', NULL, NULL, '2018-09-30 11:35:26', '1', 'Mr.AG', NULL, NULL, NULL, NULL, NULL, NULL, NULL, NULL, NULL, 'ac88ceb386aa4231b09bf472cb937c24', '0'),
	('80e0c8a4cbae411db7126abaf88ca2da', '058dc6111eb94055b100015f0fe4b5be', 'group', '30', 'menu', '-1', NULL, NULL, '2018-09-29 14:50:01', '1', 'Mr.AG', NULL, NULL, NULL, NULL, NULL, NULL, NULL, NULL, NULL, 'ac88ceb386aa4231b09bf472cb937c24', '0'),
	('81c0ceb7a9114a829e7712c0e7a5e9c6', '058dc6111eb94055b100015f0fe4b5be', 'group', '7494902cc9e948668e51f4596042b084', 'menu', '-1', NULL, NULL, '2018-09-29 14:50:18', '1', 'Mr.AG', NULL, NULL, NULL, NULL, NULL, NULL, NULL, NULL, NULL, 'ac88ceb386aa4231b09bf472cb937c24', '1'),
	('820823c15a58477b9bad831a8e52281e', '09cb1775d68c482782f6c4024c99c92f', 'group', '-1', 'menu', '-1', NULL, NULL, '2018-09-27 14:58:20', '1', 'woozoom', NULL, NULL, NULL, NULL, NULL, NULL, NULL, NULL, NULL, 'ac88ceb386aa4231b09bf472cb937c24', '0'),
	('82c942b60f104bfdb66e5edb8c22f6a8', 'beb140a11d1249f9a29edb878fffa769', 'group', '13', 'menu', '-1', NULL, NULL, '2018-09-28 09:59:09', 'e4ee2dbb147e4b4ca02d3b32c0013205', 'zsc', NULL, NULL, NULL, NULL, NULL, NULL, NULL, NULL, NULL, 'ac88ceb386aa4231b09bf472cb937c24', '1'),
	('82f6eacbb070458abe4fb1a4c66ce5b8', '258651cfd4ca41cbaa70d1b233659b5c', 'group', '5', 'menu', '-1', NULL, NULL, '2018-10-10 14:47:54', '1', 'Mr.AG', NULL, NULL, NULL, NULL, NULL, NULL, NULL, NULL, NULL, 'ac88ceb386aa4231b09bf472cb937c24', '0'),
	('82fd1d602d0a4465a3974cf757cedce9', '0073c2ae7290478d92bd62750fc3da77', 'group', '51', 'button', '-1', NULL, NULL, '2018-10-09 09:28:51', '1', 'Mr.AG', NULL, NULL, NULL, NULL, NULL, NULL, NULL, NULL, NULL, 'ac88ceb386aa4231b09bf472cb937c24', '0'),
	('831fed3cc1ce4b4c927fed2ad4274da4', 'beb140a11d1249f9a29edb878fffa769', 'group', '375b04fe927c44e88593d02670acd90f', 'button', '-1', NULL, NULL, '2018-09-28 10:02:40', '1', 'Mr.AG', NULL, NULL, NULL, NULL, NULL, NULL, NULL, NULL, NULL, 'ac88ceb386aa4231b09bf472cb937c24', '0'),
	('8366fb11f76646c595027278129a147c', 'b0bfc23bd12f47418044c556405b52ac', 'group', '-1', 'menu', '-1', NULL, NULL, '2018-03-06 08:31:38', 'a1a2cb17b4f24e50bbde2f1b8a233bcb', '测试租户', NULL, NULL, NULL, NULL, NULL, NULL, NULL, NULL, NULL, '1ec08564dcc344018d6aaa910068f0f0', '0'),
	('8381b90a94694f8b8604d569c6c6445c', 'f589f6288e754051b4b1903a62ea6bf9', 'group', '30', 'menu', '-1', NULL, NULL, '2018-09-30 11:37:10', '1', 'Mr.AG', NULL, NULL, NULL, NULL, NULL, NULL, NULL, NULL, NULL, 'ac88ceb386aa4231b09bf472cb937c24', '0'),
	('839e1dc90e9749a98492319554f82468', '058dc6111eb94055b100015f0fe4b5be', 'group', '375b04fe927c44e88593d02670acd90f', 'button', '-1', NULL, NULL, '2018-09-27 16:47:23', '1', 'Mr.AG', NULL, NULL, NULL, NULL, NULL, NULL, NULL, NULL, NULL, 'ac88ceb386aa4231b09bf472cb937c24', '1'),
	('83aa729abd254e02bb9ee584156bc1b1', '058dc6111eb94055b100015f0fe4b5be', 'group', '54', 'button', '-1', NULL, NULL, '2018-09-27 16:29:52', '1', 'Mr.AG', NULL, NULL, NULL, NULL, NULL, NULL, NULL, NULL, NULL, 'ac88ceb386aa4231b09bf472cb937c24', '0'),
	('8465e49e9c2d405ebe4f4bfb993aff26', '058dc6111eb94055b100015f0fe4b5be', 'group', '4ee4f57a2d92494abe2595bff4f32057', 'button', '-1', NULL, NULL, '2018-09-27 16:47:23', '1', 'Mr.AG', NULL, NULL, NULL, NULL, NULL, NULL, NULL, NULL, NULL, 'ac88ceb386aa4231b09bf472cb937c24', '1'),
	('850093364155432980200c4259398671', '058dc6111eb94055b100015f0fe4b5be', 'group', '43', 'button', '-1', NULL, NULL, '2018-09-27 16:47:37', '1', 'Mr.AG', NULL, NULL, NULL, NULL, NULL, NULL, NULL, NULL, NULL, 'ac88ceb386aa4231b09bf472cb937c24', '1'),
	('851abc264ac84b568fedc7d38db08eed', '258651cfd4ca41cbaa70d1b233659b5c', 'group', '21', 'button', '-1', NULL, NULL, NULL, NULL, NULL, NULL, NULL, NULL, NULL, NULL, NULL, NULL, NULL, NULL, NULL, '1'),
	('85301d4cf1a84661a818aaadc3158aeb', '058dc6111eb94055b100015f0fe4b5be', 'group', '68ee45b69c0f41cb9d6a5c33d46fb8a6', 'menu', '-1', NULL, NULL, '2018-09-29 14:50:18', '1', 'Mr.AG', NULL, NULL, NULL, NULL, NULL, NULL, NULL, NULL, NULL, 'ac88ceb386aa4231b09bf472cb937c24', '1'),
	('85be56a656e3437490dbcc8b1ec9b26e', '058dc6111eb94055b100015f0fe4b5be', 'group', '35', 'button', '-1', NULL, NULL, '2018-09-27 16:47:24', '1', 'Mr.AG', NULL, NULL, NULL, NULL, NULL, NULL, NULL, NULL, NULL, 'ac88ceb386aa4231b09bf472cb937c24', '1'),
	('85f51efabea8476ba8061e44894274be', 'beb140a11d1249f9a29edb878fffa769', 'group', '56', 'button', '-1', NULL, NULL, '2018-09-28 10:03:00', '1', 'Mr.AG', NULL, NULL, NULL, NULL, NULL, NULL, NULL, NULL, NULL, 'ac88ceb386aa4231b09bf472cb937c24', '0'),
	('861039f0330349b1a76ae142bd010d28', 'b0bfc23bd12f47418044c556405b52ac', 'group', '3', 'button', '-1', NULL, NULL, '2018-03-06 08:30:44', 'a1a2cb17b4f24e50bbde2f1b8a233bcb', '测试租户', NULL, NULL, NULL, NULL, NULL, NULL, NULL, NULL, NULL, '1ec08564dcc344018d6aaa910068f0f0', '0'),
	('866f397c480f4aeda173e0567f93eb5b', '058dc6111eb94055b100015f0fe4b5be', 'group', 'cdf65eea98fa4679bd3f1041d5c06d68', 'button', '-1', NULL, NULL, '2018-09-27 16:30:07', '1', 'Mr.AG', NULL, NULL, NULL, NULL, NULL, NULL, NULL, NULL, NULL, 'ac88ceb386aa4231b09bf472cb937c24', '0'),
	('868f9be900e44b09a21e5c035b7e6ca7', 'beb140a11d1249f9a29edb878fffa769', 'group', '52', 'button', '-1', NULL, NULL, '2018-09-28 10:02:45', '1', 'Mr.AG', NULL, NULL, NULL, NULL, NULL, NULL, NULL, NULL, NULL, 'ac88ceb386aa4231b09bf472cb937c24', '0'),
	('86a41fbaee054c2bb7ec1583270b2d75', 'f589f6288e754051b4b1903a62ea6bf9', 'group', '7a0a75752c7d422abd2e30b7aad744d7', 'menu', '-1', NULL, NULL, '2018-09-30 11:38:28', '1', 'Mr.AG', NULL, NULL, NULL, NULL, NULL, NULL, NULL, NULL, NULL, 'ac88ceb386aa4231b09bf472cb937c24', '1'),
	('872a97b3ba7043388e3376e4638adcb3', '058dc6111eb94055b100015f0fe4b5be', 'group', '3a61b3472fc54332a38464fb03d309ec', 'menu', '-1', NULL, NULL, '2018-09-29 14:50:01', '1', 'Mr.AG', NULL, NULL, NULL, NULL, NULL, NULL, NULL, NULL, NULL, 'ac88ceb386aa4231b09bf472cb937c24', '0'),
	('87a62db106f243c995d75244404c84a8', '058dc6111eb94055b100015f0fe4b5be', 'group', '4', 'button', '-1', NULL, NULL, '2018-09-27 16:27:23', '1', 'Mr.AG', NULL, NULL, NULL, NULL, NULL, NULL, NULL, NULL, NULL, 'ac88ceb386aa4231b09bf472cb937c24', '0'),
	('88afe766177943f8963393b997b136b2', 'b0bfc23bd12f47418044c556405b52ac', 'group', '5', 'menu', '-1', NULL, NULL, '2018-03-06 08:31:38', 'a1a2cb17b4f24e50bbde2f1b8a233bcb', '测试租户', NULL, NULL, NULL, NULL, NULL, NULL, NULL, NULL, NULL, '1ec08564dcc344018d6aaa910068f0f0', '0'),
	('8909ecd61834401a8888a8d3914d1677', 'beb140a11d1249f9a29edb878fffa769', 'group', '14', 'button', '-1', NULL, NULL, '2018-09-28 10:02:37', '1', 'Mr.AG', NULL, NULL, NULL, NULL, NULL, NULL, NULL, NULL, NULL, 'ac88ceb386aa4231b09bf472cb937c24', '0'),
	('890a4b6ed05b4b07a924a9ffaafec761', '058dc6111eb94055b100015f0fe4b5be', 'group', '20', 'button', '-1', NULL, NULL, '2018-09-27 16:27:29', '1', 'Mr.AG', NULL, NULL, NULL, NULL, NULL, NULL, NULL, NULL, NULL, 'ac88ceb386aa4231b09bf472cb937c24', '0'),
	('8a6789ee9b5e407a9eecf3beba51bfe0', '058dc6111eb94055b100015f0fe4b5be', 'group', '30', 'menu', '-1', NULL, NULL, '2018-09-29 14:50:18', '1', 'Mr.AG', NULL, NULL, NULL, NULL, NULL, NULL, NULL, NULL, NULL, 'ac88ceb386aa4231b09bf472cb937c24', '1'),
	('8a83669332ca4a5dbcc2979103a0de29', '058dc6111eb94055b100015f0fe4b5be', 'group', '0b2a074e02c04e9eb86124d30f295376', 'menu', '-1', NULL, NULL, '2018-09-29 14:50:18', '1', 'Mr.AG', NULL, NULL, NULL, NULL, NULL, NULL, NULL, NULL, NULL, 'ac88ceb386aa4231b09bf472cb937c24', '1'),
	('8aca9017376245b4b568c2a3c607e1d9', '0073c2ae7290478d92bd62750fc3da77', 'group', '18', 'button', '-1', NULL, NULL, '2018-10-09 09:28:42', '1', 'Mr.AG', NULL, NULL, NULL, NULL, NULL, NULL, NULL, NULL, NULL, 'ac88ceb386aa4231b09bf472cb937c24', '0'),
	('8b86e5926514488d86089d42321cab41', '258651cfd4ca41cbaa70d1b233659b5c', 'group', '11', 'button', '-1', NULL, NULL, '2018-10-09 09:35:20', '1', 'Mr.AG', NULL, NULL, NULL, NULL, NULL, NULL, NULL, NULL, NULL, 'ac88ceb386aa4231b09bf472cb937c24', '0'),
	('8cd3a4d3671d463bb1b4ce167c882464', '058dc6111eb94055b100015f0fe4b5be', 'group', 'cac49646909c4750b23f223f53eafc5b', 'button', '-1', NULL, NULL, '2018-09-27 16:30:02', '1', 'Mr.AG', NULL, NULL, NULL, NULL, NULL, NULL, NULL, NULL, NULL, 'ac88ceb386aa4231b09bf472cb937c24', '0'),
	('8cfa97bee6154678aeb17f5e51bf9260', 'beb140a11d1249f9a29edb878fffa769', 'group', '57', 'button', '-1', NULL, NULL, '2018-09-28 10:03:00', '1', 'Mr.AG', NULL, NULL, NULL, NULL, NULL, NULL, NULL, NULL, NULL, 'ac88ceb386aa4231b09bf472cb937c24', '0'),
	('8d8a6d1f92f24bdc92e934006e8be6e2', '258651cfd4ca41cbaa70d1b233659b5c', 'group', '24', 'button', '-1', NULL, NULL, '2018-10-09 09:35:20', '1', 'Mr.AG', NULL, NULL, NULL, NULL, NULL, NULL, NULL, NULL, NULL, 'ac88ceb386aa4231b09bf472cb937c24', '0'),
	('8e6ad67a2f1b443e85f84e5f037dea33', '366af0a7fd79453fbe54c0d24917ec4b', 'group', '59', 'button', '-1', NULL, NULL, NULL, NULL, NULL, NULL, NULL, NULL, NULL, NULL, NULL, NULL, NULL, NULL, NULL, '0'),
	('8edbac86de834d40a67204f162815f12', '258651cfd4ca41cbaa70d1b233659b5c', 'group', '8b5ff030c76341059a335e0653fef5ea', 'button', '-1', NULL, NULL, NULL, NULL, NULL, NULL, NULL, NULL, NULL, NULL, NULL, NULL, NULL, NULL, NULL, '1'),
	('8f23e9ebc6f8404db21741c71fad3924', '058dc6111eb94055b100015f0fe4b5be', 'group', 'af44e799b90240d1a4f51a36ae3995d1', 'button', '-1', NULL, NULL, '2018-09-27 16:47:44', '1', 'Mr.AG', NULL, NULL, NULL, NULL, NULL, NULL, NULL, NULL, NULL, 'ac88ceb386aa4231b09bf472cb937c24', '1'),
	('8f38cf90136b4fe199813a0902ce9d8a', '-1', 'group', '13', 'menu', '-1', NULL, NULL, '2018-10-10 10:41:15', 'feedbcf7c98c4fafa7ea353480457d60', 'zsc2', NULL, NULL, NULL, NULL, NULL, NULL, NULL, NULL, NULL, '398ecc75eab24b048ed5448dd47f3df0', '1'),
	('90c7121b26374c7b8d1c96d8c37d0249', '058dc6111eb94055b100015f0fe4b5be', 'group', '31', 'menu', '-1', NULL, NULL, '2018-09-29 14:50:01', '1', 'Mr.AG', NULL, NULL, NULL, NULL, NULL, NULL, NULL, NULL, NULL, 'ac88ceb386aa4231b09bf472cb937c24', '0'),
	('90e7de53222a4a048d14d6109ba4be5f', '258651cfd4ca41cbaa70d1b233659b5c', 'group', '39925b8263664c9e923f9c34f9bc2a37', 'button', '-1', NULL, NULL, NULL, NULL, NULL, NULL, NULL, NULL, NULL, NULL, NULL, NULL, NULL, NULL, NULL, '0'),
	('910a5b3441c14807a7c108f9efd3fe34', '058dc6111eb94055b100015f0fe4b5be', 'group', '43', 'button', '-1', NULL, NULL, '2018-09-27 16:30:03', '1', 'Mr.AG', NULL, NULL, NULL, NULL, NULL, NULL, NULL, NULL, NULL, 'ac88ceb386aa4231b09bf472cb937c24', '0'),
	('917c4c596ec044f0b3e082e892197b73', 'beb140a11d1249f9a29edb878fffa769', 'group', '24', 'button', '-1', NULL, NULL, '2018-09-28 10:02:37', '1', 'Mr.AG', NULL, NULL, NULL, NULL, NULL, NULL, NULL, NULL, NULL, 'ac88ceb386aa4231b09bf472cb937c24', '0'),
	('91b2e847c2af45c6b4e478511b623bb0', 'f589f6288e754051b4b1903a62ea6bf9', 'group', '-1', 'menu', '-1', NULL, NULL, '2018-09-30 11:38:28', '1', 'Mr.AG', NULL, NULL, NULL, NULL, NULL, NULL, NULL, NULL, NULL, 'ac88ceb386aa4231b09bf472cb937c24', '1'),
	('91cc00dc6a04479781d783b67639de7c', '058dc6111eb94055b100015f0fe4b5be', 'group', '-1', 'menu', '-1', NULL, NULL, '2018-09-29 14:50:18', '1', 'Mr.AG', NULL, NULL, NULL, NULL, NULL, NULL, NULL, NULL, NULL, 'ac88ceb386aa4231b09bf472cb937c24', '1'),
	('92742cca0c4447efacfd84fe1f98e48a', '058dc6111eb94055b100015f0fe4b5be', 'group', '29', 'menu', '-1', NULL, NULL, '2018-09-29 14:50:01', '1', 'Mr.AG', NULL, NULL, NULL, NULL, NULL, NULL, NULL, NULL, NULL, 'ac88ceb386aa4231b09bf472cb937c24', '0'),
	('9279027b25fb4cce9fb3db391795f496', '3d42aacb3f864188bb134a7a1fa2d158', 'group', '13', 'menu', '-1', NULL, NULL, '2018-10-10 10:43:24', 'feedbcf7c98c4fafa7ea353480457d60', 'zsc2', NULL, NULL, NULL, NULL, NULL, NULL, NULL, NULL, NULL, '398ecc75eab24b048ed5448dd47f3df0', '0'),
	('92cc63606ad64bbe9e8dbfad340847dc', '058dc6111eb94055b100015f0fe4b5be', 'group', '7574b969c9fa4e5895d6cc9c2b8a9a62', 'menu', '-1', NULL, NULL, '2018-09-29 14:50:18', '1', 'Mr.AG', NULL, NULL, NULL, NULL, NULL, NULL, NULL, NULL, NULL, 'ac88ceb386aa4231b09bf472cb937c24', '1'),
	('9378f9646c4f46b9950cb37e239a789c', '-1', 'group', '-1', 'menu', '-1', NULL, NULL, '2018-10-10 10:41:15', 'feedbcf7c98c4fafa7ea353480457d60', 'zsc2', NULL, NULL, NULL, NULL, NULL, NULL, NULL, NULL, NULL, '398ecc75eab24b048ed5448dd47f3df0', '1'),
	('93837a92348e4c27a02e57797568aa1f', 'b0bfc23bd12f47418044c556405b52ac', 'group', '5', 'button', '-1', NULL, NULL, '2018-03-06 08:30:44', 'a1a2cb17b4f24e50bbde2f1b8a233bcb', '测试租户', NULL, NULL, NULL, NULL, NULL, NULL, NULL, NULL, NULL, '1ec08564dcc344018d6aaa910068f0f0', '0'),
	('9388064e5a24455696ed258db17f6889', '0cb6b830548840bd911cf89e1045874f', 'group', 'be71cacc556d4858b3d759086da2194f', 'menu', '-1', NULL, NULL, '2018-09-27 14:57:37', '1', 'woozoom', NULL, NULL, NULL, NULL, NULL, NULL, NULL, NULL, NULL, 'ac88ceb386aa4231b09bf472cb937c24', '0'),
	('93927229191d4718a6f2e62e738b9b76', '0073c2ae7290478d92bd62750fc3da77', 'group', '13', 'button', '-1', NULL, NULL, '2018-10-09 09:31:58', '1', 'Mr.AG', NULL, NULL, NULL, NULL, NULL, NULL, NULL, NULL, NULL, 'ac88ceb386aa4231b09bf472cb937c24', '1'),
	('9441032d56124a549f250b0ef743e7f6', 'beb140a11d1249f9a29edb878fffa769', 'group', '59', 'button', '-1', NULL, NULL, '2018-09-28 10:03:00', '1', 'Mr.AG', NULL, NULL, NULL, NULL, NULL, NULL, NULL, NULL, NULL, 'ac88ceb386aa4231b09bf472cb937c24', '0'),
	('94c14ed517ec475ba79916ddd4dbc41b', '258651cfd4ca41cbaa70d1b233659b5c', 'group', '23', 'button', '-1', NULL, NULL, '2018-10-09 09:35:49', '1', 'Mr.AG', NULL, NULL, NULL, NULL, NULL, NULL, NULL, NULL, NULL, 'ac88ceb386aa4231b09bf472cb937c24', '1'),
	('94cf643430cb44f5b4efc1b948f7ef73', '153835e3242e4e0db43f836233e7f5ad', 'group', '27', 'menu', '-1', NULL, NULL, '2018-09-30 11:35:26', '1', 'Mr.AG', NULL, NULL, NULL, NULL, NULL, NULL, NULL, NULL, NULL, 'ac88ceb386aa4231b09bf472cb937c24', '0'),
	('94dd147289a3430bb037d7dd0ef2a872', '366af0a7fd79453fbe54c0d24917ec4b', 'group', '57', 'button', '-1', NULL, NULL, NULL, NULL, NULL, NULL, NULL, NULL, NULL, NULL, NULL, NULL, NULL, NULL, NULL, '0'),
	('9524fab5b9c84b599352d9dd7a8180ba', '058dc6111eb94055b100015f0fe4b5be', 'group', '17', 'button', '-1', NULL, NULL, '2018-09-27 16:27:29', '1', 'Mr.AG', NULL, NULL, NULL, NULL, NULL, NULL, NULL, NULL, NULL, 'ac88ceb386aa4231b09bf472cb937c24', '0'),
	('956658f5b01f4671b32c096c7dfbc296', '0073c2ae7290478d92bd62750fc3da77', 'group', '45', 'button', '-1', NULL, NULL, '2018-10-09 09:29:13', '1', 'Mr.AG', NULL, NULL, NULL, NULL, NULL, NULL, NULL, NULL, NULL, 'ac88ceb386aa4231b09bf472cb937c24', '0'),
	('9567d9572aba4f65aa9c900db077eea3', '09cb1775d68c482782f6c4024c99c92f', 'group', '4148c14ed9db4e7f9ed297ff34db3ab1', 'menu', '-1', NULL, NULL, '2018-09-27 14:58:20', '1', 'woozoom', NULL, NULL, NULL, NULL, NULL, NULL, NULL, NULL, NULL, 'ac88ceb386aa4231b09bf472cb937c24', '0'),
	('95e14b821625455faf8e6c53e19f90f3', 'beb140a11d1249f9a29edb878fffa769', 'group', '39925b8263664c9e923f9c34f9bc2a37', 'button', '-1', NULL, NULL, '2018-09-28 10:03:00', '1', 'Mr.AG', NULL, NULL, NULL, NULL, NULL, NULL, NULL, NULL, NULL, 'ac88ceb386aa4231b09bf472cb937c24', '0'),
	('962ed127d3f44461bf78a0e7a7cb72b0', 'f589f6288e754051b4b1903a62ea6bf9', 'group', '68ee45b69c0f41cb9d6a5c33d46fb8a6', 'menu', '-1', NULL, NULL, '2018-09-30 11:37:10', '1', 'Mr.AG', NULL, NULL, NULL, NULL, NULL, NULL, NULL, NULL, NULL, 'ac88ceb386aa4231b09bf472cb937c24', '0'),
	('96a9c80d1b7648edbb2a746d116c53a1', '153835e3242e4e0db43f836233e7f5ad', 'group', '30594561269a4a3ea145fb21ce828ac9', 'button', '-1', NULL, NULL, '2018-09-30 11:34:17', '1', 'Mr.AG', NULL, NULL, NULL, NULL, NULL, NULL, NULL, NULL, NULL, 'ac88ceb386aa4231b09bf472cb937c24', '0'),
	('96de016d298a48c6834e342cba91abfb', '058dc6111eb94055b100015f0fe4b5be', 'group', 'b00959304e084f9987ede9ee5d2782ce', 'menu', '-1', NULL, NULL, '2018-09-29 14:50:18', '1', 'Mr.AG', NULL, NULL, NULL, NULL, NULL, NULL, NULL, NULL, NULL, 'ac88ceb386aa4231b09bf472cb937c24', '1'),
	('971bd93da4ed435680896bb5c4731ce8', 'f589f6288e754051b4b1903a62ea6bf9', 'group', '1', 'menu', '-1', NULL, NULL, '2018-09-30 11:38:28', '1', 'Mr.AG', NULL, NULL, NULL, NULL, NULL, NULL, NULL, NULL, NULL, 'ac88ceb386aa4231b09bf472cb937c24', '1'),
	('976a657d30b84be893af51d6d610ac1f', '058dc6111eb94055b100015f0fe4b5be', 'group', '15', 'button', '-1', NULL, NULL, '2018-09-27 16:47:21', '1', 'Mr.AG', NULL, NULL, NULL, NULL, NULL, NULL, NULL, NULL, NULL, 'ac88ceb386aa4231b09bf472cb937c24', '1'),
	('97a8215a71cd4b0888ae3bd9a853cce7', '0073c2ae7290478d92bd62750fc3da77', 'group', '34', 'button', '-1', NULL, NULL, '2018-10-09 09:28:48', '1', 'Mr.AG', NULL, NULL, NULL, NULL, NULL, NULL, NULL, NULL, NULL, 'ac88ceb386aa4231b09bf472cb937c24', '0'),
	('9807f99ea29847ff81d4c45048e4e503', '258651cfd4ca41cbaa70d1b233659b5c', 'group', '13', 'menu', '-1', NULL, NULL, '2018-10-10 10:40:50', '1', 'Mr.AG', NULL, NULL, NULL, NULL, NULL, NULL, NULL, NULL, NULL, 'ac88ceb386aa4231b09bf472cb937c24', '1'),
	('982357e749394b1caaf73b0b15d4d3f5', '258651cfd4ca41cbaa70d1b233659b5c', 'group', '32', 'button', '-1', NULL, NULL, '2018-09-28 09:47:36', '1', 'Mr.AG', NULL, NULL, NULL, NULL, NULL, NULL, NULL, NULL, NULL, 'ac88ceb386aa4231b09bf472cb937c24', '0'),
	('98a0dca945704bb1a16e405d54363d4e', '058dc6111eb94055b100015f0fe4b5be', 'group', '76797ac67e9a4b6ba9177d26a603ffb0', 'button', '-1', NULL, NULL, '2018-09-27 16:47:44', '1', 'Mr.AG', NULL, NULL, NULL, NULL, NULL, NULL, NULL, NULL, NULL, 'ac88ceb386aa4231b09bf472cb937c24', '1'),
	('996a1d559c0b4aceb620fc44dd2fe55e', '058dc6111eb94055b100015f0fe4b5be', 'group', '56', 'button', '-1', NULL, NULL, '2018-09-27 16:47:34', '1', 'Mr.AG', NULL, NULL, NULL, NULL, NULL, NULL, NULL, NULL, NULL, 'ac88ceb386aa4231b09bf472cb937c24', '1'),
	('99952e7792a54fc6af3a99b055bcc698', '258651cfd4ca41cbaa70d1b233659b5c', 'group', '34', 'button', '-1', NULL, NULL, '2018-09-28 09:47:36', '1', 'Mr.AG', NULL, NULL, NULL, NULL, NULL, NULL, NULL, NULL, NULL, 'ac88ceb386aa4231b09bf472cb937c24', '0'),
	('99abc960bf0a440c98ede4a26a2b7fc0', 'f589f6288e754051b4b1903a62ea6bf9', 'group', '7494902cc9e948668e51f4596042b084', 'menu', '-1', NULL, NULL, '2018-09-30 11:38:28', '1', 'Mr.AG', NULL, NULL, NULL, NULL, NULL, NULL, NULL, NULL, NULL, 'ac88ceb386aa4231b09bf472cb937c24', '1'),
	('99b5bcfadcf946cba4e91b3d8d055517', 'beb140a11d1249f9a29edb878fffa769', 'group', '10', 'button', '-1', NULL, NULL, '2018-09-28 10:02:37', '1', 'Mr.AG', NULL, NULL, NULL, NULL, NULL, NULL, NULL, NULL, NULL, 'ac88ceb386aa4231b09bf472cb937c24', '0'),
	('99e57a32f0d145718cd48edb9f25d228', '0073c2ae7290478d92bd62750fc3da77', 'group', '18', 'button', '-1', NULL, NULL, '2018-10-09 09:32:01', '1', 'Mr.AG', NULL, NULL, NULL, NULL, NULL, NULL, NULL, NULL, NULL, 'ac88ceb386aa4231b09bf472cb937c24', '1'),
	('9a0caeee09f341ec9cf0691c0051287e', '153835e3242e4e0db43f836233e7f5ad', 'group', '35', 'menu', '-1', NULL, NULL, '2018-09-30 11:35:26', '1', 'Mr.AG', NULL, NULL, NULL, NULL, NULL, NULL, NULL, NULL, NULL, 'ac88ceb386aa4231b09bf472cb937c24', '0'),
	('9a8c9fae896844b782ba14a569d410c5', '058dc6111eb94055b100015f0fe4b5be', 'group', '19', 'button', '-1', NULL, NULL, '2018-09-27 16:27:29', '1', 'Mr.AG', NULL, NULL, NULL, NULL, NULL, NULL, NULL, NULL, NULL, 'ac88ceb386aa4231b09bf472cb937c24', '0'),
	('9ab2c96fe8dc4ec1a4bb206ad3ab9997', '058dc6111eb94055b100015f0fe4b5be', 'group', '21', 'button', '-1', NULL, NULL, '2018-09-27 16:27:29', '1', 'Mr.AG', NULL, NULL, NULL, NULL, NULL, NULL, NULL, NULL, NULL, 'ac88ceb386aa4231b09bf472cb937c24', '0'),
	('9acf9b9d1ffe4213b3c011e1f3d2f7c9', '153835e3242e4e0db43f836233e7f5ad', 'group', '30', 'menu', '-1', NULL, NULL, '2018-09-30 11:35:26', '1', 'Mr.AG', NULL, NULL, NULL, NULL, NULL, NULL, NULL, NULL, NULL, 'ac88ceb386aa4231b09bf472cb937c24', '0'),
	('9ad813975691496082b9d92c939e80b1', '0073c2ae7290478d92bd62750fc3da77', 'group', 'c6469be83d8e4d5ca404b46b347f7d4c', 'button', '-1', NULL, NULL, '2018-10-09 09:29:06', '1', 'Mr.AG', NULL, NULL, NULL, NULL, NULL, NULL, NULL, NULL, NULL, 'ac88ceb386aa4231b09bf472cb937c24', '0'),
	('9b0191ec5e5a4848ba68f27f3e3992d0', '0073c2ae7290478d92bd62750fc3da77', 'group', '73db20cb63e6439f80b2f992e64f545d', 'button', '-1', NULL, NULL, '2018-10-09 09:29:22', '1', 'Mr.AG', NULL, NULL, NULL, NULL, NULL, NULL, NULL, NULL, NULL, 'ac88ceb386aa4231b09bf472cb937c24', '0'),
	('9b0316fffb4c424388f35baa5b886753', 'f589f6288e754051b4b1903a62ea6bf9', 'group', '7ed2d4b54db94636a6016f3de91e25a9', 'menu', '-1', NULL, NULL, '2018-09-30 11:38:28', '1', 'Mr.AG', NULL, NULL, NULL, NULL, NULL, NULL, NULL, NULL, NULL, 'ac88ceb386aa4231b09bf472cb937c24', '1'),
	('9b5a0149b3404a9e82348c59e66a5209', '058dc6111eb94055b100015f0fe4b5be', 'group', '52', 'button', '-1', NULL, NULL, '2018-09-27 16:47:26', '1', 'Mr.AG', NULL, NULL, NULL, NULL, NULL, NULL, NULL, NULL, NULL, 'ac88ceb386aa4231b09bf472cb937c24', '1'),
	('9b743cce9514447bb9af011764067f78', '0073c2ae7290478d92bd62750fc3da77', 'group', '27', 'button', '-1', NULL, NULL, '2018-10-09 09:31:58', '1', 'Mr.AG', NULL, NULL, NULL, NULL, NULL, NULL, NULL, NULL, NULL, 'ac88ceb386aa4231b09bf472cb937c24', '1'),
	('9c249650b404453b88dc98e100cb22bf', 'beb140a11d1249f9a29edb878fffa769', 'group', '33', 'button', '-1', NULL, NULL, '2018-09-28 10:02:42', '1', 'Mr.AG', NULL, NULL, NULL, NULL, NULL, NULL, NULL, NULL, NULL, 'ac88ceb386aa4231b09bf472cb937c24', '0'),
	('9cef0b5d2e214a3d989b253ad5570615', '058dc6111eb94055b100015f0fe4b5be', 'group', 'f8c892c21e424ed8be7fa5204a308c41', 'menu', '-1', NULL, NULL, '2018-09-29 14:50:01', '1', 'Mr.AG', NULL, NULL, NULL, NULL, NULL, NULL, NULL, NULL, NULL, 'ac88ceb386aa4231b09bf472cb937c24', '0'),
	('9d20484418134004a0e7fd3078aeb037', '0073c2ae7290478d92bd62750fc3da77', 'group', '5', 'menu', '-1', NULL, NULL, '2018-10-09 10:45:43', '1', 'Mr.AG', NULL, NULL, NULL, NULL, NULL, NULL, NULL, NULL, NULL, 'ac88ceb386aa4231b09bf472cb937c24', '0'),
	('9d26aa654bcf41ca9f4b6d568ca004f4', '058dc6111eb94055b100015f0fe4b5be', 'group', '96b0a3ef055a4229a7d8f27c08a73b10', 'button', '-1', NULL, NULL, '2018-09-27 16:30:19', '1', 'Mr.AG', NULL, NULL, NULL, NULL, NULL, NULL, NULL, NULL, NULL, 'ac88ceb386aa4231b09bf472cb937c24', '0'),
	('9da86e4dd9cc4c039335f8bad85cb4cb', '0073c2ae7290478d92bd62750fc3da77', 'group', '4', 'button', '-1', NULL, NULL, '2018-10-09 09:31:55', '1', 'Mr.AG', NULL, NULL, NULL, NULL, NULL, NULL, NULL, NULL, NULL, 'ac88ceb386aa4231b09bf472cb937c24', '1'),
	('9e47f87c9c2d4be4921863425bbdad08', '-1', 'group', '7a0a75752c7d422abd2e30b7aad744d7', 'menu', '-1', NULL, NULL, '2018-10-10 10:41:15', 'feedbcf7c98c4fafa7ea353480457d60', 'zsc2', NULL, NULL, NULL, NULL, NULL, NULL, NULL, NULL, NULL, '398ecc75eab24b048ed5448dd47f3df0', '1'),
	('9e7ae3c0dc1044e2b44a51d66e71a592', 'f589f6288e754051b4b1903a62ea6bf9', 'group', '33', 'menu', '-1', NULL, NULL, '2018-09-30 11:38:28', '1', 'Mr.AG', NULL, NULL, NULL, NULL, NULL, NULL, NULL, NULL, NULL, 'ac88ceb386aa4231b09bf472cb937c24', '1'),
	('9ece088ae6de4ab8bba229e684c275de', 'f589f6288e754051b4b1903a62ea6bf9', 'group', '8', 'menu', '-1', NULL, NULL, '2018-09-30 11:38:28', '1', 'Mr.AG', NULL, NULL, NULL, NULL, NULL, NULL, NULL, NULL, NULL, 'ac88ceb386aa4231b09bf472cb937c24', '1'),
	('9ee03ba9ffbe4e11846da7ee4822a755', '153835e3242e4e0db43f836233e7f5ad', 'group', '0b77a0e033c34c098e9eca1630362169', 'button', '-1', NULL, NULL, '2018-09-30 11:34:16', '1', 'Mr.AG', NULL, NULL, NULL, NULL, NULL, NULL, NULL, NULL, NULL, 'ac88ceb386aa4231b09bf472cb937c24', '0'),
	('9f59079c43bd439baa7ad891dab50cab', '29b565f55d844f5ca79b64c184fe4752', 'group', '34', 'menu', '-1', NULL, NULL, '2018-09-27 14:58:05', '1', 'woozoom', NULL, NULL, NULL, NULL, NULL, NULL, NULL, NULL, NULL, 'ac88ceb386aa4231b09bf472cb937c24', '0'),
	('9f666fe5d6d5457196a2eb0407ecc90c', '0cb6b830548840bd911cf89e1045874f', 'group', '31', 'menu', '-1', NULL, NULL, '2018-09-27 14:57:37', '1', 'woozoom', NULL, NULL, NULL, NULL, NULL, NULL, NULL, NULL, NULL, 'ac88ceb386aa4231b09bf472cb937c24', '0'),
	('a0d6a70da29b4d79928f98e4f1af6248', '058dc6111eb94055b100015f0fe4b5be', 'group', '59', 'button', '-1', NULL, NULL, '2018-09-27 16:30:01', '1', 'Mr.AG', NULL, NULL, NULL, NULL, NULL, NULL, NULL, NULL, NULL, 'ac88ceb386aa4231b09bf472cb937c24', '0'),
	('a0da7eafc97246b6a17f3c9db66f4d72', '058dc6111eb94055b100015f0fe4b5be', 'group', '2b7b250b2b7346759938a05da57d2fcb', 'button', '-1', NULL, NULL, '2018-09-27 16:47:31', '1', 'Mr.AG', NULL, NULL, NULL, NULL, NULL, NULL, NULL, NULL, NULL, 'ac88ceb386aa4231b09bf472cb937c24', '1'),
	('a101f4d858214ab7bfc06a8b0dce5f52', '-1', 'group', '1', 'menu', '-1', NULL, NULL, '2018-10-10 10:41:15', 'feedbcf7c98c4fafa7ea353480457d60', 'zsc2', NULL, NULL, NULL, NULL, NULL, NULL, NULL, NULL, NULL, '398ecc75eab24b048ed5448dd47f3df0', '1'),
	('a10483d8635c42f78388b6a768540a89', 'f589f6288e754051b4b1903a62ea6bf9', 'group', '72cc725ac08340d4909bb822fcf61d8c', 'button', '-1', NULL, NULL, '2018-09-30 11:37:22', '1', 'Mr.AG', NULL, NULL, NULL, NULL, NULL, NULL, NULL, NULL, NULL, 'ac88ceb386aa4231b09bf472cb937c24', '1'),
	('a11d6f45729d4c09acc626314eeb2581', 'f589f6288e754051b4b1903a62ea6bf9', 'group', '7e54ad31aefb4cc081e32680aebf9690', 'button', '-1', NULL, NULL, '2018-09-30 11:37:03', '1', 'Mr.AG', NULL, NULL, NULL, NULL, NULL, NULL, NULL, NULL, NULL, 'ac88ceb386aa4231b09bf472cb937c24', '0'),
	('a205443241d94d789374eba03f069a95', '058dc6111eb94055b100015f0fe4b5be', 'group', '56', 'button', '-1', NULL, NULL, '2018-09-27 16:30:01', '1', 'Mr.AG', NULL, NULL, NULL, NULL, NULL, NULL, NULL, NULL, NULL, 'ac88ceb386aa4231b09bf472cb937c24', '0'),
	('a24c5911206e4e959fe897fc910d92d7', '3d42aacb3f864188bb134a7a1fa2d158', 'group', '13', 'menu', '-1', NULL, NULL, '2018-10-10 10:43:19', 'feedbcf7c98c4fafa7ea353480457d60', 'zsc2', NULL, NULL, NULL, NULL, NULL, NULL, NULL, NULL, NULL, '398ecc75eab24b048ed5448dd47f3df0', '1'),
	('a2510fc885c4431f87ad1569e0b7e92a', '0073c2ae7290478d92bd62750fc3da77', 'group', 'd2773b3568c6438c8f9cc21b06b660ee', 'button', '-1', NULL, NULL, '2018-10-09 09:29:06', '1', 'Mr.AG', NULL, NULL, NULL, NULL, NULL, NULL, NULL, NULL, NULL, 'ac88ceb386aa4231b09bf472cb937c24', '0'),
	('a29b4f7c2f794eefaf1b5417b90f491d', '058dc6111eb94055b100015f0fe4b5be', 'group', '10', 'button', '-1', NULL, NULL, '2018-09-27 16:27:27', '1', 'Mr.AG', NULL, NULL, NULL, NULL, NULL, NULL, NULL, NULL, NULL, 'ac88ceb386aa4231b09bf472cb937c24', '0'),
	('a36c1113f48a4a1497ee89560d51630a', '0cb6b830548840bd911cf89e1045874f', 'group', '7ed2d4b54db94636a6016f3de91e25a9', 'menu', '-1', NULL, NULL, '2018-09-27 14:57:37', '1', 'woozoom', NULL, NULL, NULL, NULL, NULL, NULL, NULL, NULL, NULL, 'ac88ceb386aa4231b09bf472cb937c24', '0'),
	('a3700c6382bc4e4d994a337aff08e472', '058dc6111eb94055b100015f0fe4b5be', 'group', '24ecd755a1ea4cf6b76c8b72ea1858fe', 'button', '-1', NULL, NULL, '2018-09-27 16:29:55', '1', 'Mr.AG', NULL, NULL, NULL, NULL, NULL, NULL, NULL, NULL, NULL, 'ac88ceb386aa4231b09bf472cb937c24', '0'),
	('a38b523634264c7686b9056bb5b4396b', '09cb1775d68c482782f6c4024c99c92f', 'group', '0b2a074e02c04e9eb86124d30f295376', 'menu', '-1', NULL, NULL, '2018-09-27 14:58:20', '1', 'woozoom', NULL, NULL, NULL, NULL, NULL, NULL, NULL, NULL, NULL, 'ac88ceb386aa4231b09bf472cb937c24', '0'),
	('a42cc3c3d6d24fdea9ebb9de8a8c6ade', '0073c2ae7290478d92bd62750fc3da77', 'group', '41', 'button', '-1', NULL, NULL, '2018-10-09 09:28:55', '1', 'Mr.AG', NULL, NULL, NULL, NULL, NULL, NULL, NULL, NULL, NULL, 'ac88ceb386aa4231b09bf472cb937c24', '0'),
	('a43d668f9b654f59a0dcb6a56d80828a', 'beb140a11d1249f9a29edb878fffa769', 'group', '54', 'button', '-1', NULL, NULL, '2018-09-28 10:02:45', '1', 'Mr.AG', NULL, NULL, NULL, NULL, NULL, NULL, NULL, NULL, NULL, 'ac88ceb386aa4231b09bf472cb937c24', '0'),
	('a57e170bb8fb4580a13563b0f238b9e6', 'f589f6288e754051b4b1903a62ea6bf9', 'group', '342a587a51d647a1b53c6d97363cf428', 'menu', '-1', NULL, NULL, '2018-09-30 11:37:10', '1', 'Mr.AG', NULL, NULL, NULL, NULL, NULL, NULL, NULL, NULL, NULL, 'ac88ceb386aa4231b09bf472cb937c24', '0'),
	('a5b6c85033304a81b11bb127f2c4cc67', '0073c2ae7290478d92bd62750fc3da77', 'group', 'd6b714eff47a42d0a654e55c39304dd5', 'button', '-1', NULL, NULL, '2018-10-09 09:32:28', '1', 'Mr.AG', NULL, NULL, NULL, NULL, NULL, NULL, NULL, NULL, NULL, 'ac88ceb386aa4231b09bf472cb937c24', '1'),
	('a60c9bbe7d6349fab5a3701764c6380a', 'f589f6288e754051b4b1903a62ea6bf9', 'group', '27', 'menu', '-1', NULL, NULL, '2018-09-30 11:37:10', '1', 'Mr.AG', NULL, NULL, NULL, NULL, NULL, NULL, NULL, NULL, NULL, 'ac88ceb386aa4231b09bf472cb937c24', '0'),
	('a70dc4354e384e40ba791e179cab18b2', 'beb140a11d1249f9a29edb878fffa769', 'group', '55', 'button', '-1', NULL, NULL, '2018-09-28 10:02:45', '1', 'Mr.AG', NULL, NULL, NULL, NULL, NULL, NULL, NULL, NULL, NULL, 'ac88ceb386aa4231b09bf472cb937c24', '0'),
	('a735ad8b48c1486ea383dee07bc627aa', '258651cfd4ca41cbaa70d1b233659b5c', 'group', 'd2773b3568c6438c8f9cc21b06b660ee', 'button', '-1', NULL, NULL, NULL, NULL, NULL, NULL, NULL, NULL, NULL, NULL, NULL, NULL, NULL, NULL, NULL, '1'),
	('a7ab05fa36ec404599cd5561330b5f28', '0073c2ae7290478d92bd62750fc3da77', 'group', '52', 'button', '-1', NULL, NULL, '2018-10-09 09:32:07', '1', 'Mr.AG', NULL, NULL, NULL, NULL, NULL, NULL, NULL, NULL, NULL, 'ac88ceb386aa4231b09bf472cb937c24', '1'),
	('a7c7115dc04b48389a4bca5a48cd5b48', '0073c2ae7290478d92bd62750fc3da77', 'group', '7', 'menu', '-1', NULL, NULL, '2018-10-09 10:45:43', '1', 'Mr.AG', NULL, NULL, NULL, NULL, NULL, NULL, NULL, NULL, NULL, 'ac88ceb386aa4231b09bf472cb937c24', '0'),
	('a7e7262f0d7b4b8a857b5189336c9f8e', '0073c2ae7290478d92bd62750fc3da77', 'group', '3', 'button', '-1', NULL, NULL, '2018-10-09 09:31:55', '1', 'Mr.AG', NULL, NULL, NULL, NULL, NULL, NULL, NULL, NULL, NULL, 'ac88ceb386aa4231b09bf472cb937c24', '1'),
	('a7ee7ab700574ebfb27bcb56ad80ff2e', '058dc6111eb94055b100015f0fe4b5be', 'group', '4ee4f57a2d92494abe2595bff4f32057', 'button', '-1', NULL, NULL, '2018-09-27 16:27:30', '1', 'Mr.AG', NULL, NULL, NULL, NULL, NULL, NULL, NULL, NULL, NULL, 'ac88ceb386aa4231b09bf472cb937c24', '0'),
	('a813137b2abb48e7ad5da243758f4d46', '058dc6111eb94055b100015f0fe4b5be', 'group', '3', 'button', '-1', NULL, NULL, '2018-09-27 16:27:23', '1', 'Mr.AG', NULL, NULL, NULL, NULL, NULL, NULL, NULL, NULL, NULL, 'ac88ceb386aa4231b09bf472cb937c24', '0'),
	('a8eecde56aaa44a9a9a8a57b37e2f139', 'f589f6288e754051b4b1903a62ea6bf9', 'group', '33', 'menu', '-1', NULL, NULL, '2018-09-30 11:37:10', '1', 'Mr.AG', NULL, NULL, NULL, NULL, NULL, NULL, NULL, NULL, NULL, 'ac88ceb386aa4231b09bf472cb937c24', '0'),
	('a91f7677f716432c8188465be094fb37', '3d42aacb3f864188bb134a7a1fa2d158', 'group', '4', 'button', '-1', NULL, NULL, '2018-10-10 10:43:17', 'feedbcf7c98c4fafa7ea353480457d60', 'zsc2', NULL, NULL, NULL, NULL, NULL, NULL, NULL, NULL, NULL, '398ecc75eab24b048ed5448dd47f3df0', '1'),
	('a98582f86a0840c5a0887f2b748bdbc6', '29b565f55d844f5ca79b64c184fe4752', 'group', 'a35abb5dc4ce407c9e1e9ba1e9ca4cff', 'menu', '-1', NULL, NULL, '2018-09-27 14:58:05', '1', 'woozoom', NULL, NULL, NULL, NULL, NULL, NULL, NULL, NULL, NULL, 'ac88ceb386aa4231b09bf472cb937c24', '0'),
	('aa3b1922117847f8905b6b13182696c7', '258651cfd4ca41cbaa70d1b233659b5c', 'group', '6d7ea83bb71d476dbfbda2bcbc1a01bd', 'button', '-1', NULL, NULL, NULL, NULL, NULL, NULL, NULL, NULL, NULL, NULL, NULL, NULL, NULL, NULL, NULL, '1'),
	('aa5070397fe448dd8c99c6175101a855', '153835e3242e4e0db43f836233e7f5ad', 'group', '68ee45b69c0f41cb9d6a5c33d46fb7a6', 'menu', '-1', NULL, NULL, '2018-09-30 11:35:26', '1', 'Mr.AG', NULL, NULL, NULL, NULL, NULL, NULL, NULL, NULL, NULL, 'ac88ceb386aa4231b09bf472cb937c24', '0'),
	('aa55a2e7db5f402f89c8b1d547faa0de', '058dc6111eb94055b100015f0fe4b5be', 'group', 'f7b1d97edd98407aab36a01d290683ee', 'button', '-1', NULL, NULL, '2018-09-27 16:47:41', '1', 'Mr.AG', NULL, NULL, NULL, NULL, NULL, NULL, NULL, NULL, NULL, 'ac88ceb386aa4231b09bf472cb937c24', '1'),
	('aaa5247869d54ee6873dd470badf6960', '258651cfd4ca41cbaa70d1b233659b5c', 'group', '375b04fe927c44e88593d02670acd90f', 'button', '-1', NULL, NULL, NULL, NULL, NULL, NULL, NULL, NULL, NULL, NULL, NULL, NULL, NULL, NULL, NULL, '1'),
	('aac019c43045452b8aed365e2fb44e6c', '0073c2ae7290478d92bd62750fc3da77', 'group', 'af44e799b90240d1a4f51a36ae3995d1', 'button', '-1', NULL, NULL, '2018-10-09 09:29:29', '1', 'Mr.AG', NULL, NULL, NULL, NULL, NULL, NULL, NULL, NULL, NULL, 'ac88ceb386aa4231b09bf472cb937c24', '0'),
	('ab7a139b3baf456d88e4944e3ee1ed3b', '0073c2ae7290478d92bd62750fc3da77', 'group', '50', 'button', '-1', NULL, NULL, '2018-10-09 09:32:07', '1', 'Mr.AG', NULL, NULL, NULL, NULL, NULL, NULL, NULL, NULL, NULL, 'ac88ceb386aa4231b09bf472cb937c24', '1'),
	('abb1c328ffe94905b4b58534e5c0e0e8', '0073c2ae7290478d92bd62750fc3da77', 'group', '21', 'button', '-1', NULL, NULL, '2018-10-09 09:28:42', '1', 'Mr.AG', NULL, NULL, NULL, NULL, NULL, NULL, NULL, NULL, NULL, 'ac88ceb386aa4231b09bf472cb937c24', '0'),
	('ac65f390f5d3455e9cac3a7e5a6c8a43', '0073c2ae7290478d92bd62750fc3da77', 'group', '10', 'button', '-1', NULL, NULL, '2018-10-09 09:28:33', '1', 'Mr.AG', NULL, NULL, NULL, NULL, NULL, NULL, NULL, NULL, NULL, 'ac88ceb386aa4231b09bf472cb937c24', '0'),
	('ac99ef90dfcd4777a7eb3ed22af1edf8', 'beb140a11d1249f9a29edb878fffa769', 'group', '48', 'button', '-1', NULL, NULL, '2018-09-28 10:02:45', '1', 'Mr.AG', NULL, NULL, NULL, NULL, NULL, NULL, NULL, NULL, NULL, 'ac88ceb386aa4231b09bf472cb937c24', '0'),
	('acc6118c0cec4e3e8e38a4f5d316e414', '058dc6111eb94055b100015f0fe4b5be', 'group', 'ce21d798f8fc44cd9379086ffe236ce6', 'button', '-1', NULL, NULL, '2018-09-27 16:47:59', '1', 'Mr.AG', NULL, NULL, NULL, NULL, NULL, NULL, NULL, NULL, NULL, 'ac88ceb386aa4231b09bf472cb937c24', '1'),
	('acebd1119b7b46128b8f8e54944197d4', '258651cfd4ca41cbaa70d1b233659b5c', 'group', '375b04fe927c44e88593d02670acd90f', 'button', '-1', NULL, NULL, '2018-09-28 09:47:47', '1', 'Mr.AG', NULL, NULL, NULL, NULL, NULL, NULL, NULL, NULL, NULL, 'ac88ceb386aa4231b09bf472cb937c24', '0'),
	('ad4e1aff0cc14c06a7577f4abf0740e6', 'beb140a11d1249f9a29edb878fffa769', 'group', '22', 'button', '-1', NULL, NULL, '2018-09-28 10:02:40', '1', 'Mr.AG', NULL, NULL, NULL, NULL, NULL, NULL, NULL, NULL, NULL, 'ac88ceb386aa4231b09bf472cb937c24', '0'),
	('adb11842b2874bf89184f76c3f0ec20e', '0cb6b830548840bd911cf89e1045874f', 'group', '68ee45b69c0f41cb9d6a5c33d46fb8a6', 'menu', '-1', NULL, NULL, '2018-09-27 14:57:37', '1', 'woozoom', NULL, NULL, NULL, NULL, NULL, NULL, NULL, NULL, NULL, 'ac88ceb386aa4231b09bf472cb937c24', '0'),
	('adb7683997b64706ae72551794263ed7', '058dc6111eb94055b100015f0fe4b5be', 'group', '48', 'button', '-1', NULL, NULL, '2018-09-27 16:47:26', '1', 'Mr.AG', NULL, NULL, NULL, NULL, NULL, NULL, NULL, NULL, NULL, 'ac88ceb386aa4231b09bf472cb937c24', '1'),
	('ae83566e97844e59bceb612a0904092f', '153835e3242e4e0db43f836233e7f5ad', 'group', '21', 'menu', '-1', NULL, NULL, '2018-09-30 11:35:26', '1', 'Mr.AG', NULL, NULL, NULL, NULL, NULL, NULL, NULL, NULL, NULL, 'ac88ceb386aa4231b09bf472cb937c24', '0'),
	('aeba996eb9534de79e793acaddc6095b', '058dc6111eb94055b100015f0fe4b5be', 'group', 'a440bc6a31f6457493c7461fd9afae4b', 'button', '-1', NULL, NULL, '2018-09-27 16:47:49', '1', 'Mr.AG', NULL, NULL, NULL, NULL, NULL, NULL, NULL, NULL, NULL, 'ac88ceb386aa4231b09bf472cb937c24', '1'),
	('af741bdd379b4ae68db13afd40ae65f9', '0073c2ae7290478d92bd62750fc3da77', 'group', 'e18f6f0dde564e62ba91de1657595ddc', 'button', '-1', NULL, NULL, '2018-10-09 09:29:29', '1', 'Mr.AG', NULL, NULL, NULL, NULL, NULL, NULL, NULL, NULL, NULL, 'ac88ceb386aa4231b09bf472cb937c24', '0'),
	('afcc73fc556e40a39af61a24014455ff', '366af0a7fd79453fbe54c0d24917ec4b', 'group', '56', 'button', '-1', NULL, NULL, NULL, NULL, NULL, NULL, NULL, NULL, NULL, NULL, NULL, NULL, NULL, NULL, NULL, '0'),
	('afdfd23d61c346bb90bb49d793620f25', 'beb140a11d1249f9a29edb878fffa769', 'group', '32', 'button', '-1', NULL, NULL, '2018-09-28 10:02:42', '1', 'Mr.AG', NULL, NULL, NULL, NULL, NULL, NULL, NULL, NULL, NULL, 'ac88ceb386aa4231b09bf472cb937c24', '0'),
	('aff0672d09a64acb825907293a5f3e83', '0cb6b830548840bd911cf89e1045874f', 'group', '454f9b3de369463a93ef75492126b54e', 'menu', '-1', NULL, NULL, '2018-09-27 14:57:37', '1', 'woozoom', NULL, NULL, NULL, NULL, NULL, NULL, NULL, NULL, NULL, 'ac88ceb386aa4231b09bf472cb937c24', '0'),
	('b0bf6ed245c94fdc947d51cf1483cda2', '058dc6111eb94055b100015f0fe4b5be', 'group', 'a35abb5dc4ce407c9e1e9ba1e9ca4cff', 'menu', '-1', NULL, NULL, '2018-09-29 14:50:18', '1', 'Mr.AG', NULL, NULL, NULL, NULL, NULL, NULL, NULL, NULL, NULL, 'ac88ceb386aa4231b09bf472cb937c24', '1'),
	('b181463a8960447f8c48cadd38e7b2c4', 'beb140a11d1249f9a29edb878fffa769', 'group', '103593127199487794f9fd8fd573db5f', 'button', '-1', NULL, NULL, '2018-09-28 10:03:00', '1', 'Mr.AG', NULL, NULL, NULL, NULL, NULL, NULL, NULL, NULL, NULL, 'ac88ceb386aa4231b09bf472cb937c24', '0'),
	('b1c476c5d37d4b30ba2bdae831e6e006', 'f589f6288e754051b4b1903a62ea6bf9', 'group', '31', 'menu', '-1', NULL, NULL, '2018-09-30 11:37:10', '1', 'Mr.AG', NULL, NULL, NULL, NULL, NULL, NULL, NULL, NULL, NULL, 'ac88ceb386aa4231b09bf472cb937c24', '0'),
	('b1c85c22bf6441d986581df8e4d72050', '0cb6b830548840bd911cf89e1045874f', 'group', '68ee45b69c0f41cb9d6a5c33d46fb7a6', 'menu', '-1', NULL, NULL, '2018-09-27 14:57:37', '1', 'woozoom', NULL, NULL, NULL, NULL, NULL, NULL, NULL, NULL, NULL, 'ac88ceb386aa4231b09bf472cb937c24', '0'),
	('b1e5c8b44be64b36ad69357fd9202dab', '258651cfd4ca41cbaa70d1b233659b5c', 'group', 'b8c91a10051540b3afa09992ccb52465', 'button', '-1', NULL, NULL, '2018-10-10 14:47:52', '1', 'Mr.AG', NULL, NULL, NULL, NULL, NULL, NULL, NULL, NULL, NULL, 'ac88ceb386aa4231b09bf472cb937c24', '0'),
	('b25759769b8a489cb9cfb36137bc5e12', '09cb1775d68c482782f6c4024c99c92f', 'group', '3a61b3472fc54332a38464fb03d309ec', 'menu', '-1', NULL, NULL, '2018-09-27 14:58:20', '1', 'woozoom', NULL, NULL, NULL, NULL, NULL, NULL, NULL, NULL, NULL, 'ac88ceb386aa4231b09bf472cb937c24', '0'),
	('b27f456136d842dab0532f3fcd42f7c2', '258651cfd4ca41cbaa70d1b233659b5c', 'group', '454f9b3de369463a93ef75492126b54e', 'menu', '-1', NULL, NULL, '2018-10-10 14:47:54', '1', 'Mr.AG', NULL, NULL, NULL, NULL, NULL, NULL, NULL, NULL, NULL, 'ac88ceb386aa4231b09bf472cb937c24', '0'),
	('b281ea9119a54e2ebabb153883fbfc16', '0073c2ae7290478d92bd62750fc3da77', 'group', '43', 'button', '-1', NULL, NULL, '2018-10-09 09:29:13', '1', 'Mr.AG', NULL, NULL, NULL, NULL, NULL, NULL, NULL, NULL, NULL, 'ac88ceb386aa4231b09bf472cb937c24', '0'),
	('b30b9aac41b149fe973578070883600a', '29b565f55d844f5ca79b64c184fe4752', 'group', '0b2a074e02c04e9eb86124d30f295376', 'menu', '-1', NULL, NULL, '2018-09-27 14:58:05', '1', 'woozoom', NULL, NULL, NULL, NULL, NULL, NULL, NULL, NULL, NULL, 'ac88ceb386aa4231b09bf472cb937c24', '0'),
	('b3396e6042584043a267924f51500065', '3d42aacb3f864188bb134a7a1fa2d158', 'group', '23', 'button', '-1', NULL, NULL, '2018-10-10 10:43:17', 'feedbcf7c98c4fafa7ea353480457d60', 'zsc2', NULL, NULL, NULL, NULL, NULL, NULL, NULL, NULL, NULL, '398ecc75eab24b048ed5448dd47f3df0', '1'),
	('b399763b839a481abfbf3b759710fc85', '258651cfd4ca41cbaa70d1b233659b5c', 'group', 'd2773b3568c6438c8f9cc21b06b660ee', 'button', '-1', NULL, NULL, NULL, NULL, NULL, NULL, NULL, NULL, NULL, NULL, NULL, NULL, NULL, NULL, NULL, '0'),
	('b39bd9e4219244b498bc96f321f51e0d', '258651cfd4ca41cbaa70d1b233659b5c', 'group', '23', 'button', '-1', NULL, NULL, NULL, NULL, NULL, NULL, NULL, NULL, NULL, NULL, NULL, NULL, NULL, NULL, NULL, '1'),
	('b46317b3481b4c83879a18c977f48de6', '058dc6111eb94055b100015f0fe4b5be', 'group', '415eac050ab64fc3b41b11e43645f3b5', 'button', '-1', NULL, NULL, '2018-09-27 16:30:09', '1', 'Mr.AG', NULL, NULL, NULL, NULL, NULL, NULL, NULL, NULL, NULL, 'ac88ceb386aa4231b09bf472cb937c24', '0'),
	('b58937d268a44a0aba519b0accfcb82a', '0073c2ae7290478d92bd62750fc3da77', 'group', '41', 'button', '-1', NULL, NULL, '2018-10-09 09:32:15', '1', 'Mr.AG', NULL, NULL, NULL, NULL, NULL, NULL, NULL, NULL, NULL, 'ac88ceb386aa4231b09bf472cb937c24', '1'),
	('b59edec22f664787aa4186f2867908b9', '258651cfd4ca41cbaa70d1b233659b5c', 'group', '58', 'button', '-1', NULL, NULL, NULL, NULL, NULL, NULL, NULL, NULL, NULL, NULL, NULL, NULL, NULL, NULL, NULL, '0'),
	('b5df9e8e2ed34acebc9ddfb103b87b60', 'b0bfc23bd12f47418044c556405b52ac', 'group', '21b3fe683a6040ed8c57423e55cd94a2', 'button', '-1', NULL, NULL, '2018-03-06 11:34:07', 'a1a2cb17b4f24e50bbde2f1b8a233bcb', '测试租户', NULL, NULL, NULL, NULL, NULL, NULL, NULL, NULL, NULL, '1ec08564dcc344018d6aaa910068f0f0', '0'),
	('b5f00cb818f24dd5a241009aa71c030e', '366af0a7fd79453fbe54c0d24917ec4b', 'group', '58', 'button', '-1', NULL, NULL, NULL, NULL, NULL, NULL, NULL, NULL, NULL, NULL, NULL, NULL, NULL, NULL, NULL, '0'),
	('b611fd3773aa4e69aa7eabcf7225ecc0', '258651cfd4ca41cbaa70d1b233659b5c', 'group', 'ce21d798f8fc44cd9379086ffe236ce6', 'button', '-1', NULL, NULL, '2018-10-10 14:47:52', '1', 'Mr.AG', NULL, NULL, NULL, NULL, NULL, NULL, NULL, NULL, NULL, 'ac88ceb386aa4231b09bf472cb937c24', '0'),
	('b6829c5ee62a461bbcf5ec93b0b9d04d', '058dc6111eb94055b100015f0fe4b5be', 'group', '21', 'menu', '-1', NULL, NULL, '2018-09-29 14:50:18', '1', 'Mr.AG', NULL, NULL, NULL, NULL, NULL, NULL, NULL, NULL, NULL, 'ac88ceb386aa4231b09bf472cb937c24', '1'),
	('b745fae88cea462c9772a4d790ac7734', 'f589f6288e754051b4b1903a62ea6bf9', 'group', '7', 'menu', '-1', NULL, NULL, '2018-09-30 11:38:28', '1', 'Mr.AG', NULL, NULL, NULL, NULL, NULL, NULL, NULL, NULL, NULL, 'ac88ceb386aa4231b09bf472cb937c24', '1'),
	('b75af9ab4c5f4d53881f9d142fc768c6', '058dc6111eb94055b100015f0fe4b5be', 'group', 'dd68f557717a483a9b808182c8557e01', 'button', '-1', NULL, NULL, '2018-09-27 16:47:49', '1', 'Mr.AG', NULL, NULL, NULL, NULL, NULL, NULL, NULL, NULL, NULL, 'ac88ceb386aa4231b09bf472cb937c24', '1'),
	('b7e38f092be64061937ca5dd47626337', '0073c2ae7290478d92bd62750fc3da77', 'group', 'd26625c13796423c8353176197cd7f0d', 'button', '-1', NULL, NULL, '2018-10-09 09:29:23', '1', 'Mr.AG', NULL, NULL, NULL, NULL, NULL, NULL, NULL, NULL, NULL, 'ac88ceb386aa4231b09bf472cb937c24', '0'),
	('b81aa2b0670c413183e586b7bb7d4d64', '058dc6111eb94055b100015f0fe4b5be', 'group', '24', 'button', '-1', NULL, NULL, '2018-09-27 16:27:27', '1', 'Mr.AG', NULL, NULL, NULL, NULL, NULL, NULL, NULL, NULL, NULL, 'ac88ceb386aa4231b09bf472cb937c24', '0'),
	('b8cefcbe788448499006ec64fe84d09f', '258651cfd4ca41cbaa70d1b233659b5c', 'group', '4', 'button', '-1', NULL, NULL, '2018-10-09 09:35:49', '1', 'Mr.AG', NULL, NULL, NULL, NULL, NULL, NULL, NULL, NULL, NULL, 'ac88ceb386aa4231b09bf472cb937c24', '1'),
	('b98dda0455864391a88e9d49e8f71c1c', '058dc6111eb94055b100015f0fe4b5be', 'group', '8b5ff030c76341059a335e0653fef5ea', 'button', '-1', NULL, NULL, '2018-09-27 16:30:02', '1', 'Mr.AG', NULL, NULL, NULL, NULL, NULL, NULL, NULL, NULL, NULL, 'ac88ceb386aa4231b09bf472cb937c24', '0'),
	('ba3c0cb5c3ff4d95a11a8e5a75dc28a7', 'beb140a11d1249f9a29edb878fffa769', 'group', '1', 'menu', '-1', NULL, NULL, '2018-09-28 09:59:09', 'e4ee2dbb147e4b4ca02d3b32c0013205', 'zsc', NULL, NULL, NULL, NULL, NULL, NULL, NULL, NULL, NULL, 'ac88ceb386aa4231b09bf472cb937c24', '1'),
	('bb191f3c89824edc847073eae8bf7118', '058dc6111eb94055b100015f0fe4b5be', 'group', 'cac49646909c4750b23f223f53eafc5b', 'button', '-1', NULL, NULL, '2018-09-27 16:47:34', '1', 'Mr.AG', NULL, NULL, NULL, NULL, NULL, NULL, NULL, NULL, NULL, 'ac88ceb386aa4231b09bf472cb937c24', '1'),
	('bb42b21eedb24816ac3c079060f31544', '258651cfd4ca41cbaa70d1b233659b5c', 'group', '-1', 'menu', '-1', NULL, NULL, '2018-10-10 14:47:54', '1', 'Mr.AG', NULL, NULL, NULL, NULL, NULL, NULL, NULL, NULL, NULL, 'ac88ceb386aa4231b09bf472cb937c24', '0'),
	('bb5ce53f407645f3a38ded3f3a50975b', '3d42aacb3f864188bb134a7a1fa2d158', 'group', '23', 'button', '-1', NULL, NULL, '2018-10-10 09:40:29', 'feedbcf7c98c4fafa7ea353480457d60', 'zsc2', NULL, NULL, NULL, NULL, NULL, NULL, NULL, NULL, NULL, '398ecc75eab24b048ed5448dd47f3df0', '0'),
	('bbc40000bf8048c5b3c5422b07ae54bd', '258651cfd4ca41cbaa70d1b233659b5c', 'group', '52', 'button', '-1', NULL, NULL, '2018-10-09 09:35:27', '1', 'Mr.AG', NULL, NULL, NULL, NULL, NULL, NULL, NULL, NULL, NULL, 'ac88ceb386aa4231b09bf472cb937c24', '0'),
	('bc9d73b6923b4ac8ad7a6e4ba6fd183c', '258651cfd4ca41cbaa70d1b233659b5c', 'group', '6b5b2f7373f64d9c914a8e38c1463f42', 'button', '-1', NULL, NULL, '2018-10-10 14:47:52', '1', 'Mr.AG', NULL, NULL, NULL, NULL, NULL, NULL, NULL, NULL, NULL, 'ac88ceb386aa4231b09bf472cb937c24', '0'),
	('bcc57b7351d34f46bf2b4dba2f971397', '153835e3242e4e0db43f836233e7f5ad', 'group', '-1', 'menu', '-1', NULL, NULL, '2018-09-30 11:37:42', '1', 'Mr.AG', NULL, NULL, NULL, NULL, NULL, NULL, NULL, NULL, NULL, 'ac88ceb386aa4231b09bf472cb937c24', '1'),
	('bd18da5cfdfd468abca64766c6816c55', 'f589f6288e754051b4b1903a62ea6bf9', 'group', '40', 'menu', '-1', NULL, NULL, '2018-09-30 11:38:28', '1', 'Mr.AG', NULL, NULL, NULL, NULL, NULL, NULL, NULL, NULL, NULL, 'ac88ceb386aa4231b09bf472cb937c24', '1'),
	('bd27587db8e24e9686b4f6cd8498d69c', '058dc6111eb94055b100015f0fe4b5be', 'group', '7', 'menu', '-1', NULL, NULL, '2018-09-29 14:50:18', '1', 'Mr.AG', NULL, NULL, NULL, NULL, NULL, NULL, NULL, NULL, NULL, 'ac88ceb386aa4231b09bf472cb937c24', '1'),
	('bd380cda99e94fd68b2ba170c9d8258f', '0cb6b830548840bd911cf89e1045874f', 'group', '35', 'menu', '-1', NULL, NULL, '2018-09-27 14:57:37', '1', 'woozoom', NULL, NULL, NULL, NULL, NULL, NULL, NULL, NULL, NULL, 'ac88ceb386aa4231b09bf472cb937c24', '0'),
	('bd79bd493e0e473782e36b17a069b3fa', 'f589f6288e754051b4b1903a62ea6bf9', 'group', '68ee45b69c0f41cb9d6a5c33d46fb8a6', 'menu', '-1', NULL, NULL, '2018-09-30 11:38:28', '1', 'Mr.AG', NULL, NULL, NULL, NULL, NULL, NULL, NULL, NULL, NULL, 'ac88ceb386aa4231b09bf472cb937c24', '1'),
	('bd9395bb258b401b95e712a698724d24', '258651cfd4ca41cbaa70d1b233659b5c', 'group', '3', 'button', '-1', NULL, NULL, NULL, NULL, NULL, NULL, NULL, NULL, NULL, NULL, NULL, NULL, NULL, NULL, NULL, '0'),
	('bda0e4bbba0248628662614dac4d4912', '258651cfd4ca41cbaa70d1b233659b5c', 'group', '5', 'button', '-1', NULL, NULL, '2018-10-09 09:35:49', '1', 'Mr.AG', NULL, NULL, NULL, NULL, NULL, NULL, NULL, NULL, NULL, 'ac88ceb386aa4231b09bf472cb937c24', '1'),
	('be2d5eaedce84d5e88dc4f76d70dd0fa', '0cb6b830548840bd911cf89e1045874f', 'group', '0b2a074e02c04e9eb86124d30f295376', 'menu', '-1', NULL, NULL, '2018-09-27 14:57:37', '1', 'woozoom', NULL, NULL, NULL, NULL, NULL, NULL, NULL, NULL, NULL, 'ac88ceb386aa4231b09bf472cb937c24', '0'),
	('bed96cbbfaf04032bf8a6a6b01286059', '0073c2ae7290478d92bd62750fc3da77', 'group', '4ee4f57a2d92494abe2595bff4f32057', 'button', '-1', NULL, NULL, '2018-10-09 09:32:02', '1', 'Mr.AG', NULL, NULL, NULL, NULL, NULL, NULL, NULL, NULL, NULL, 'ac88ceb386aa4231b09bf472cb937c24', '1'),
	('befc3b6c4b774cd7afc41994378aae96', '058dc6111eb94055b100015f0fe4b5be', 'group', '12', 'button', '-1', NULL, NULL, '2018-09-27 16:27:27', '1', 'Mr.AG', NULL, NULL, NULL, NULL, NULL, NULL, NULL, NULL, NULL, 'ac88ceb386aa4231b09bf472cb937c24', '0'),
	('bf2db4f8b0984098a97c30606c162f3b', '058dc6111eb94055b100015f0fe4b5be', 'group', 'd2773b3568c6438c8f9cc21b06b660ee', 'button', '-1', NULL, NULL, '2018-09-27 16:30:02', '1', 'Mr.AG', NULL, NULL, NULL, NULL, NULL, NULL, NULL, NULL, NULL, 'ac88ceb386aa4231b09bf472cb937c24', '0'),
	('bfa7f369204f49c4b95aa21c806f3ec7', '058dc6111eb94055b100015f0fe4b5be', 'group', '6', 'menu', '-1', NULL, NULL, '2018-09-29 14:50:01', '1', 'Mr.AG', NULL, NULL, NULL, NULL, NULL, NULL, NULL, NULL, NULL, 'ac88ceb386aa4231b09bf472cb937c24', '0'),
	('c03266d647f643e3919ff8576eb89c37', '-1', 'group', '5', 'menu', '-1', NULL, NULL, '2018-03-06 09:56:51', 'a1a2cb17b4f24e50bbde2f1b8a233bcb', '测试租户', NULL, NULL, NULL, NULL, NULL, NULL, NULL, NULL, NULL, '1ec08564dcc344018d6aaa910068f0f0', '0'),
	('c04249a766134c3da585c5c1f8cdfadf', '058dc6111eb94055b100015f0fe4b5be', 'group', '14', 'button', '-1', NULL, NULL, '2018-09-27 16:27:27', '1', 'Mr.AG', NULL, NULL, NULL, NULL, NULL, NULL, NULL, NULL, NULL, 'ac88ceb386aa4231b09bf472cb937c24', '0'),
	('c06345df1eb743f7859ebe9ec5d43c3c', '058dc6111eb94055b100015f0fe4b5be', 'group', '57', 'button', '-1', NULL, NULL, '2018-09-27 16:30:01', '1', 'Mr.AG', NULL, NULL, NULL, NULL, NULL, NULL, NULL, NULL, NULL, 'ac88ceb386aa4231b09bf472cb937c24', '0'),
	('c0a59765269c414e972748ac063a0493', '058dc6111eb94055b100015f0fe4b5be', 'group', '39925b8263664c9e923f9c34f9bc2a37', 'button', '-1', NULL, NULL, '2018-09-27 16:47:34', '1', 'Mr.AG', NULL, NULL, NULL, NULL, NULL, NULL, NULL, NULL, NULL, 'ac88ceb386aa4231b09bf472cb937c24', '1'),
	('c0c87ab431f24cc7bfd540f3362dced4', '0073c2ae7290478d92bd62750fc3da77', 'group', '53', 'button', '-1', NULL, NULL, '2018-10-09 09:28:51', '1', 'Mr.AG', NULL, NULL, NULL, NULL, NULL, NULL, NULL, NULL, NULL, 'ac88ceb386aa4231b09bf472cb937c24', '0'),
	('c0ecdb740dd34753b0adf9ce80208bfa', 'f589f6288e754051b4b1903a62ea6bf9', 'group', '4148c14ed9db4e7f9ed297ff34db3ab1', 'menu', '-1', NULL, NULL, '2018-09-30 11:38:28', '1', 'Mr.AG', NULL, NULL, NULL, NULL, NULL, NULL, NULL, NULL, NULL, 'ac88ceb386aa4231b09bf472cb937c24', '1'),
	('c1013774693d49769b43f0939a4c6d87', '258651cfd4ca41cbaa70d1b233659b5c', 'group', '27', 'button', '-1', NULL, NULL, '2018-10-09 09:35:20', '1', 'Mr.AG', NULL, NULL, NULL, NULL, NULL, NULL, NULL, NULL, NULL, 'ac88ceb386aa4231b09bf472cb937c24', '0'),
	('c13a3b4fc9c247ea803a582514aa8cc1', '058dc6111eb94055b100015f0fe4b5be', 'group', 'c6469be83d8e4d5ca404b46b347f7d4c', 'button', '-1', NULL, NULL, '2018-09-27 16:30:02', '1', 'Mr.AG', NULL, NULL, NULL, NULL, NULL, NULL, NULL, NULL, NULL, 'ac88ceb386aa4231b09bf472cb937c24', '0'),
	('c17441b541ef40d19faefcd6a30160a5', '366af0a7fd79453fbe54c0d24917ec4b', 'group', '23', 'button', '-1', NULL, NULL, NULL, NULL, NULL, NULL, NULL, NULL, NULL, NULL, NULL, NULL, NULL, NULL, NULL, '0'),
	('c1cd43cee6cd40849636daa8ee9029c8', '058dc6111eb94055b100015f0fe4b5be', 'group', '27', 'button', '-1', NULL, NULL, '2018-09-27 16:47:21', '1', 'Mr.AG', NULL, NULL, NULL, NULL, NULL, NULL, NULL, NULL, NULL, 'ac88ceb386aa4231b09bf472cb937c24', '1'),
	('c1e06e26b4164704b2e49bf468643ba1', '153835e3242e4e0db43f836233e7f5ad', 'group', '7e54ad31aefb4cc081e32680aebf9690', 'button', '-1', NULL, NULL, '2018-09-30 11:34:17', '1', 'Mr.AG', NULL, NULL, NULL, NULL, NULL, NULL, NULL, NULL, NULL, 'ac88ceb386aa4231b09bf472cb937c24', '0'),
	('c1f7e25c700d4a078cd97b4b80cb9f26', '3d42aacb3f864188bb134a7a1fa2d158', 'group', '5', 'menu', '-1', NULL, NULL, '2018-10-10 10:43:19', 'feedbcf7c98c4fafa7ea353480457d60', 'zsc2', NULL, NULL, NULL, NULL, NULL, NULL, NULL, NULL, NULL, '398ecc75eab24b048ed5448dd47f3df0', '1'),
	('c1f978497b634205bbeebbc0245deca3', '0073c2ae7290478d92bd62750fc3da77', 'group', 'cdf65eea98fa4679bd3f1041d5c06d68', 'button', '-1', NULL, NULL, '2018-10-09 10:37:04', '1', 'Mr.AG', NULL, NULL, NULL, NULL, NULL, NULL, NULL, NULL, NULL, 'ac88ceb386aa4231b09bf472cb937c24', '1'),
	('c1ff47bd8c17496e84ba763f7243fc2d', '0073c2ae7290478d92bd62750fc3da77', 'group', '42', 'button', '-1', NULL, NULL, '2018-10-09 10:36:58', '1', 'Mr.AG', NULL, NULL, NULL, NULL, NULL, NULL, NULL, NULL, NULL, 'ac88ceb386aa4231b09bf472cb937c24', '1'),
	('c2571d38498e45fcb7fcd06f96174608', '258651cfd4ca41cbaa70d1b233659b5c', 'group', '16', 'button', '-1', NULL, NULL, NULL, NULL, NULL, NULL, NULL, NULL, NULL, NULL, NULL, NULL, NULL, NULL, NULL, '1'),
	('c35ee9c0408a47c3a615eccf5277094f', '153835e3242e4e0db43f836233e7f5ad', 'group', '72cc725ac08340d4909bb822fcf61d8c', 'button', '-1', NULL, NULL, '2018-09-30 11:34:17', '1', 'Mr.AG', NULL, NULL, NULL, NULL, NULL, NULL, NULL, NULL, NULL, 'ac88ceb386aa4231b09bf472cb937c24', '0'),
	('c3de856e74f74d8daf1d39f64196954d', '0073c2ae7290478d92bd62750fc3da77', 'group', '54', 'button', '-1', NULL, NULL, '2018-10-09 09:32:07', '1', 'Mr.AG', NULL, NULL, NULL, NULL, NULL, NULL, NULL, NULL, NULL, 'ac88ceb386aa4231b09bf472cb937c24', '1'),
	('c420da58959146ec989933575b3c1d87', '258651cfd4ca41cbaa70d1b233659b5c', 'group', '39925b8263664c9e923f9c34f9bc2a37', 'button', '-1', NULL, NULL, NULL, NULL, NULL, NULL, NULL, NULL, NULL, NULL, NULL, NULL, NULL, NULL, NULL, '1'),
	('c45ee073ad84448cbb98dbc84cc338d7', 'f589f6288e754051b4b1903a62ea6bf9', 'group', '7494902cc9e948668e51f4596042b084', 'menu', '-1', NULL, NULL, '2018-09-30 11:37:10', '1', 'Mr.AG', NULL, NULL, NULL, NULL, NULL, NULL, NULL, NULL, NULL, 'ac88ceb386aa4231b09bf472cb937c24', '0'),
	('c5e9bcc9806c4aa3bcc732d84717d73d', '058dc6111eb94055b100015f0fe4b5be', 'group', '375b04fe927c44e88593d02670acd90f', 'button', '-1', NULL, NULL, '2018-09-27 16:27:30', '1', 'Mr.AG', NULL, NULL, NULL, NULL, NULL, NULL, NULL, NULL, NULL, 'ac88ceb386aa4231b09bf472cb937c24', '0'),
	('c70e0c9fe1cc487c8c8b1e7c3f2ab268', '366af0a7fd79453fbe54c0d24917ec4b', 'group', '5', 'menu', '-1', NULL, NULL, NULL, NULL, NULL, NULL, NULL, NULL, NULL, NULL, NULL, NULL, NULL, NULL, NULL, '0'),
	('c75bcf78bf744fd68d1ae8b74cf5be9a', 'beb140a11d1249f9a29edb878fffa769', 'group', '12', 'button', '-1', NULL, NULL, '2018-09-28 10:02:37', '1', 'Mr.AG', NULL, NULL, NULL, NULL, NULL, NULL, NULL, NULL, NULL, 'ac88ceb386aa4231b09bf472cb937c24', '0'),
	('c85d7e46e1094a6a83896535f72d1758', 'f589f6288e754051b4b1903a62ea6bf9', 'group', '13', 'menu', '-1', NULL, NULL, '2018-09-30 11:37:10', '1', 'Mr.AG', NULL, NULL, NULL, NULL, NULL, NULL, NULL, NULL, NULL, 'ac88ceb386aa4231b09bf472cb937c24', '0'),
	('c86c123b98bc40fdafb525529c432c8c', 'b0bfc23bd12f47418044c556405b52ac', 'group', '20', 'button', '-1', NULL, NULL, '2018-03-06 11:34:07', 'a1a2cb17b4f24e50bbde2f1b8a233bcb', '测试租户', NULL, NULL, NULL, NULL, NULL, NULL, NULL, NULL, NULL, '1ec08564dcc344018d6aaa910068f0f0', '0'),
	('c8ba65c87dcd40e3adc27fd9270d85b2', '258651cfd4ca41cbaa70d1b233659b5c', 'group', '4', 'button', '-1', NULL, NULL, NULL, NULL, NULL, NULL, NULL, NULL, NULL, NULL, NULL, NULL, NULL, NULL, NULL, '0'),
	('c8cfd4998ef84e2fbb31d2a488fcd613', '058dc6111eb94055b100015f0fe4b5be', 'group', '44', 'button', '-1', NULL, NULL, '2018-09-27 16:30:03', '1', 'Mr.AG', NULL, NULL, NULL, NULL, NULL, NULL, NULL, NULL, NULL, 'ac88ceb386aa4231b09bf472cb937c24', '0'),
	('c8dc7526dcb24202bc2c2e1e95654599', '0073c2ae7290478d92bd62750fc3da77', 'group', '415eac050ab64fc3b41b11e43645f3b5', 'button', '-1', NULL, NULL, '2018-10-09 10:37:07', '1', 'Mr.AG', NULL, NULL, NULL, NULL, NULL, NULL, NULL, NULL, NULL, 'ac88ceb386aa4231b09bf472cb937c24', '1'),
	('c910ca1d77b0478397b69b9fa8e6cb13', '058dc6111eb94055b100015f0fe4b5be', 'group', 'e297bed8d3b6401995cfcb6aed410d2e', 'menu', '-1', NULL, NULL, '2018-09-29 14:50:18', '1', 'Mr.AG', NULL, NULL, NULL, NULL, NULL, NULL, NULL, NULL, NULL, 'ac88ceb386aa4231b09bf472cb937c24', '1'),
	('c913079bcb6c4533ac77b07dc9e4287c', '0073c2ae7290478d92bd62750fc3da77', 'group', '47', 'button', '-1', NULL, NULL, '2018-10-09 10:36:58', '1', 'Mr.AG', NULL, NULL, NULL, NULL, NULL, NULL, NULL, NULL, NULL, 'ac88ceb386aa4231b09bf472cb937c24', '1'),
	('c93a00985a3d4d0bbe289c95760e1ef2', 'f589f6288e754051b4b1903a62ea6bf9', 'group', '0b77a0e033c34c098e9eca1630362169', 'button', '-1', NULL, NULL, '2018-09-30 11:37:22', '1', 'Mr.AG', NULL, NULL, NULL, NULL, NULL, NULL, NULL, NULL, NULL, 'ac88ceb386aa4231b09bf472cb937c24', '1'),
	('c96f3ba24bb14b189742ce49dbd27388', 'f589f6288e754051b4b1903a62ea6bf9', 'group', '1', 'menu', '-1', NULL, NULL, '2018-09-30 11:37:10', '1', 'Mr.AG', NULL, NULL, NULL, NULL, NULL, NULL, NULL, NULL, NULL, 'ac88ceb386aa4231b09bf472cb937c24', '0'),
	('c983765f211a414cafb1cf0c95582fe8', '29b565f55d844f5ca79b64c184fe4752', 'group', '4148c14ed9db4e7f9ed297ff34db3ab1', 'menu', '-1', NULL, NULL, '2018-09-27 14:58:05', '1', 'woozoom', NULL, NULL, NULL, NULL, NULL, NULL, NULL, NULL, NULL, 'ac88ceb386aa4231b09bf472cb937c24', '0'),
	('c98dd73f11ab419f9fd1fff151c5ebf8', '058dc6111eb94055b100015f0fe4b5be', 'group', 'a440bc6a31f6457493c7461fd9afae4b', 'button', '-1', NULL, NULL, '2018-09-27 16:30:14', '1', 'Mr.AG', NULL, NULL, NULL, NULL, NULL, NULL, NULL, NULL, NULL, 'ac88ceb386aa4231b09bf472cb937c24', '0'),
	('cb0ac5ca7a924f13b23460d6936295de', '258651cfd4ca41cbaa70d1b233659b5c', 'group', '23', 'button', '-1', NULL, NULL, NULL, NULL, NULL, NULL, NULL, NULL, NULL, NULL, NULL, NULL, NULL, NULL, NULL, '0'),
	('cb17bc54933d4f08b128de674d241e3e', '0073c2ae7290478d92bd62750fc3da77', 'group', '17', 'button', '-1', NULL, NULL, '2018-10-09 09:28:42', '1', 'Mr.AG', NULL, NULL, NULL, NULL, NULL, NULL, NULL, NULL, NULL, 'ac88ceb386aa4231b09bf472cb937c24', '0'),
	('cb385c6ead96438dab052a38b43cd058', '3d42aacb3f864188bb134a7a1fa2d158', 'group', '56', 'button', '-1', NULL, NULL, '2018-10-10 10:42:44', 'feedbcf7c98c4fafa7ea353480457d60', 'zsc2', NULL, NULL, NULL, NULL, NULL, NULL, NULL, NULL, NULL, '398ecc75eab24b048ed5448dd47f3df0', '0'),
	('cb5e6248238b4ec5b1c13577e9df74b0', '0073c2ae7290478d92bd62750fc3da77', 'group', '32', 'button', '-1', NULL, NULL, '2018-10-09 09:28:48', '1', 'Mr.AG', NULL, NULL, NULL, NULL, NULL, NULL, NULL, NULL, NULL, 'ac88ceb386aa4231b09bf472cb937c24', '0'),
	('cb6e7fca699c4109baf4e6a00297fa7d', 'beb140a11d1249f9a29edb878fffa769', 'group', '53', 'button', '-1', NULL, NULL, '2018-09-28 10:02:45', '1', 'Mr.AG', NULL, NULL, NULL, NULL, NULL, NULL, NULL, NULL, NULL, 'ac88ceb386aa4231b09bf472cb937c24', '0'),
	('cc71c2c97e8e4db3a8125335cbb3c4ad', '058dc6111eb94055b100015f0fe4b5be', 'group', '24ecd755a1ea4cf6b76c8b72ea1858fe', 'button', '-1', NULL, NULL, '2018-09-27 16:47:31', '1', 'Mr.AG', NULL, NULL, NULL, NULL, NULL, NULL, NULL, NULL, NULL, 'ac88ceb386aa4231b09bf472cb937c24', '1'),
	('cca1d1ec32944f35959593046affc5c2', '0073c2ae7290478d92bd62750fc3da77', 'group', '375b04fe927c44e88593d02670acd90f', 'button', '-1', NULL, NULL, '2018-10-09 09:28:42', '1', 'Mr.AG', NULL, NULL, NULL, NULL, NULL, NULL, NULL, NULL, NULL, 'ac88ceb386aa4231b09bf472cb937c24', '0'),
	('ccb0a60f01a34911b4864ab1792a3336', '058dc6111eb94055b100015f0fe4b5be', 'group', '68ee45b69c0f41cb9d6a5c33d46fb7a6', 'menu', '-1', NULL, NULL, '2018-09-29 14:50:01', '1', 'Mr.AG', NULL, NULL, NULL, NULL, NULL, NULL, NULL, NULL, NULL, 'ac88ceb386aa4231b09bf472cb937c24', '0'),
	('cd1e3d69aca647b6b79026b9eeede4e6', '058dc6111eb94055b100015f0fe4b5be', 'group', 'b8c91a10051540b3afa09992ccb52465', 'button', '-1', NULL, NULL, '2018-09-27 16:47:59', '1', 'Mr.AG', NULL, NULL, NULL, NULL, NULL, NULL, NULL, NULL, NULL, 'ac88ceb386aa4231b09bf472cb937c24', '1'),
	('cd3cb4aee612455c891a138d22f36886', '058dc6111eb94055b100015f0fe4b5be', 'group', 'be71cacc556d4858b3d759086da2194f', 'menu', '-1', NULL, NULL, '2018-09-29 14:50:18', '1', 'Mr.AG', NULL, NULL, NULL, NULL, NULL, NULL, NULL, NULL, NULL, 'ac88ceb386aa4231b09bf472cb937c24', '1'),
	('cdeb82d6a40c4e0f8513db59836d3e97', '058dc6111eb94055b100015f0fe4b5be', 'group', '6d7ea83bb71d476dbfbda2bcbc1a01bd', 'button', '-1', NULL, NULL, '2018-09-27 16:47:34', '1', 'Mr.AG', NULL, NULL, NULL, NULL, NULL, NULL, NULL, NULL, NULL, 'ac88ceb386aa4231b09bf472cb937c24', '1'),
	('ce11192107f84a0bbc570ac4e4035b19', '0073c2ae7290478d92bd62750fc3da77', 'group', 'b8c91a10051540b3afa09992ccb52465', 'button', '-1', NULL, NULL, '2018-10-09 09:30:01', '1', 'Mr.AG', NULL, NULL, NULL, NULL, NULL, NULL, NULL, NULL, NULL, 'ac88ceb386aa4231b09bf472cb937c24', '0'),
	('cea25a08e6ac4878818db22a546e9934', 'f589f6288e754051b4b1903a62ea6bf9', 'group', '7', 'menu', '-1', NULL, NULL, '2018-09-30 11:37:10', '1', 'Mr.AG', NULL, NULL, NULL, NULL, NULL, NULL, NULL, NULL, NULL, 'ac88ceb386aa4231b09bf472cb937c24', '0'),
	('ceccd757b4d44d7cb43da88decfc8bba', '058dc6111eb94055b100015f0fe4b5be', 'group', 'b5211cc69d234b28a97f27e63edc9a58', 'menu', '-1', NULL, NULL, '2018-09-29 14:50:01', '1', 'Mr.AG', NULL, NULL, NULL, NULL, NULL, NULL, NULL, NULL, NULL, 'ac88ceb386aa4231b09bf472cb937c24', '0'),
	('cf85b55fbdeb4661bf3c9299673df634', '058dc6111eb94055b100015f0fe4b5be', 'group', '34', 'button', '-1', NULL, NULL, '2018-09-27 16:27:32', '1', 'Mr.AG', NULL, NULL, NULL, NULL, NULL, NULL, NULL, NULL, NULL, 'ac88ceb386aa4231b09bf472cb937c24', '0'),
	('d0481bacbb06440080078c2968a64192', '29b565f55d844f5ca79b64c184fe4752', 'group', '31', 'menu', '-1', NULL, NULL, '2018-09-27 14:58:05', '1', 'woozoom', NULL, NULL, NULL, NULL, NULL, NULL, NULL, NULL, NULL, 'ac88ceb386aa4231b09bf472cb937c24', '0'),
	('d0ce8615e3b34f2a9834a02fbb1b3499', '058dc6111eb94055b100015f0fe4b5be', 'group', 'eddad1f3d2d54ba0ac50e8c4781764cb', 'button', '-1', NULL, NULL, '2018-09-27 16:47:31', '1', 'Mr.AG', NULL, NULL, NULL, NULL, NULL, NULL, NULL, NULL, NULL, 'ac88ceb386aa4231b09bf472cb937c24', '1'),
	('d133bd426a8b413b9cfde42dc26e202f', '058dc6111eb94055b100015f0fe4b5be', 'group', '342a587a51d647a1b53c6d97363cf428', 'menu', '-1', NULL, NULL, '2018-09-29 14:50:01', '1', 'Mr.AG', NULL, NULL, NULL, NULL, NULL, NULL, NULL, NULL, NULL, 'ac88ceb386aa4231b09bf472cb937c24', '0'),
	('d13e961443fc4f56817ae155792e5ed6', '258651cfd4ca41cbaa70d1b233659b5c', 'group', '59', 'button', '-1', NULL, NULL, NULL, NULL, NULL, NULL, NULL, NULL, NULL, NULL, NULL, NULL, NULL, NULL, NULL, '0'),
	('d13ecb8a013a4bca8b0dd681f8562c96', '058dc6111eb94055b100015f0fe4b5be', 'group', '55', 'button', '-1', NULL, NULL, '2018-09-27 16:47:26', '1', 'Mr.AG', NULL, NULL, NULL, NULL, NULL, NULL, NULL, NULL, NULL, 'ac88ceb386aa4231b09bf472cb937c24', '1'),
	('d1a48fb0e82843e0abe4dc491537ac9d', 'f589f6288e754051b4b1903a62ea6bf9', 'group', '68ee45b69c0f41cb9d6a5c33d46fb7a6', 'menu', '-1', NULL, NULL, '2018-09-30 11:38:28', '1', 'Mr.AG', NULL, NULL, NULL, NULL, NULL, NULL, NULL, NULL, NULL, 'ac88ceb386aa4231b09bf472cb937c24', '1'),
	('d20488d3c6084d68965dcc4c19c23820', '058dc6111eb94055b100015f0fe4b5be', 'group', '51', 'button', '-1', NULL, NULL, '2018-09-27 16:29:52', '1', 'Mr.AG', NULL, NULL, NULL, NULL, NULL, NULL, NULL, NULL, NULL, 'ac88ceb386aa4231b09bf472cb937c24', '0'),
	('d20e4be824c34680ba06c613797a0ca8', '29b565f55d844f5ca79b64c184fe4752', 'group', '3a61b3472fc54332a38464fb03d309ec', 'menu', '-1', NULL, NULL, '2018-09-27 14:58:05', '1', 'woozoom', NULL, NULL, NULL, NULL, NULL, NULL, NULL, NULL, NULL, 'ac88ceb386aa4231b09bf472cb937c24', '0'),
	('d285abb19a3449918cc2e47c5443d4af', 'beb140a11d1249f9a29edb878fffa769', 'group', 'cac49646909c4750b23f223f53eafc5b', 'button', '-1', NULL, NULL, '2018-09-28 10:03:00', '1', 'Mr.AG', NULL, NULL, NULL, NULL, NULL, NULL, NULL, NULL, NULL, 'ac88ceb386aa4231b09bf472cb937c24', '0'),
	('d349d939a25b46aa9d7f02cc7ae1bd33', '058dc6111eb94055b100015f0fe4b5be', 'group', '8b5ff030c76341059a335e0653fef5ea', 'button', '-1', NULL, NULL, '2018-09-27 16:47:34', '1', 'Mr.AG', NULL, NULL, NULL, NULL, NULL, NULL, NULL, NULL, NULL, 'ac88ceb386aa4231b09bf472cb937c24', '1'),
	('d3a76423a9b54fa68bede42c395c15e5', '0073c2ae7290478d92bd62750fc3da77', 'group', '19', 'button', '-1', NULL, NULL, '2018-10-09 09:28:42', '1', 'Mr.AG', NULL, NULL, NULL, NULL, NULL, NULL, NULL, NULL, NULL, 'ac88ceb386aa4231b09bf472cb937c24', '0'),
	('d3fbe46c64fb46658ad940a2cb023622', '058dc6111eb94055b100015f0fe4b5be', 'group', '33', 'menu', '-1', NULL, NULL, '2018-09-29 14:50:01', '1', 'Mr.AG', NULL, NULL, NULL, NULL, NULL, NULL, NULL, NULL, NULL, 'ac88ceb386aa4231b09bf472cb937c24', '0'),
	('d448487a05a44ce1b059d278fc243b0e', '3d42aacb3f864188bb134a7a1fa2d158', 'group', '5', 'button', '-1', NULL, NULL, '2018-10-10 10:43:17', 'feedbcf7c98c4fafa7ea353480457d60', 'zsc2', NULL, NULL, NULL, NULL, NULL, NULL, NULL, NULL, NULL, '398ecc75eab24b048ed5448dd47f3df0', '1'),
	('d45a43e3262f419bbd79d4e805e9541e', '0073c2ae7290478d92bd62750fc3da77', 'group', '20', 'button', '-1', NULL, NULL, '2018-10-09 09:28:42', '1', 'Mr.AG', NULL, NULL, NULL, NULL, NULL, NULL, NULL, NULL, NULL, 'ac88ceb386aa4231b09bf472cb937c24', '0'),
	('d45e41acd18442ac87a46d20bfceee4b', '058dc6111eb94055b100015f0fe4b5be', 'group', 'ef73cc9bf70d448caf72e3f45015700a', 'button', '-1', NULL, NULL, '2018-09-27 16:30:02', '1', 'Mr.AG', NULL, NULL, NULL, NULL, NULL, NULL, NULL, NULL, NULL, 'ac88ceb386aa4231b09bf472cb937c24', '0'),
	('d4852a06bcc14c43b5e3522169022fd0', 'beb140a11d1249f9a29edb878fffa769', 'group', '34', 'button', '-1', NULL, NULL, '2018-09-28 10:02:42', '1', 'Mr.AG', NULL, NULL, NULL, NULL, NULL, NULL, NULL, NULL, NULL, 'ac88ceb386aa4231b09bf472cb937c24', '0'),
	('d4b0c3ddb45d484a8a17d2a038b82161', '366af0a7fd79453fbe54c0d24917ec4b', 'group', '13', 'menu', '-1', NULL, NULL, NULL, NULL, NULL, NULL, NULL, NULL, NULL, NULL, NULL, NULL, NULL, NULL, NULL, '0'),
	('d4b8556b3dda429ebbfbbe0b9ec90ba8', 'b0bfc23bd12f47418044c556405b52ac', 'group', '16', 'button', '-1', NULL, NULL, '2018-03-06 11:34:07', 'a1a2cb17b4f24e50bbde2f1b8a233bcb', '测试租户', NULL, NULL, NULL, NULL, NULL, NULL, NULL, NULL, NULL, '1ec08564dcc344018d6aaa910068f0f0', '0'),
	('d4b952c6e50c4763b1dd45b295ccbb24', '058dc6111eb94055b100015f0fe4b5be', 'group', '13', 'menu', '-1', NULL, NULL, '2018-09-29 14:50:01', '1', 'Mr.AG', NULL, NULL, NULL, NULL, NULL, NULL, NULL, NULL, NULL, 'ac88ceb386aa4231b09bf472cb937c24', '0'),
	('d4caecceb6714c6fb95e9775d88be0e8', '-1', 'group', '13', 'menu', '-1', NULL, NULL, '2018-03-06 09:56:51', 'a1a2cb17b4f24e50bbde2f1b8a233bcb', '测试租户', NULL, NULL, NULL, NULL, NULL, NULL, NULL, NULL, NULL, '1ec08564dcc344018d6aaa910068f0f0', '0'),
	('d5044a8f549f4e4aa579de1f7b0054b8', '058dc6111eb94055b100015f0fe4b5be', 'group', 'a35abb5dc4ce407c9e1e9ba1e9ca4cff', 'menu', '-1', NULL, NULL, '2018-09-29 14:50:01', '1', 'Mr.AG', NULL, NULL, NULL, NULL, NULL, NULL, NULL, NULL, NULL, 'ac88ceb386aa4231b09bf472cb937c24', '0'),
	('d555094836244d2695374cccec38261a', '0073c2ae7290478d92bd62750fc3da77', 'group', 'dd68f557717a483a9b808182c8557e01', 'button', '-1', NULL, NULL, '2018-10-09 09:29:42', '1', 'Mr.AG', NULL, NULL, NULL, NULL, NULL, NULL, NULL, NULL, NULL, 'ac88ceb386aa4231b09bf472cb937c24', '0'),
	('d5906fa4d8cd496aa01cca0c6fdb39a9', '058dc6111eb94055b100015f0fe4b5be', 'group', 'b00959304e084f9987ede9ee5d2782ce', 'menu', '-1', NULL, NULL, '2018-09-29 14:50:01', '1', 'Mr.AG', NULL, NULL, NULL, NULL, NULL, NULL, NULL, NULL, NULL, 'ac88ceb386aa4231b09bf472cb937c24', '0'),
	('d5d4103567db4e3ba1145b29dce4b6e1', '-1', 'group', 'b5211cc69d234b28a97f27e63edc9a58', 'menu', '-1', NULL, NULL, '2018-10-10 10:41:15', 'feedbcf7c98c4fafa7ea353480457d60', 'zsc2', NULL, NULL, NULL, NULL, NULL, NULL, NULL, NULL, NULL, '398ecc75eab24b048ed5448dd47f3df0', '1'),
	('d628f3468017464e9e79cca69f86b6ba', '058dc6111eb94055b100015f0fe4b5be', 'group', '39925b8263664c9e923f9c34f9bc2a37', 'button', '-1', NULL, NULL, '2018-09-27 16:30:01', '1', 'Mr.AG', NULL, NULL, NULL, NULL, NULL, NULL, NULL, NULL, NULL, 'ac88ceb386aa4231b09bf472cb937c24', '0'),
	('d64eb31f7e2246fc869c12db2b682df3', '0073c2ae7290478d92bd62750fc3da77', 'group', '5', 'button', '-1', NULL, NULL, '2018-10-09 09:28:29', '1', 'Mr.AG', NULL, NULL, NULL, NULL, NULL, NULL, NULL, NULL, NULL, 'ac88ceb386aa4231b09bf472cb937c24', '0'),
	('d6b74060890a4603b3639a1e0fa70fcf', '0073c2ae7290478d92bd62750fc3da77', 'group', '32', 'button', '-1', NULL, NULL, '2018-10-09 09:32:04', '1', 'Mr.AG', NULL, NULL, NULL, NULL, NULL, NULL, NULL, NULL, NULL, 'ac88ceb386aa4231b09bf472cb937c24', '1'),
	('d756ee095eb8487295d96203f4da2438', '258651cfd4ca41cbaa70d1b233659b5c', 'group', '12', 'button', '-1', NULL, NULL, '2018-10-09 09:35:20', '1', 'Mr.AG', NULL, NULL, NULL, NULL, NULL, NULL, NULL, NULL, NULL, 'ac88ceb386aa4231b09bf472cb937c24', '0'),
	('d7da1afa9ec04b6b8642488e289484df', '0073c2ae7290478d92bd62750fc3da77', 'group', '11', 'button', '-1', NULL, NULL, '2018-10-09 09:28:34', '1', 'Mr.AG', NULL, NULL, NULL, NULL, NULL, NULL, NULL, NULL, NULL, 'ac88ceb386aa4231b09bf472cb937c24', '0'),
	('d7dd3ced9f644ea3bf47de58b4db0d5f', '-1', 'group', '5', 'menu', '-1', NULL, NULL, '2018-10-10 10:41:15', 'feedbcf7c98c4fafa7ea353480457d60', 'zsc2', NULL, NULL, NULL, NULL, NULL, NULL, NULL, NULL, NULL, '398ecc75eab24b048ed5448dd47f3df0', '1'),
	('d89b9ea157164086b0ee904b247333cb', '0cb6b830548840bd911cf89e1045874f', 'group', '342a587a51d647a1b53c6d97363cf428', 'menu', '-1', NULL, NULL, '2018-09-27 14:57:37', '1', 'woozoom', NULL, NULL, NULL, NULL, NULL, NULL, NULL, NULL, NULL, 'ac88ceb386aa4231b09bf472cb937c24', '0'),
	('d8ab17fa5df4431d9c4694addb9a0ee7', '258651cfd4ca41cbaa70d1b233659b5c', 'group', '18', 'button', '-1', NULL, NULL, '2018-09-28 09:47:47', '1', 'Mr.AG', NULL, NULL, NULL, NULL, NULL, NULL, NULL, NULL, NULL, 'ac88ceb386aa4231b09bf472cb937c24', '0'),
	('d8b7ae38c35247c1affb068986a6bce8', '058dc6111eb94055b100015f0fe4b5be', 'group', 'af44e799b90240d1a4f51a36ae3995d1', 'button', '-1', NULL, NULL, '2018-09-27 16:30:09', '1', 'Mr.AG', NULL, NULL, NULL, NULL, NULL, NULL, NULL, NULL, NULL, 'ac88ceb386aa4231b09bf472cb937c24', '0'),
	('d95e28f1e5f54ede96a4172110fc1df7', '0073c2ae7290478d92bd62750fc3da77', 'group', '49', 'button', '-1', NULL, NULL, '2018-10-09 09:28:51', '1', 'Mr.AG', NULL, NULL, NULL, NULL, NULL, NULL, NULL, NULL, NULL, 'ac88ceb386aa4231b09bf472cb937c24', '0'),
	('d96da3e071aa4fbcab4e060655fa1cc0', '0073c2ae7290478d92bd62750fc3da77', 'group', 'cac49646909c4750b23f223f53eafc5b', 'button', '-1', NULL, NULL, '2018-10-09 09:29:06', '1', 'Mr.AG', NULL, NULL, NULL, NULL, NULL, NULL, NULL, NULL, NULL, 'ac88ceb386aa4231b09bf472cb937c24', '0'),
	('d985785a9e604d34bcc2305207753727', '0073c2ae7290478d92bd62750fc3da77', 'group', '44', 'button', '-1', NULL, NULL, '2018-10-09 09:29:13', '1', 'Mr.AG', NULL, NULL, NULL, NULL, NULL, NULL, NULL, NULL, NULL, 'ac88ceb386aa4231b09bf472cb937c24', '0'),
	('d990c85ed1804f1c9794347bb97c2207', '0073c2ae7290478d92bd62750fc3da77', 'group', '16', 'button', '-1', NULL, NULL, '2018-10-09 09:32:01', '1', 'Mr.AG', NULL, NULL, NULL, NULL, NULL, NULL, NULL, NULL, NULL, 'ac88ceb386aa4231b09bf472cb937c24', '1'),
	('d9bede81d74d4c5a8c92abe52ed02bc1', 'beb140a11d1249f9a29edb878fffa769', 'group', '19', 'button', '-1', NULL, NULL, '2018-09-28 10:02:40', '1', 'Mr.AG', NULL, NULL, NULL, NULL, NULL, NULL, NULL, NULL, NULL, 'ac88ceb386aa4231b09bf472cb937c24', '0'),
	('d9f02eb7c2294b71a8ef2f7d4f81d793', '058dc6111eb94055b100015f0fe4b5be', 'group', '18', 'button', '-1', NULL, NULL, '2018-09-27 16:47:23', '1', 'Mr.AG', NULL, NULL, NULL, NULL, NULL, NULL, NULL, NULL, NULL, 'ac88ceb386aa4231b09bf472cb937c24', '1'),
	('da2c26d274634f0c8ab393ad852a8b09', '258651cfd4ca41cbaa70d1b233659b5c', 'group', 'c6469be83d8e4d5ca404b46b347f7d4c', 'button', '-1', NULL, NULL, NULL, NULL, NULL, NULL, NULL, NULL, NULL, NULL, NULL, NULL, NULL, NULL, NULL, '1'),
	('da670bff980240f891a2f32754efbbbb', '0073c2ae7290478d92bd62750fc3da77', 'group', '9d2f8338afcd4841bc045a72774a90ee', 'button', '-1', NULL, NULL, '2018-10-09 09:30:01', '1', 'Mr.AG', NULL, NULL, NULL, NULL, NULL, NULL, NULL, NULL, NULL, 'ac88ceb386aa4231b09bf472cb937c24', '0'),
	('dbd04f1350ce4465a4927a6f7cada51b', '058dc6111eb94055b100015f0fe4b5be', 'group', '1', 'menu', '-1', NULL, NULL, '2018-09-29 14:50:01', '1', 'Mr.AG', NULL, NULL, NULL, NULL, NULL, NULL, NULL, NULL, NULL, 'ac88ceb386aa4231b09bf472cb937c24', '0'),
	('dbd9fb78d17643efac86143a854781fd', '153835e3242e4e0db43f836233e7f5ad', 'group', '7', 'menu', '-1', NULL, NULL, '2018-09-30 11:35:26', '1', 'Mr.AG', NULL, NULL, NULL, NULL, NULL, NULL, NULL, NULL, NULL, 'ac88ceb386aa4231b09bf472cb937c24', '0'),
	('dbea9e9b1b0a4ff7b10c2df8e4c0e954', '29b565f55d844f5ca79b64c184fe4752', 'group', '13', 'menu', '-1', NULL, NULL, '2018-09-27 14:58:05', '1', 'woozoom', NULL, NULL, NULL, NULL, NULL, NULL, NULL, NULL, NULL, 'ac88ceb386aa4231b09bf472cb937c24', '0'),
	('dd0928b6bfde4ebb8cf2c313a7b7f2d5', '3d42aacb3f864188bb134a7a1fa2d158', 'group', '1', 'menu', '-1', NULL, NULL, '2018-10-10 10:43:19', 'feedbcf7c98c4fafa7ea353480457d60', 'zsc2', NULL, NULL, NULL, NULL, NULL, NULL, NULL, NULL, NULL, '398ecc75eab24b048ed5448dd47f3df0', '1'),
	('dd69daf56aa84ae095df209d6970693a', '058dc6111eb94055b100015f0fe4b5be', 'group', '5', 'button', '-1', NULL, NULL, '2018-09-27 16:47:19', '1', 'Mr.AG', NULL, NULL, NULL, NULL, NULL, NULL, NULL, NULL, NULL, 'ac88ceb386aa4231b09bf472cb937c24', '1'),
	('de865b453a9343279a5b5e5aa10478e4', '058dc6111eb94055b100015f0fe4b5be', 'group', '32', 'button', '-1', NULL, NULL, '2018-09-27 16:27:31', '1', 'Mr.AG', NULL, NULL, NULL, NULL, NULL, NULL, NULL, NULL, NULL, 'ac88ceb386aa4231b09bf472cb937c24', '0'),
	('deb50a8c4c0e47a79c939d48333faff6', '258651cfd4ca41cbaa70d1b233659b5c', 'group', '1', 'menu', '-1', NULL, NULL, '2018-10-10 14:47:54', '1', 'Mr.AG', NULL, NULL, NULL, NULL, NULL, NULL, NULL, NULL, NULL, 'ac88ceb386aa4231b09bf472cb937c24', '0'),
	('def7d3597a22421cb8b2303998737f05', '058dc6111eb94055b100015f0fe4b5be', 'group', '42', 'button', '-1', NULL, NULL, '2018-09-27 16:47:37', '1', 'Mr.AG', NULL, NULL, NULL, NULL, NULL, NULL, NULL, NULL, NULL, 'ac88ceb386aa4231b09bf472cb937c24', '1'),
	('defd76f48e9b44c5ac0049ef5b72849c', '0073c2ae7290478d92bd62750fc3da77', 'group', '14', 'button', '-1', NULL, NULL, '2018-10-09 09:31:58', '1', 'Mr.AG', NULL, NULL, NULL, NULL, NULL, NULL, NULL, NULL, NULL, 'ac88ceb386aa4231b09bf472cb937c24', '1'),
	('df07f769e2844e309aee99b1a9629388', '258651cfd4ca41cbaa70d1b233659b5c', 'group', '10', 'button', '-1', NULL, NULL, '2018-10-09 09:35:20', '1', 'Mr.AG', NULL, NULL, NULL, NULL, NULL, NULL, NULL, NULL, NULL, 'ac88ceb386aa4231b09bf472cb937c24', '0'),
	('e0a7fb5dbc3b4e079bec2decbe9dcb17', 'beb140a11d1249f9a29edb878fffa769', 'group', '13', 'button', '-1', NULL, NULL, '2018-09-28 10:02:37', '1', 'Mr.AG', NULL, NULL, NULL, NULL, NULL, NULL, NULL, NULL, NULL, 'ac88ceb386aa4231b09bf472cb937c24', '0'),
	('e0d6f16a65944b068402ebbc21999212', '0073c2ae7290478d92bd62750fc3da77', 'group', 'd26625c13796423c8353176197cd7f0d', 'button', '-1', NULL, NULL, '2018-10-09 10:37:04', '1', 'Mr.AG', NULL, NULL, NULL, NULL, NULL, NULL, NULL, NULL, NULL, 'ac88ceb386aa4231b09bf472cb937c24', '1'),
	('e19bf5b10e8f431b9c01e0213fa39b41', '258651cfd4ca41cbaa70d1b233659b5c', 'group', 'ef73cc9bf70d448caf72e3f45015700a', 'button', '-1', NULL, NULL, NULL, NULL, NULL, NULL, NULL, NULL, NULL, NULL, NULL, NULL, NULL, NULL, NULL, '1'),
	('e1bf257da1314d78b8ee2c92f87c13ec', '366af0a7fd79453fbe54c0d24917ec4b', 'group', '3', 'button', '-1', NULL, NULL, NULL, NULL, NULL, NULL, NULL, NULL, NULL, NULL, NULL, NULL, NULL, NULL, NULL, '0'),
	('e23a9293ad844a09b4af4b49b439189f', 'beb140a11d1249f9a29edb878fffa769', 'group', '49', 'button', '-1', NULL, NULL, '2018-09-28 10:02:45', '1', 'Mr.AG', NULL, NULL, NULL, NULL, NULL, NULL, NULL, NULL, NULL, 'ac88ceb386aa4231b09bf472cb937c24', '0'),
	('e27686ef61f24df5b35fe3850f052cb6', '29b565f55d844f5ca79b64c184fe4752', 'group', 'be71cacc556d4858b3d759086da2194f', 'menu', '-1', NULL, NULL, '2018-09-27 14:58:05', '1', 'woozoom', NULL, NULL, NULL, NULL, NULL, NULL, NULL, NULL, NULL, 'ac88ceb386aa4231b09bf472cb937c24', '0'),
	('e335e5a4d47d49d6bd0599f544e1cea7', 'beb140a11d1249f9a29edb878fffa769', 'group', '7a16202657c3478c8b4ece27a792e026', 'button', '-1', NULL, NULL, '2018-09-28 10:03:00', '1', 'Mr.AG', NULL, NULL, NULL, NULL, NULL, NULL, NULL, NULL, NULL, 'ac88ceb386aa4231b09bf472cb937c24', '0'),
	('e38822dfa84840e6afa9e67dbaf2edcd', 'b0bfc23bd12f47418044c556405b52ac', 'group', '22', 'button', '-1', NULL, NULL, '2018-03-06 11:34:07', 'a1a2cb17b4f24e50bbde2f1b8a233bcb', '测试租户', NULL, NULL, NULL, NULL, NULL, NULL, NULL, NULL, NULL, '1ec08564dcc344018d6aaa910068f0f0', '0'),
	('e41e35f728c2468280624faf881bd1ef', '0073c2ae7290478d92bd62750fc3da77', 'group', '28', 'button', '-1', NULL, NULL, '2018-10-09 09:28:42', '1', 'Mr.AG', NULL, NULL, NULL, NULL, NULL, NULL, NULL, NULL, NULL, 'ac88ceb386aa4231b09bf472cb937c24', '0'),
	('e43ac2d407d14891a5e55d815f144338', '258651cfd4ca41cbaa70d1b233659b5c', 'group', '17', 'button', '-1', NULL, NULL, NULL, NULL, NULL, NULL, NULL, NULL, NULL, NULL, NULL, NULL, NULL, NULL, NULL, '1'),
	('e4becd41791040a6b31d311cff192135', '058dc6111eb94055b100015f0fe4b5be', 'group', '45', 'button', '-1', NULL, NULL, '2018-09-27 16:47:37', '1', 'Mr.AG', NULL, NULL, NULL, NULL, NULL, NULL, NULL, NULL, NULL, 'ac88ceb386aa4231b09bf472cb937c24', '1'),
	('e5dc81f09c3844e58c8c3195b7081d7a', '0073c2ae7290478d92bd62750fc3da77', 'group', '76797ac67e9a4b6ba9177d26a603ffb0', 'button', '-1', NULL, NULL, '2018-10-09 09:29:29', '1', 'Mr.AG', NULL, NULL, NULL, NULL, NULL, NULL, NULL, NULL, NULL, 'ac88ceb386aa4231b09bf472cb937c24', '0'),
	('e5f48d692f6f4bc4829627f35975cfeb', '258651cfd4ca41cbaa70d1b233659b5c', 'group', '14', 'button', '-1', NULL, NULL, '2018-10-09 09:35:20', '1', 'Mr.AG', NULL, NULL, NULL, NULL, NULL, NULL, NULL, NULL, NULL, 'ac88ceb386aa4231b09bf472cb937c24', '0'),
	('e62f16bd0ed94ab1b54a2181aec1799d', '058dc6111eb94055b100015f0fe4b5be', 'group', '21', 'menu', '-1', NULL, NULL, '2018-09-29 14:50:01', '1', 'Mr.AG', NULL, NULL, NULL, NULL, NULL, NULL, NULL, NULL, NULL, 'ac88ceb386aa4231b09bf472cb937c24', '0'),
	('e6663f56ec114e5b92165461f477a41d', '258651cfd4ca41cbaa70d1b233659b5c', 'group', '35', 'button', '-1', NULL, NULL, '2018-09-28 09:47:36', '1', 'Mr.AG', NULL, NULL, NULL, NULL, NULL, NULL, NULL, NULL, NULL, 'ac88ceb386aa4231b09bf472cb937c24', '0'),
	('e6b92e9c19d14fe08a21c0c2ba212fc9', '058dc6111eb94055b100015f0fe4b5be', 'group', 'e18f6f0dde564e62ba91de1657595ddc', 'button', '-1', NULL, NULL, '2018-09-27 16:30:09', '1', 'Mr.AG', NULL, NULL, NULL, NULL, NULL, NULL, NULL, NULL, NULL, 'ac88ceb386aa4231b09bf472cb937c24', '0'),
	('e6c2682eebf44bfcb7c4699afab36483', 'beb140a11d1249f9a29edb878fffa769', 'group', '41', 'button', '-1', NULL, NULL, '2018-09-28 10:02:48', '1', 'Mr.AG', NULL, NULL, NULL, NULL, NULL, NULL, NULL, NULL, NULL, 'ac88ceb386aa4231b09bf472cb937c24', '0'),
	('e72dc5ebb96e4231ab7871fde5ea0398', '058dc6111eb94055b100015f0fe4b5be', 'group', '7574b969c9fa4e5895d6cc9c2b8a9a62', 'menu', '-1', NULL, NULL, '2018-09-29 14:50:01', '1', 'Mr.AG', NULL, NULL, NULL, NULL, NULL, NULL, NULL, NULL, NULL, 'ac88ceb386aa4231b09bf472cb937c24', '0'),
	('e72e1ec3d31f4ad9acfd7c2a007cb53f', '058dc6111eb94055b100015f0fe4b5be', 'group', '34', 'menu', '-1', NULL, NULL, '2018-09-29 14:50:01', '1', 'Mr.AG', NULL, NULL, NULL, NULL, NULL, NULL, NULL, NULL, NULL, 'ac88ceb386aa4231b09bf472cb937c24', '0'),
	('e72e2b709b4c4e5f8f65ee9dd21fd057', '258651cfd4ca41cbaa70d1b233659b5c', 'group', 'ef73cc9bf70d448caf72e3f45015700a', 'button', '-1', NULL, NULL, NULL, NULL, NULL, NULL, NULL, NULL, NULL, NULL, NULL, NULL, NULL, NULL, NULL, '0'),
	('e7ce89f8587f417087a77cc1a7affa65', '0cb6b830548840bd911cf89e1045874f', 'group', '-1', 'menu', '-1', NULL, NULL, '2018-09-27 14:57:37', '1', 'woozoom', NULL, NULL, NULL, NULL, NULL, NULL, NULL, NULL, NULL, 'ac88ceb386aa4231b09bf472cb937c24', '0'),
	('e8c32a7c3f66432eb569f7ed607287bc', 'f589f6288e754051b4b1903a62ea6bf9', 'group', '30594561269a4a3ea145fb21ce828ac9', 'button', '-1', NULL, NULL, '2018-09-30 11:37:22', '1', 'Mr.AG', NULL, NULL, NULL, NULL, NULL, NULL, NULL, NULL, NULL, 'ac88ceb386aa4231b09bf472cb937c24', '1'),
	('e994124ebe1e450c93968caea27c28c5', '058dc6111eb94055b100015f0fe4b5be', 'group', '3c21f1959be4416ca85c17157fd2d9ab', 'button', '-1', NULL, NULL, '2018-09-27 16:30:14', '1', 'Mr.AG', NULL, NULL, NULL, NULL, NULL, NULL, NULL, NULL, NULL, 'ac88ceb386aa4231b09bf472cb937c24', '0'),
	('ea0fff266b0e4ef68d722ead4afc6bce', '0073c2ae7290478d92bd62750fc3da77', 'group', 'af44e799b90240d1a4f51a36ae3995d1', 'button', '-1', NULL, NULL, '2018-10-09 10:37:07', '1', 'Mr.AG', NULL, NULL, NULL, NULL, NULL, NULL, NULL, NULL, NULL, 'ac88ceb386aa4231b09bf472cb937c24', '1'),
	('ea2ad1856f674033b5bc420b9458a8a8', '0073c2ae7290478d92bd62750fc3da77', 'group', '5', 'button', '-1', NULL, NULL, '2018-10-09 09:31:55', '1', 'Mr.AG', NULL, NULL, NULL, NULL, NULL, NULL, NULL, NULL, NULL, 'ac88ceb386aa4231b09bf472cb937c24', '1'),
	('ea9f8946eac84db89ab0c5786d3a5019', 'beb140a11d1249f9a29edb878fffa769', 'group', '11', 'button', '-1', NULL, NULL, '2018-09-28 10:02:37', '1', 'Mr.AG', NULL, NULL, NULL, NULL, NULL, NULL, NULL, NULL, NULL, 'ac88ceb386aa4231b09bf472cb937c24', '0'),
	('eaa447e34b9e49bda6daa01759722455', '058dc6111eb94055b100015f0fe4b5be', 'group', '53', 'button', '-1', NULL, NULL, '2018-09-27 16:29:52', '1', 'Mr.AG', NULL, NULL, NULL, NULL, NULL, NULL, NULL, NULL, NULL, 'ac88ceb386aa4231b09bf472cb937c24', '0'),
	('eb4c68f6c8e94afebfd5628d5938410b', 'f589f6288e754051b4b1903a62ea6bf9', 'group', 'b5211cc69d234b28a97f27e63edc9a58', 'menu', '-1', NULL, NULL, '2018-09-30 11:38:28', '1', 'Mr.AG', NULL, NULL, NULL, NULL, NULL, NULL, NULL, NULL, NULL, 'ac88ceb386aa4231b09bf472cb937c24', '1'),
	('eb7cb8efae7043a98b1a92a0e4bd1e20', '0073c2ae7290478d92bd62750fc3da77', 'group', '9', 'button', '-1', NULL, NULL, '2018-10-09 09:31:58', '1', 'Mr.AG', NULL, NULL, NULL, NULL, NULL, NULL, NULL, NULL, NULL, 'ac88ceb386aa4231b09bf472cb937c24', '1'),
	('ebf57bef4aa04cbf998b0c6dfa67e18d', '258651cfd4ca41cbaa70d1b233659b5c', 'group', '7a0a75752c7d422abd2e30b7aad744d7', 'menu', '-1', NULL, NULL, '2018-10-10 10:40:50', '1', 'Mr.AG', NULL, NULL, NULL, NULL, NULL, NULL, NULL, NULL, NULL, 'ac88ceb386aa4231b09bf472cb937c24', '1'),
	('ec0d1a0c69eb40b7b2341565d9792d27', '058dc6111eb94055b100015f0fe4b5be', 'group', '21b3fe683a6040ed8c57423e55cd94a2', 'button', '-1', NULL, NULL, '2018-09-27 16:27:29', '1', 'Mr.AG', NULL, NULL, NULL, NULL, NULL, NULL, NULL, NULL, NULL, 'ac88ceb386aa4231b09bf472cb937c24', '0'),
	('ec270ed6437d48c0acfc1ae20b2237bd', 'beb140a11d1249f9a29edb878fffa769', 'group', '-1', 'menu', '-1', NULL, NULL, '2018-09-28 09:59:09', 'e4ee2dbb147e4b4ca02d3b32c0013205', 'zsc', NULL, NULL, NULL, NULL, NULL, NULL, NULL, NULL, NULL, 'ac88ceb386aa4231b09bf472cb937c24', '1'),
	('ecb70447658a49e6be131d8ae4f580b3', '0073c2ae7290478d92bd62750fc3da77', 'group', '14', 'button', '-1', NULL, NULL, '2018-10-09 09:28:34', '1', 'Mr.AG', NULL, NULL, NULL, NULL, NULL, NULL, NULL, NULL, NULL, 'ac88ceb386aa4231b09bf472cb937c24', '0'),
	('ecc1e60096a94f9da212f6088b91aa09', 'f589f6288e754051b4b1903a62ea6bf9', 'group', '40', 'menu', '-1', NULL, NULL, '2018-09-30 11:37:10', '1', 'Mr.AG', NULL, NULL, NULL, NULL, NULL, NULL, NULL, NULL, NULL, 'ac88ceb386aa4231b09bf472cb937c24', '0'),
	('ecc3e5389c8a4754a4a06fb2ddfd827a', '09cb1775d68c482782f6c4024c99c92f', 'group', '342a587a51d647a1b53c6d97363cf428', 'menu', '-1', NULL, NULL, '2018-09-27 14:58:20', '1', 'woozoom', NULL, NULL, NULL, NULL, NULL, NULL, NULL, NULL, NULL, 'ac88ceb386aa4231b09bf472cb937c24', '0'),
	('ed262e37a49342fcb467370b4fc86199', '058dc6111eb94055b100015f0fe4b5be', 'group', '32', 'button', '-1', NULL, NULL, '2018-09-27 16:47:24', '1', 'Mr.AG', NULL, NULL, NULL, NULL, NULL, NULL, NULL, NULL, NULL, 'ac88ceb386aa4231b09bf472cb937c24', '1'),
	('ed2974a9be024b36a842bd5dbb068190', '058dc6111eb94055b100015f0fe4b5be', 'group', '73db20cb63e6439f80b2f992e64f545d', 'button', '-1', NULL, NULL, '2018-09-27 16:30:07', '1', 'Mr.AG', NULL, NULL, NULL, NULL, NULL, NULL, NULL, NULL, NULL, 'ac88ceb386aa4231b09bf472cb937c24', '0'),
	('ed918087bfd547008ccd416730664c8d', '058dc6111eb94055b100015f0fe4b5be', 'group', '9d2f8338afcd4841bc045a72774a90ee', 'button', '-1', NULL, NULL, '2018-09-27 16:47:59', '1', 'Mr.AG', NULL, NULL, NULL, NULL, NULL, NULL, NULL, NULL, NULL, 'ac88ceb386aa4231b09bf472cb937c24', '1'),
	('ed94d436c5e646cb8181f1b99de255c3', 'beb140a11d1249f9a29edb878fffa769', 'group', 'd2773b3568c6438c8f9cc21b06b660ee', 'button', '-1', NULL, NULL, '2018-09-28 10:03:00', '1', 'Mr.AG', NULL, NULL, NULL, NULL, NULL, NULL, NULL, NULL, NULL, 'ac88ceb386aa4231b09bf472cb937c24', '0'),
	('eecc6496e80940a9b7bb2c7ea85eed25', '0073c2ae7290478d92bd62750fc3da77', 'group', '3', 'button', '-1', NULL, NULL, '2018-10-09 09:28:28', '1', 'Mr.AG', NULL, NULL, NULL, NULL, NULL, NULL, NULL, NULL, NULL, 'ac88ceb386aa4231b09bf472cb937c24', '0'),
	('ef19434583584c3e9d4d1053421cce92', '0cb6b830548840bd911cf89e1045874f', 'group', '29', 'menu', '-1', NULL, NULL, '2018-09-27 14:57:37', '1', 'woozoom', NULL, NULL, NULL, NULL, NULL, NULL, NULL, NULL, NULL, 'ac88ceb386aa4231b09bf472cb937c24', '0'),
	('ef56ddaaca8b4040a23a8cebe74a50f6', 'beb140a11d1249f9a29edb878fffa769', 'group', 'a03cac538f794958bc7fa6458f85b8ae', 'button', '-1', NULL, NULL, '2018-09-28 10:02:50', '1', 'Mr.AG', NULL, NULL, NULL, NULL, NULL, NULL, NULL, NULL, NULL, 'ac88ceb386aa4231b09bf472cb937c24', '0'),
	('efc422d67839422bbab26c398e6d513e', '058dc6111eb94055b100015f0fe4b5be', 'group', '27', 'menu', '-1', NULL, NULL, '2018-09-29 14:50:18', '1', 'Mr.AG', NULL, NULL, NULL, NULL, NULL, NULL, NULL, NULL, NULL, 'ac88ceb386aa4231b09bf472cb937c24', '1'),
	('efdbd03013ff477d89db0c775f21bd98', '058dc6111eb94055b100015f0fe4b5be', 'group', '41', 'button', '-1', NULL, NULL, '2018-09-27 16:29:54', '1', 'Mr.AG', NULL, NULL, NULL, NULL, NULL, NULL, NULL, NULL, NULL, 'ac88ceb386aa4231b09bf472cb937c24', '0'),
	('efde776f35f840e4a43a6486bfb9db65', 'f589f6288e754051b4b1903a62ea6bf9', 'group', '0b77a0e033c34c098e9eca1630362169', 'button', '-1', NULL, NULL, '2018-09-30 11:37:02', '1', 'Mr.AG', NULL, NULL, NULL, NULL, NULL, NULL, NULL, NULL, NULL, 'ac88ceb386aa4231b09bf472cb937c24', '0'),
	('efeaea4c7a044e69b2c53d6fe6c737a8', '0073c2ae7290478d92bd62750fc3da77', 'group', '58', 'button', '-1', NULL, NULL, '2018-10-09 09:29:06', '1', 'Mr.AG', NULL, NULL, NULL, NULL, NULL, NULL, NULL, NULL, NULL, 'ac88ceb386aa4231b09bf472cb937c24', '0'),
	('efff07316476461694d1699a56fd80d6', '058dc6111eb94055b100015f0fe4b5be', 'group', '1ed10d0f1e294040bd1a043002bc9457', 'button', '-1', NULL, NULL, '2018-09-27 17:03:02', '1', 'Mr.AG', NULL, NULL, NULL, NULL, NULL, NULL, NULL, NULL, NULL, 'ac88ceb386aa4231b09bf472cb937c24', '0'),
	('f00fccc4deb2471a979585e19156948f', 'f589f6288e754051b4b1903a62ea6bf9', 'group', '68ee45b69c0f41cb9d6a5c33d46fb7a6', 'menu', '-1', NULL, NULL, '2018-09-30 11:37:10', '1', 'Mr.AG', NULL, NULL, NULL, NULL, NULL, NULL, NULL, NULL, NULL, 'ac88ceb386aa4231b09bf472cb937c24', '0'),
	('f0dd311c67f142cf8cb1580c7685c9b5', '0073c2ae7290478d92bd62750fc3da77', 'group', '21', 'button', '-1', NULL, NULL, '2018-10-09 09:32:01', '1', 'Mr.AG', NULL, NULL, NULL, NULL, NULL, NULL, NULL, NULL, NULL, 'ac88ceb386aa4231b09bf472cb937c24', '1'),
	('f0e4f65f31a74e51bb22cb9ecfc0be6e', '058dc6111eb94055b100015f0fe4b5be', 'group', '9', 'button', '-1', NULL, NULL, '2018-09-27 16:47:21', '1', 'Mr.AG', NULL, NULL, NULL, NULL, NULL, NULL, NULL, NULL, NULL, 'ac88ceb386aa4231b09bf472cb937c24', '1'),
	('f14c20637e93462b941077fe88522ec7', '058dc6111eb94055b100015f0fe4b5be', 'group', '5', 'button', '-1', NULL, NULL, '2018-09-27 16:27:23', '1', 'Mr.AG', NULL, NULL, NULL, NULL, NULL, NULL, NULL, NULL, NULL, 'ac88ceb386aa4231b09bf472cb937c24', '0'),
	('f18b3d4b501246c894afdebbe8b5782d', '0073c2ae7290478d92bd62750fc3da77', 'group', '3c21f1959be4416ca85c17157fd2d9ab', 'button', '-1', NULL, NULL, '2018-10-09 09:29:42', '1', 'Mr.AG', NULL, NULL, NULL, NULL, NULL, NULL, NULL, NULL, NULL, 'ac88ceb386aa4231b09bf472cb937c24', '0'),
	('f23f95744a2c4c4fbd94f926172165c7', '0073c2ae7290478d92bd62750fc3da77', 'group', '2b7b250b2b7346759938a05da57d2fcb', 'button', '-1', NULL, NULL, '2018-10-09 09:32:28', '1', 'Mr.AG', NULL, NULL, NULL, NULL, NULL, NULL, NULL, NULL, NULL, 'ac88ceb386aa4231b09bf472cb937c24', '1'),
	('f2efdd80db3543b3bb7d5095ff5d58c6', '058dc6111eb94055b100015f0fe4b5be', 'group', '54', 'button', '-1', NULL, NULL, '2018-09-27 16:47:26', '1', 'Mr.AG', NULL, NULL, NULL, NULL, NULL, NULL, NULL, NULL, NULL, 'ac88ceb386aa4231b09bf472cb937c24', '1'),
	('f303e7d69f5246cd961e10578f175f72', '153835e3242e4e0db43f836233e7f5ad', 'group', '33', 'menu', '-1', NULL, NULL, '2018-09-30 11:35:26', '1', 'Mr.AG', NULL, NULL, NULL, NULL, NULL, NULL, NULL, NULL, NULL, 'ac88ceb386aa4231b09bf472cb937c24', '0'),
	('f3bf9ea034e444c08b7ca2c3a86d0c7e', '258651cfd4ca41cbaa70d1b233659b5c', 'group', '59', 'button', '-1', NULL, NULL, NULL, NULL, NULL, NULL, NULL, NULL, NULL, NULL, NULL, NULL, NULL, NULL, NULL, '1'),
	('f42fd62af8a84683869b20e6f155e965', '0073c2ae7290478d92bd62750fc3da77', 'group', '6d7ea83bb71d476dbfbda2bcbc1a01bd', 'button', '-1', NULL, NULL, '2018-10-09 09:29:06', '1', 'Mr.AG', NULL, NULL, NULL, NULL, NULL, NULL, NULL, NULL, NULL, 'ac88ceb386aa4231b09bf472cb937c24', '0'),
	('f45351c4e73a4832a6a075e56105dd9d', '258651cfd4ca41cbaa70d1b233659b5c', 'group', '20', 'button', '-1', NULL, NULL, '2018-09-28 09:47:47', '1', 'Mr.AG', NULL, NULL, NULL, NULL, NULL, NULL, NULL, NULL, NULL, 'ac88ceb386aa4231b09bf472cb937c24', '0'),
	('f4ad5ea0db0d437889d7b4c901177e24', '0073c2ae7290478d92bd62750fc3da77', 'group', '8b5ff030c76341059a335e0653fef5ea', 'button', '-1', NULL, NULL, '2018-10-09 09:29:06', '1', 'Mr.AG', NULL, NULL, NULL, NULL, NULL, NULL, NULL, NULL, NULL, 'ac88ceb386aa4231b09bf472cb937c24', '0'),
	('f4ad66fba074437fbdd199bf664520b0', '0073c2ae7290478d92bd62750fc3da77', 'group', '51', 'button', '-1', NULL, NULL, '2018-10-09 09:32:07', '1', 'Mr.AG', NULL, NULL, NULL, NULL, NULL, NULL, NULL, NULL, NULL, 'ac88ceb386aa4231b09bf472cb937c24', '1'),
	('f4d19d57771c409fa956bfb4a34166d6', '0073c2ae7290478d92bd62750fc3da77', 'group', '29', 'menu', '-1', NULL, NULL, '2018-10-09 10:37:11', '1', 'Mr.AG', NULL, NULL, NULL, NULL, NULL, NULL, NULL, NULL, NULL, 'ac88ceb386aa4231b09bf472cb937c24', '1'),
	('f60c6d510a234535912d21aa6493670e', '058dc6111eb94055b100015f0fe4b5be', 'group', '415eac050ab64fc3b41b11e43645f3b5', 'button', '-1', NULL, NULL, '2018-09-27 16:47:43', '1', 'Mr.AG', NULL, NULL, NULL, NULL, NULL, NULL, NULL, NULL, NULL, 'ac88ceb386aa4231b09bf472cb937c24', '1'),
	('f67f54dd2fc3428d809b8931bf56a78a', 'e25364701f3c47ec859058c70c0f468c', 'group', '-1', 'menu', '-1', NULL, NULL, '2018-10-08 10:31:18', '1', 'Mr.AG', NULL, NULL, NULL, NULL, NULL, NULL, NULL, NULL, NULL, 'ac88ceb386aa4231b09bf472cb937c24', '0'),
	('f6d55f3733ce4e309e363c6a4226fe87', '3d42aacb3f864188bb134a7a1fa2d158', 'group', '-1', 'menu', '-1', NULL, NULL, '2018-10-10 10:43:19', 'feedbcf7c98c4fafa7ea353480457d60', 'zsc2', NULL, NULL, NULL, NULL, NULL, NULL, NULL, NULL, NULL, '398ecc75eab24b048ed5448dd47f3df0', '1'),
	('f73eb97005f8423ea79e77dcdd0515fb', 'f589f6288e754051b4b1903a62ea6bf9', 'group', '6', 'menu', '-1', NULL, NULL, '2018-09-30 11:37:10', '1', 'Mr.AG', NULL, NULL, NULL, NULL, NULL, NULL, NULL, NULL, NULL, 'ac88ceb386aa4231b09bf472cb937c24', '0'),
	('f75e5dab51614117b156699dc3b543ed', '058dc6111eb94055b100015f0fe4b5be', 'group', 'd2773b3568c6438c8f9cc21b06b660ee', 'button', '-1', NULL, NULL, '2018-09-27 16:47:34', '1', 'Mr.AG', NULL, NULL, NULL, NULL, NULL, NULL, NULL, NULL, NULL, 'ac88ceb386aa4231b09bf472cb937c24', '1'),
	('f7f7d1e5ffb84c38909e99a6940ca03e', '258651cfd4ca41cbaa70d1b233659b5c', 'group', '18', 'button', '-1', NULL, NULL, NULL, NULL, NULL, NULL, NULL, NULL, NULL, NULL, NULL, NULL, NULL, NULL, NULL, '1'),
	('f82c77991f954b7880607fa5932a796c', '058dc6111eb94055b100015f0fe4b5be', 'group', '59', 'button', '-1', NULL, NULL, '2018-09-27 16:47:34', '1', 'Mr.AG', NULL, NULL, NULL, NULL, NULL, NULL, NULL, NULL, NULL, 'ac88ceb386aa4231b09bf472cb937c24', '1'),
	('f8c2f63256d740ac93fca56c040bff4d', 'b0bfc23bd12f47418044c556405b52ac', 'group', '23', 'button', '-1', NULL, NULL, '2018-03-06 08:30:44', 'a1a2cb17b4f24e50bbde2f1b8a233bcb', '测试租户', NULL, NULL, NULL, NULL, NULL, NULL, NULL, NULL, NULL, '1ec08564dcc344018d6aaa910068f0f0', '0'),
	('f8cfd9a59ac04630912090b0c15271ac', '153835e3242e4e0db43f836233e7f5ad', 'group', '4148c14ed9db4e7f9ed297ff34db3ab1', 'menu', '-1', NULL, NULL, '2018-09-30 11:37:42', '1', 'Mr.AG', NULL, NULL, NULL, NULL, NULL, NULL, NULL, NULL, NULL, 'ac88ceb386aa4231b09bf472cb937c24', '1'),
	('f94f7d6ee91d446fa34155625f6c0164', '0073c2ae7290478d92bd62750fc3da77', 'group', 'eddad1f3d2d54ba0ac50e8c4781764cb', 'button', '-1', NULL, NULL, '2018-10-09 09:32:28', '1', 'Mr.AG', NULL, NULL, NULL, NULL, NULL, NULL, NULL, NULL, NULL, 'ac88ceb386aa4231b09bf472cb937c24', '1'),
	('fa459a953507442ca06cc8814e8d3cd9', '153835e3242e4e0db43f836233e7f5ad', 'group', 'b5211cc69d234b28a97f27e63edc9a58', 'menu', '-1', NULL, NULL, '2018-09-30 11:35:26', '1', 'Mr.AG', NULL, NULL, NULL, NULL, NULL, NULL, NULL, NULL, NULL, 'ac88ceb386aa4231b09bf472cb937c24', '0'),
	('fa818b36026741f2ac271ef695ea9660', '0073c2ae7290478d92bd62750fc3da77', 'group', '24', 'button', '-1', NULL, NULL, '2018-10-09 09:31:58', '1', 'Mr.AG', NULL, NULL, NULL, NULL, NULL, NULL, NULL, NULL, NULL, 'ac88ceb386aa4231b09bf472cb937c24', '1'),
	('faafcbe87b4f4d209895d77c5447c68a', '058dc6111eb94055b100015f0fe4b5be', 'group', 'a03cac538f794958bc7fa6458f85b8ae', 'button', '-1', NULL, NULL, '2018-09-27 16:29:56', '1', 'Mr.AG', NULL, NULL, NULL, NULL, NULL, NULL, NULL, NULL, NULL, 'ac88ceb386aa4231b09bf472cb937c24', '0'),
	('fac8dc2e24674542823bc06810fab957', 'f589f6288e754051b4b1903a62ea6bf9', 'group', '29', 'menu', '-1', NULL, NULL, '2018-09-30 11:38:28', '1', 'Mr.AG', NULL, NULL, NULL, NULL, NULL, NULL, NULL, NULL, NULL, 'ac88ceb386aa4231b09bf472cb937c24', '1'),
	('faebfb6f224743f89db2c6e4b42ef568', '258651cfd4ca41cbaa70d1b233659b5c', 'group', '58', 'button', '-1', NULL, NULL, NULL, NULL, NULL, NULL, NULL, NULL, NULL, NULL, NULL, NULL, NULL, NULL, NULL, '1'),
	('fc2fb306cefc498c9bcda231f6566804', '058dc6111eb94055b100015f0fe4b5be', 'group', '68ee45b69c0f41cb9d6a5c33d46fb8a6', 'menu', '-1', NULL, NULL, '2018-09-29 14:50:01', '1', 'Mr.AG', NULL, NULL, NULL, NULL, NULL, NULL, NULL, NULL, NULL, 'ac88ceb386aa4231b09bf472cb937c24', '0'),
	('fc61c70df37d4b0590c0870c41f50a82', '153835e3242e4e0db43f836233e7f5ad', 'group', '6', 'menu', '-1', NULL, NULL, '2018-09-30 11:35:26', '1', 'Mr.AG', NULL, NULL, NULL, NULL, NULL, NULL, NULL, NULL, NULL, 'ac88ceb386aa4231b09bf472cb937c24', '0'),
	('fd8005cd00f6498ea47122d7eb30b6af', '29b565f55d844f5ca79b64c184fe4752', 'group', '454f9b3de369463a93ef75492126b54e', 'menu', '-1', NULL, NULL, '2018-09-27 14:58:05', '1', 'woozoom', NULL, NULL, NULL, NULL, NULL, NULL, NULL, NULL, NULL, 'ac88ceb386aa4231b09bf472cb937c24', '0'),
	('fe5704c134fc4ceb9ebe2f620de1e5d3', '0073c2ae7290478d92bd62750fc3da77', 'group', '13', 'button', '-1', NULL, NULL, '2018-10-09 09:28:34', '1', 'Mr.AG', NULL, NULL, NULL, NULL, NULL, NULL, NULL, NULL, NULL, 'ac88ceb386aa4231b09bf472cb937c24', '0'),
	('fe608146466e46868650a8cdae8993b2', '058dc6111eb94055b100015f0fe4b5be', 'group', '3a61b3472fc54332a38464fb03d309ec', 'menu', '-1', NULL, NULL, '2018-09-29 14:50:18', '1', 'Mr.AG', NULL, NULL, NULL, NULL, NULL, NULL, NULL, NULL, NULL, 'ac88ceb386aa4231b09bf472cb937c24', '1'),
	('ff6054b8e9c141f38554abf98dc665a0', '258651cfd4ca41cbaa70d1b233659b5c', 'group', '3', 'button', '-1', NULL, NULL, '2018-10-09 09:35:49', '1', 'Mr.AG', NULL, NULL, NULL, NULL, NULL, NULL, NULL, NULL, NULL, 'ac88ceb386aa4231b09bf472cb937c24', '1'),
	('ffda142d6d20479fa23e353a82c3b95a', '0073c2ae7290478d92bd62750fc3da77', 'group', '76797ac67e9a4b6ba9177d26a603ffb0', 'button', '-1', NULL, NULL, '2018-10-09 10:37:07', '1', 'Mr.AG', NULL, NULL, NULL, NULL, NULL, NULL, NULL, NULL, NULL, 'ac88ceb386aa4231b09bf472cb937c24', '1'),
	('ffe46b2bb60d43c5bf7c95e6f105efa3', '153835e3242e4e0db43f836233e7f5ad', 'group', '5', 'menu', '-1', NULL, NULL, '2018-09-30 11:35:26', '1', 'Mr.AG', NULL, NULL, NULL, NULL, NULL, NULL, NULL, NULL, NULL, 'ac88ceb386aa4231b09bf472cb937c24', '0');
/*!40000 ALTER TABLE `base_resource_authority` ENABLE KEYS */;

-- 正在导出表  ag_admin.base_tenant 的数据：~2 rows (大约)
/*!40000 ALTER TABLE `base_tenant` DISABLE KEYS */;
INSERT INTO `base_tenant` (`id`, `code`, `name`, `crt_user_name`, `crt_user_id`, `crt_time`, `upd_user_name`, `upd_user_id`, `upd_time`, `attr1`, `attr2`, `attr3`, `attr4`, `description`, `is_super_tenant`, `tenant_id`, `owner`) VALUES
	('1ec08564dcc344018d6aaa910068f0f0', 'testTenant', '测试租户', 'Mr.AG', '1', '2018-02-12 15:30:54', 'Mr.AG', '1', '2018-02-15 09:58:39', NULL, NULL, NULL, NULL, '测试租户', '0', 'ac88ceb386aa4231b09bf472cb937c24', 'a1a2cb17b4f24e50bbde2f1b8a233bcb'),
	('398ecc75eab24b048ed5448dd47f3df0', 'testTenant2', '公司一', 'Mr.AG', '1', '2018-10-09 10:55:21', 'Mr.AG', '1', '2018-10-10 14:08:49', NULL, NULL, NULL, NULL, NULL, '0', 'ac88ceb386aa4231b09bf472cb937c24', '5317369d69a34569ab106dcac5feeee3'),
	('ac88ceb386aa4231b09bf472cb937c24', 'superTenant', '超级租户', 'Mr.AG', '1', '2018-02-09 16:31:20', 'Mr.AG', '1', '2018-02-15 10:57:13', NULL, NULL, NULL, NULL, '超级租户', '1', 'ac88ceb386aa4231b09bf472cb937c24', '1'),
	('e5ddfa92e03f4232b4e083553503a17b', 'vipuser', '重要客户', 'Mr.AG', '1', '2018-09-29 11:03:40', 'Mr.AG', '1', '2018-10-08 11:34:49', NULL, NULL, NULL, NULL, '重要客户', '1', 'ac88ceb386aa4231b09bf472cb937c24', NULL);
/*!40000 ALTER TABLE `base_tenant` ENABLE KEYS */;

-- 正在导出表  ag_admin.base_user 的数据：~12 rows (大约)
/*!40000 ALTER TABLE `base_user` DISABLE KEYS */;
INSERT INTO `base_user` (`id`, `username`, `password`, `name`, `birthday`, `address`, `mobile_phone`, `tel_phone`, `email`, `sex`, `type`, `status`, `description`, `crt_time`, `crt_user_id`, `crt_user_name`, `upd_time`, `upd_user_id`, `upd_user_name`, `attr1`, `attr2`, `attr3`, `attr4`, `attr5`, `attr6`, `attr7`, `attr8`, `tenant_id`, `is_deleted`, `is_disabled`, `depart_id`, `is_super_admin`) VALUES
	('06617a480a3d4ead9fdd66e22817e3ed', 'bbb', 'RiX9Y7Dpb8DWVq5zgWBeSNSg9joxn8dDrfImiGE4g8c=', 'bbb', NULL, NULL, NULL, NULL, NULL, '男', NULL, NULL, 'bbbbb', '2018-10-08 10:30:35', '1', 'Mr.AG', '2018-10-08 10:30:35', '1', 'Mr.AG', NULL, NULL, NULL, NULL, NULL, NULL, NULL, NULL, 'ac88ceb386aa4231b09bf472cb937c24', '0', '0', 'd522249a6e4040ab880b977441960edc', '0'),
	('0b9d28cbbc7e4fb19fae02aa64e155f1', 'reoverflow', 'jZae727K08KaOmKSgOaGzww/XVqGr/PKEgIMkjrcbJI=', 'Reoverflow', NULL, NULL, NULL, NULL, NULL, '男', NULL, NULL, 'I am super man.', '2018-09-30 09:15:43', '1', 'Mr.AG', '2018-09-30 10:06:00', '1', 'Mr.AG', NULL, NULL, NULL, NULL, NULL, NULL, NULL, NULL, 'ac88ceb386aa4231b09bf472cb937c24', '0', '0', 'edb9655b4c5d40f09a120fce7bf9f585', '0'),
	('1', 'admin', 'jZae727K08KaOmKSgOaGzww/XVqGr/PKEgIMkjrcbJI=', 'Mr.AG', '', NULL, '', NULL, '', '男', NULL, NULL, '', NULL, NULL, NULL, '2018-03-11 09:36:16', '1', 'Mr.AG', NULL, NULL, NULL, NULL, NULL, NULL, NULL, NULL, 'ac88ceb386aa4231b09bf472cb937c24', '0', '0', 'root', '1'),
	('133907e6217941a4a7628e127982e4b0', 'weiyidaige', 'jZae727K08KaOmKSgOaGzww/XVqGr/PKEgIMkjrcbJI=', '唯一带哥用户', NULL, NULL, NULL, NULL, NULL, '男', NULL, NULL, 'aaa唯一带哥', '2018-09-27 14:28:51', '1', 'woozoom', '2018-09-27 16:15:02', '1', 'Mr.AG', NULL, NULL, NULL, NULL, NULL, NULL, NULL, NULL, 'ac88ceb386aa4231b09bf472cb937c24', '0', '0', 'd522249a6e4040ab880b977441960edc', '0'),
	('14cf5d353a8347b693175e6e0e135888', 'zsc3', 'jZae727K08KaOmKSgOaGzww/XVqGr/PKEgIMkjrcbJI=', 'zsc3', NULL, NULL, NULL, NULL, NULL, '男', NULL, NULL, NULL, '2018-10-10 09:44:27', 'feedbcf7c98c4fafa7ea353480457d60', 'zsc2', '2018-10-10 09:44:27', 'feedbcf7c98c4fafa7ea353480457d60', 'zsc2', NULL, NULL, NULL, NULL, NULL, NULL, NULL, NULL, '398ecc75eab24b048ed5448dd47f3df0', '0', '0', '39705ec72a014f3eab4bd801d8f97022', '0'),
	('355d84d9f0ff44428c81cc5239afca90', 'jituandaige', 'jZae727K08KaOmKSgOaGzww/XVqGr/PKEgIMkjrcbJI=', '集团带哥用户', NULL, NULL, NULL, NULL, NULL, '男', NULL, NULL, 'XXX公司-A集团的带哥', '2018-09-27 14:29:55', '1', 'woozoom', '2018-09-27 16:15:06', '1', 'Mr.AG', NULL, NULL, NULL, NULL, NULL, NULL, NULL, NULL, 'ac88ceb386aa4231b09bf472cb937c24', '0', '0', '8211a0dc7a8c45788c7ce61428d55bd1', '0'),
	('5317369d69a34569ab106dcac5feeee3', 'zsc4', 'jZae727K08KaOmKSgOaGzww/XVqGr/PKEgIMkjrcbJI=', 'zsc4', NULL, NULL, NULL, NULL, NULL, '男', NULL, NULL, NULL, '2018-10-10 14:08:30', '1', 'Mr.AG', '2018-10-11 09:10:08', 'feedbcf7c98c4fafa7ea353480457d60', 'zsc2', NULL, NULL, NULL, NULL, NULL, NULL, NULL, NULL, '398ecc75eab24b048ed5448dd47f3df0', '0', '0', '638adfc673dd4af1a123895918cdb230', '0'),
	('59c28b8593c2472e99e54e3ed9b6efe8', 'wxiaoqi', 'jZae727K08KaOmKSgOaGzww/XVqGr/PKEgIMkjrcbJI=', '王小七', NULL, NULL, NULL, NULL, NULL, '男', NULL, NULL, NULL, '2018-02-12 23:41:35', 'a1a2cb17b4f24e50bbde2f1b8a233bcb', '测试租户', '2018-02-12 23:54:07', 'a1a2cb17b4f24e50bbde2f1b8a233bcb', '测试租户', NULL, NULL, NULL, NULL, NULL, NULL, NULL, NULL, 'ac88ceb386aa4231b09bf472cb937c24', '0', '0', 'd8bb2fc8d51745458f77a78c42bf60ab', '0'),
	('5b29e88e363c41c394ad50cf830f6e0a', 'test', 'jZae727K08KaOmKSgOaGzww/XVqGr/PKEgIMkjrcbJI=', 'test', NULL, NULL, NULL, NULL, NULL, '男', NULL, NULL, NULL, '2018-03-28 20:11:07', '1', 'Mr.AG', '2018-03-28 20:11:07', '1', 'Mr.AG', NULL, NULL, NULL, NULL, NULL, NULL, NULL, NULL, 'ac88ceb386aa4231b09bf472cb937c24', '0', '0', 'root', '0'),
	('8d046325f5174e66bf6461cb4a51a76c', 'liming', 'jZae727K08KaOmKSgOaGzww/XVqGr/PKEgIMkjrcbJI=', '李明名', NULL, NULL, NULL, NULL, NULL, '男', NULL, NULL, NULL, '2018-09-28 09:58:09', 'e4ee2dbb147e4b4ca02d3b32c0013205', 'zsc', '2018-09-28 09:58:09', 'e4ee2dbb147e4b4ca02d3b32c0013205', 'zsc', NULL, NULL, NULL, NULL, NULL, NULL, NULL, NULL, 'ac88ceb386aa4231b09bf472cb937c24', '0', '0', '77ae572fe29b43c68a2e0bb6419de039', '0'),
	('91862ca642404c3a8877afa7ae2628a9', 'aaa', '7QJFe1xB2WTb0vKmCdY/4bt1KNvlXhq/W1LCSc1zV5c=', 'aaa', NULL, NULL, NULL, NULL, NULL, '男', NULL, NULL, 'aaa', '2018-10-08 10:27:24', '1', 'Mr.AG', '2018-10-08 10:27:24', '1', 'Mr.AG', NULL, NULL, NULL, NULL, NULL, NULL, NULL, NULL, 'ac88ceb386aa4231b09bf472cb937c24', '0', '0', 'd522249a6e4040ab880b977441960edc', '0'),
	('9305e0dd01014842b758aa806c46952b', '123', 'jZae727K08KaOmKSgOaGzww/XVqGr/PKEgIMkjrcbJI=', '123', NULL, NULL, NULL, NULL, NULL, '男', NULL, NULL, NULL, '2018-04-04 19:43:54', '1', 'Mr.AG', '2018-04-04 19:44:40', '1', 'Mr.AG', NULL, NULL, NULL, NULL, NULL, NULL, NULL, NULL, 'ac88ceb386aa4231b09bf472cb937c24', '1', '0', 'root', '0'),
	('a1a2cb17b4f24e50bbde2f1b8a233bcb', 'tenant', 'jZae727K08KaOmKSgOaGzww/XVqGr/PKEgIMkjrcbJI=', '测试租户', NULL, NULL, NULL, NULL, NULL, '男', NULL, NULL, NULL, '2018-02-12 20:27:14', '1', 'Mr.AG', '2018-03-10 13:19:10', '1', 'Mr.AG', NULL, NULL, NULL, NULL, NULL, NULL, NULL, NULL, '1ec08564dcc344018d6aaa910068f0f0', '0', '0', 'd583e7de6d2d48b78fb3c7dcb180cb1f', '0'),
	('ce7b0d1769954a65990171b503ec1f61', 'zjc', 'vLFfghR5tNV3K9DKhmwArV+SbjWAcgZZzIDTnJ0JgCo=', 'zjczjc', NULL, NULL, NULL, NULL, NULL, '男', NULL, NULL, '1111test', '2018-09-28 13:14:46', '1', 'Mr.AG', '2018-09-29 17:23:42', '1', 'Mr.AG', NULL, NULL, NULL, NULL, NULL, NULL, NULL, NULL, 'ac88ceb386aa4231b09bf472cb937c24', '0', '0', 'b1c797c1ca6d44b8b5bec219252d3938', '0'),
	('d89f98ae167346cdbdff4d8959224603', 'bumendaige', 'jZae727K08KaOmKSgOaGzww/XVqGr/PKEgIMkjrcbJI=', '部门带哥用户', NULL, NULL, NULL, NULL, NULL, '男', NULL, NULL, '挨打部门的带哥', '2018-09-27 14:30:58', '1', 'woozoom', '2018-09-27 16:15:12', '1', 'Mr.AG', NULL, NULL, NULL, NULL, NULL, NULL, NULL, NULL, 'ac88ceb386aa4231b09bf472cb937c24', '0', '0', '9d2d091c3ca44f81827e5da13a79bada', '0'),
	('e4ee2dbb147e4b4ca02d3b32c0013205', 'zsc', 'jZae727K08KaOmKSgOaGzww/XVqGr/PKEgIMkjrcbJI=', 'zsc', NULL, NULL, NULL, NULL, NULL, '男', NULL, NULL, NULL, '2018-09-26 09:16:30', '1', 'Mr.AG', '2018-09-26 09:16:30', '1', 'Mr.AG', NULL, NULL, NULL, NULL, NULL, NULL, NULL, NULL, 'ac88ceb386aa4231b09bf472cb937c24', '0', '0', '77ae572fe29b43c68a2e0bb6419de039', '0'),
	('f30391f3463d4710b4d64f157e5cc61b', 'shiyebudaige', 'jZae727K08KaOmKSgOaGzww/XVqGr/PKEgIMkjrcbJI=', '事业部带哥用户', NULL, NULL, NULL, NULL, NULL, '男', NULL, NULL, 'S事业部的带哥', '2018-09-27 14:30:30', '1', 'woozoom', '2018-09-27 16:15:16', '1', 'Mr.AG', NULL, NULL, NULL, NULL, NULL, NULL, NULL, NULL, 'ac88ceb386aa4231b09bf472cb937c24', '0', '0', '8c9894e74bb44a32b765d8fb833ff07f', '0'),
	('feedbcf7c98c4fafa7ea353480457d60', 'zsc2', 'jZae727K08KaOmKSgOaGzww/XVqGr/PKEgIMkjrcbJI=', 'zsc2', NULL, NULL, NULL, NULL, NULL, '男', NULL, NULL, NULL, '2018-10-09 10:52:45', '1', 'Mr.AG', '2018-10-10 09:44:43', 'feedbcf7c98c4fafa7ea353480457d60', 'zsc2', NULL, NULL, NULL, NULL, NULL, NULL, NULL, NULL, '398ecc75eab24b048ed5448dd47f3df0', '0', '0', '39705ec72a014f3eab4bd801d8f97022', '0');
/*!40000 ALTER TABLE `base_user` ENABLE KEYS */;

-- 正在导出表  ag_admin.gate_log 的数据：~574 rows (大约)
/*!40000 ALTER TABLE `gate_log` DISABLE KEYS */;
INSERT INTO `gate_log` (`id`, `tenant_id`, `menu`, `opt`, `uri`, `crt_time`, `crt_user`, `crt_name`, `crt_host`) VALUES
	(1, 'ac88ceb386aa4231b09bf472cb937c24', '部门管理', '新增部门值', '/admin/depart', '2018-02-12 20:09:46', '1', 'Mr.AG', '127.0.0.1'),
	(2, 'ac88ceb386aa4231b09bf472cb937c24', '部门管理', '删除部门值', '/admin/depart', '2018-02-12 20:12:14', '1', 'Mr.AG', '127.0.0.1'),
	(3, 'ac88ceb386aa4231b09bf472cb937c24', '部门管理', '删除部门值', '/admin/depart', '2018-02-12 20:12:14', '1', 'Mr.AG', '127.0.0.1'),
	(4, 'ac88ceb386aa4231b09bf472cb937c24', '部门管理', '新增部门值', '/admin/depart', '2018-02-12 20:12:18', '1', 'Mr.AG', '127.0.0.1'),
	(5, 'ac88ceb386aa4231b09bf472cb937c24', '部门管理', '编辑部门值', '/admin/depart', '2018-02-12 20:13:55', '1', 'Mr.AG', '127.0.0.1'),
	(6, 'ac88ceb386aa4231b09bf472cb937c24', '部门管理', '新增部门值', '/admin/depart', '2018-02-12 20:15:49', '1', 'Mr.AG', '127.0.0.1'),
	(7, 'ac88ceb386aa4231b09bf472cb937c24', '部门管理', '新增部门值', '/admin/depart', '2018-02-12 20:19:34', '1', 'Mr.AG', '127.0.0.1'),
	(8, 'ac88ceb386aa4231b09bf472cb937c24', '部门管理', '新增部门值', '/admin/depart', '2018-02-12 20:19:42', '1', 'Mr.AG', '127.0.0.1'),
	(9, 'ac88ceb386aa4231b09bf472cb937c24', '部门管理', '新增部门值', '/admin/depart', '2018-02-12 20:20:09', '1', 'Mr.AG', '127.0.0.1'),
	(10, 'ac88ceb386aa4231b09bf472cb937c24', '部门管理', '新增部门值', '/admin/depart', '2018-02-12 20:20:46', '1', 'Mr.AG', '127.0.0.1'),
	(11, 'ac88ceb386aa4231b09bf472cb937c24', '部门管理', '删除部门值', '/admin/depart', '2018-02-12 20:25:55', '1', 'Mr.AG', '127.0.0.1'),
	(12, 'ac88ceb386aa4231b09bf472cb937c24', '部门管理', '删除部门值', '/admin/depart', '2018-02-12 20:25:57', '1', 'Mr.AG', '127.0.0.1'),
	(13, 'ac88ceb386aa4231b09bf472cb937c24', '部门管理', '编辑部门值', '/admin/depart', '2018-02-12 20:26:25', '1', 'Mr.AG', '127.0.0.1'),
	(14, 'ac88ceb386aa4231b09bf472cb937c24', '用户管理', '新增', '/admin/user', '2018-02-12 20:27:10', '1', 'Mr.AG', '127.0.0.1'),
	(15, 'ac88ceb386aa4231b09bf472cb937c24', '用户管理', '编辑', '/admin/user', '2018-02-12 20:29:42', '1', 'Mr.AG', '127.0.0.1'),
	(16, 'ac88ceb386aa4231b09bf472cb937c24', '菜单管理', '新增元素', '/admin/element', '2018-02-12 21:05:47', '1', 'Mr.AG', '127.0.0.1'),
	(17, 'ac88ceb386aa4231b09bf472cb937c24', '租户管理', '编辑租户', '/admin/tenant', '2018-02-12 21:22:59', '1', 'Mr.AG', '127.0.0.1'),
	(18, 'ac88ceb386aa4231b09bf472cb937c24', '租户管理', '编辑租户', '/admin/tenant', '2018-02-12 21:32:00', '1', 'Mr.AG', '127.0.0.1'),
	(19, 'ac88ceb386aa4231b09bf472cb937c24', '租户管理', '编辑租户', '/admin/tenant', '2018-02-12 21:33:02', '1', 'Mr.AG', '127.0.0.1'),
	(20, 'ac88ceb386aa4231b09bf472cb937c24', '租户管理', '编辑租户', '/admin/tenant', '2018-02-12 21:34:47', '1', 'Mr.AG', '127.0.0.1'),
	(21, 'ac88ceb386aa4231b09bf472cb937c24', '租户管理', '编辑租户', '/admin/tenant', '2018-02-12 21:41:39', '1', 'Mr.AG', '127.0.0.1'),
	(22, 'ac88ceb386aa4231b09bf472cb937c24', '角色权限管理', '新增', '/admin/group', '2018-02-12 23:20:07', '1', 'Mr.AG', '127.0.0.1'),
	(23, 'ac88ceb386aa4231b09bf472cb937c24', '角色权限管理', '新增', '/admin/group', '2018-02-12 23:20:47', '1', 'Mr.AG', '127.0.0.1'),
	(24, 'ac88ceb386aa4231b09bf472cb937c24', '角色权限管理', '新增', '/admin/group', '2018-02-12 23:20:53', '1', 'Mr.AG', '127.0.0.1'),
	(25, 'ac88ceb386aa4231b09bf472cb937c24', '角色权限管理', '新增', '/admin/group', '2018-02-12 23:25:14', '1', 'Mr.AG', '127.0.0.1'),
	(26, 'ac88ceb386aa4231b09bf472cb937c24', '角色权限管理', '编辑', '/admin/group', '2018-02-12 23:25:22', '1', 'Mr.AG', '127.0.0.1'),
	(27, 'ac88ceb386aa4231b09bf472cb937c24', '角色权限管理', '新增', '/admin/group', '2018-02-12 23:25:46', '1', 'Mr.AG', '127.0.0.1'),
	(28, 'ac88ceb386aa4231b09bf472cb937c24', '角色权限管理', '新增', '/admin/group', '2018-02-12 23:26:12', '1', 'Mr.AG', '127.0.0.1'),
	(29, 'ac88ceb386aa4231b09bf472cb937c24', '角色权限管理', '新增', '/admin/group', '2018-02-12 23:26:27', '1', 'Mr.AG', '127.0.0.1'),
	(30, 'ac88ceb386aa4231b09bf472cb937c24', '角色权限管理', '新增', '/admin/group', '2018-02-12 23:26:36', '1', 'Mr.AG', '127.0.0.1'),
	(31, 'ac88ceb386aa4231b09bf472cb937c24', '角色权限管理', '新增', '/admin/group', '2018-02-12 23:26:36', '1', 'Mr.AG', '127.0.0.1'),
	(32, 'ac88ceb386aa4231b09bf472cb937c24', '角色权限管理', '新增', '/admin/group', '2018-02-12 23:26:36', '1', 'Mr.AG', '127.0.0.1'),
	(33, 'ac88ceb386aa4231b09bf472cb937c24', '角色权限管理', '新增', '/admin/group', '2018-02-12 23:26:36', '1', 'Mr.AG', '127.0.0.1'),
	(34, 'ac88ceb386aa4231b09bf472cb937c24', '角色权限管理', '新增', '/admin/group', '2018-02-12 23:26:46', '1', 'Mr.AG', '127.0.0.1'),
	(35, 'ac88ceb386aa4231b09bf472cb937c24', '角色权限管理', '新增', '/admin/group', '2018-02-12 23:26:50', '1', 'Mr.AG', '127.0.0.1'),
	(36, 'ac88ceb386aa4231b09bf472cb937c24', '角色权限管理', '新增', '/admin/group', '2018-02-12 23:26:50', '1', 'Mr.AG', '127.0.0.1'),
	(37, 'ac88ceb386aa4231b09bf472cb937c24', '角色权限管理', '新增', '/admin/group', '2018-02-12 23:26:50', '1', 'Mr.AG', '127.0.0.1'),
	(38, 'ac88ceb386aa4231b09bf472cb937c24', '角色权限管理', '新增', '/admin/group', '2018-02-12 23:26:50', '1', 'Mr.AG', '127.0.0.1'),
	(39, 'ac88ceb386aa4231b09bf472cb937c24', '角色权限管理', '新增', '/admin/group', '2018-02-12 23:26:50', '1', 'Mr.AG', '127.0.0.1'),
	(40, 'ac88ceb386aa4231b09bf472cb937c24', '角色权限管理', '新增', '/admin/group', '2018-02-12 23:26:50', '1', 'Mr.AG', '127.0.0.1'),
	(41, 'ac88ceb386aa4231b09bf472cb937c24', '角色权限管理', '新增', '/admin/group', '2018-02-12 23:26:50', '1', 'Mr.AG', '127.0.0.1'),
	(42, 'ac88ceb386aa4231b09bf472cb937c24', '角色权限管理', '新增', '/admin/group', '2018-02-12 23:26:50', '1', 'Mr.AG', '127.0.0.1'),
	(43, 'ac88ceb386aa4231b09bf472cb937c24', '角色权限管理', '新增', '/admin/group', '2018-02-12 23:26:50', '1', 'Mr.AG', '127.0.0.1'),
	(44, 'ac88ceb386aa4231b09bf472cb937c24', '角色权限管理', '新增', '/admin/group', '2018-02-12 23:26:50', '1', 'Mr.AG', '127.0.0.1'),
	(45, 'ac88ceb386aa4231b09bf472cb937c24', '角色权限管理', '新增', '/admin/group', '2018-02-12 23:26:50', '1', 'Mr.AG', '127.0.0.1'),
	(46, 'ac88ceb386aa4231b09bf472cb937c24', '角色权限管理', '新增', '/admin/group', '2018-02-12 23:26:55', '1', 'Mr.AG', '127.0.0.1'),
	(47, 'ac88ceb386aa4231b09bf472cb937c24', '角色权限管理', '新增', '/admin/group', '2018-02-12 23:26:58', '1', 'Mr.AG', '127.0.0.1'),
	(48, 'ac88ceb386aa4231b09bf472cb937c24', '角色权限管理', '新增', '/admin/group', '2018-02-12 23:26:59', '1', 'Mr.AG', '127.0.0.1'),
	(49, 'ac88ceb386aa4231b09bf472cb937c24', '角色权限管理', '新增', '/admin/group', '2018-02-12 23:26:59', '1', 'Mr.AG', '127.0.0.1'),
	(50, 'ac88ceb386aa4231b09bf472cb937c24', '角色权限管理', '新增', '/admin/group', '2018-02-12 23:26:59', '1', 'Mr.AG', '127.0.0.1'),
	(51, 'ac88ceb386aa4231b09bf472cb937c24', '角色权限管理', '新增', '/admin/group', '2018-02-12 23:26:59', '1', 'Mr.AG', '127.0.0.1'),
	(52, 'ac88ceb386aa4231b09bf472cb937c24', '角色权限管理', '新增', '/admin/group', '2018-02-12 23:26:59', '1', 'Mr.AG', '127.0.0.1'),
	(53, 'ac88ceb386aa4231b09bf472cb937c24', '角色权限管理', '新增', '/admin/group', '2018-02-12 23:26:59', '1', 'Mr.AG', '127.0.0.1'),
	(54, 'ac88ceb386aa4231b09bf472cb937c24', '角色权限管理', '新增', '/admin/group', '2018-02-12 23:27:00', '1', 'Mr.AG', '127.0.0.1'),
	(55, 'ac88ceb386aa4231b09bf472cb937c24', '角色权限管理', '新增', '/admin/group', '2018-02-12 23:27:00', '1', 'Mr.AG', '127.0.0.1'),
	(56, 'ac88ceb386aa4231b09bf472cb937c24', '角色权限管理', '新增', '/admin/group', '2018-02-12 23:27:00', '1', 'Mr.AG', '127.0.0.1'),
	(57, 'ac88ceb386aa4231b09bf472cb937c24', '角色权限管理', '新增', '/admin/group', '2018-02-12 23:27:00', '1', 'Mr.AG', '127.0.0.1'),
	(58, 'ac88ceb386aa4231b09bf472cb937c24', '角色权限管理', '新增', '/admin/group', '2018-02-12 23:27:00', '1', 'Mr.AG', '127.0.0.1'),
	(59, 'ac88ceb386aa4231b09bf472cb937c24', '角色权限管理', '新增', '/admin/group', '2018-02-12 23:27:00', '1', 'Mr.AG', '127.0.0.1'),
	(60, 'ac88ceb386aa4231b09bf472cb937c24', '角色权限管理', '新增', '/admin/group', '2018-02-12 23:27:00', '1', 'Mr.AG', '127.0.0.1'),
	(61, 'ac88ceb386aa4231b09bf472cb937c24', '角色权限管理', '新增', '/admin/group', '2018-02-12 23:27:01', '1', 'Mr.AG', '127.0.0.1'),
	(62, 'ac88ceb386aa4231b09bf472cb937c24', '角色权限管理', '新增', '/admin/group', '2018-02-12 23:27:07', '1', 'Mr.AG', '127.0.0.1'),
	(63, 'ac88ceb386aa4231b09bf472cb937c24', '角色权限管理', '新增', '/admin/group', '2018-02-12 23:27:07', '1', 'Mr.AG', '127.0.0.1'),
	(64, 'ac88ceb386aa4231b09bf472cb937c24', '角色权限管理', '新增', '/admin/group', '2018-02-12 23:27:07', '1', 'Mr.AG', '127.0.0.1'),
	(65, 'ac88ceb386aa4231b09bf472cb937c24', '角色权限管理', '新增', '/admin/group', '2018-02-12 23:27:07', '1', 'Mr.AG', '127.0.0.1'),
	(66, 'ac88ceb386aa4231b09bf472cb937c24', '角色权限管理', '新增', '/admin/group', '2018-02-12 23:27:09', '1', 'Mr.AG', '127.0.0.1'),
	(67, 'ac88ceb386aa4231b09bf472cb937c24', '角色权限管理', '新增', '/admin/group', '2018-02-12 23:27:09', '1', 'Mr.AG', '127.0.0.1'),
	(68, 'ac88ceb386aa4231b09bf472cb937c24', '角色权限管理', '新增', '/admin/group', '2018-02-12 23:27:09', '1', 'Mr.AG', '127.0.0.1'),
	(69, 'ac88ceb386aa4231b09bf472cb937c24', '角色权限管理', '新增', '/admin/group', '2018-02-12 23:27:09', '1', 'Mr.AG', '127.0.0.1'),
	(70, 'ac88ceb386aa4231b09bf472cb937c24', '角色权限管理', '新增', '/admin/group', '2018-02-12 23:27:10', '1', 'Mr.AG', '127.0.0.1'),
	(71, 'ac88ceb386aa4231b09bf472cb937c24', '角色权限管理', '新增', '/admin/group', '2018-02-12 23:27:10', '1', 'Mr.AG', '127.0.0.1'),
	(72, 'ac88ceb386aa4231b09bf472cb937c24', '角色权限管理', '新增', '/admin/group', '2018-02-12 23:27:10', '1', 'Mr.AG', '127.0.0.1'),
	(73, 'ac88ceb386aa4231b09bf472cb937c24', '角色权限管理', '新增', '/admin/group', '2018-02-12 23:27:10', '1', 'Mr.AG', '127.0.0.1'),
	(74, 'ac88ceb386aa4231b09bf472cb937c24', '角色权限管理', '新增', '/admin/group', '2018-02-12 23:27:10', '1', 'Mr.AG', '127.0.0.1'),
	(75, 'ac88ceb386aa4231b09bf472cb937c24', '角色权限管理', '新增', '/admin/group', '2018-02-12 23:27:10', '1', 'Mr.AG', '127.0.0.1'),
	(76, 'ac88ceb386aa4231b09bf472cb937c24', '角色权限管理', '新增', '/admin/group', '2018-02-12 23:27:10', '1', 'Mr.AG', '127.0.0.1'),
	(77, 'ac88ceb386aa4231b09bf472cb937c24', '角色权限管理', '新增', '/admin/group', '2018-02-12 23:27:13', '1', 'Mr.AG', '127.0.0.1'),
	(78, 'ac88ceb386aa4231b09bf472cb937c24', '角色权限管理', '新增', '/admin/group', '2018-02-12 23:27:13', '1', 'Mr.AG', '127.0.0.1'),
	(79, 'ac88ceb386aa4231b09bf472cb937c24', '角色权限管理', '新增', '/admin/group', '2018-02-12 23:27:13', '1', 'Mr.AG', '127.0.0.1'),
	(80, 'ac88ceb386aa4231b09bf472cb937c24', '角色权限管理', '新增', '/admin/group', '2018-02-12 23:27:13', '1', 'Mr.AG', '127.0.0.1'),
	(81, 'ac88ceb386aa4231b09bf472cb937c24', '角色权限管理', '新增', '/admin/group', '2018-02-12 23:27:13', '1', 'Mr.AG', '127.0.0.1'),
	(82, 'ac88ceb386aa4231b09bf472cb937c24', '角色权限管理', '新增', '/admin/group', '2018-02-12 23:27:13', '1', 'Mr.AG', '127.0.0.1'),
	(83, 'ac88ceb386aa4231b09bf472cb937c24', '角色权限管理', '新增', '/admin/group', '2018-02-12 23:27:13', '1', 'Mr.AG', '127.0.0.1'),
	(84, 'ac88ceb386aa4231b09bf472cb937c24', '角色权限管理', '新增', '/admin/group', '2018-02-12 23:27:13', '1', 'Mr.AG', '127.0.0.1'),
	(85, 'ac88ceb386aa4231b09bf472cb937c24', '角色权限管理', '新增', '/admin/group', '2018-02-12 23:27:13', '1', 'Mr.AG', '127.0.0.1'),
	(86, 'ac88ceb386aa4231b09bf472cb937c24', '角色权限管理', '新增', '/admin/group', '2018-02-12 23:27:13', '1', 'Mr.AG', '127.0.0.1'),
	(87, 'ac88ceb386aa4231b09bf472cb937c24', '角色权限管理', '新增', '/admin/group', '2018-02-12 23:27:13', '1', 'Mr.AG', '127.0.0.1'),
	(88, 'ac88ceb386aa4231b09bf472cb937c24', '角色权限管理', '新增', '/admin/group', '2018-02-12 23:27:13', '1', 'Mr.AG', '127.0.0.1'),
	(89, 'ac88ceb386aa4231b09bf472cb937c24', '角色权限管理', '新增', '/admin/group', '2018-02-12 23:27:14', '1', 'Mr.AG', '127.0.0.1'),
	(90, 'ac88ceb386aa4231b09bf472cb937c24', '角色权限管理', '新增', '/admin/group', '2018-02-12 23:27:15', '1', 'Mr.AG', '127.0.0.1'),
	(91, 'ac88ceb386aa4231b09bf472cb937c24', '角色权限管理', '新增', '/admin/group', '2018-02-12 23:34:56', '1', 'Mr.AG', '127.0.0.1'),
	(92, 'ac88ceb386aa4231b09bf472cb937c24', '角色权限管理', '新增', '/admin/group', '2018-02-12 23:36:12', '1', 'Mr.AG', '127.0.0.1'),
	(93, 'ac88ceb386aa4231b09bf472cb937c24', '角色权限管理', '新增', '/admin/group', '2018-02-12 23:38:15', '1', 'Mr.AG', '127.0.0.1'),
	(94, 'ac88ceb386aa4231b09bf472cb937c24', '角色权限管理', '新增', '/admin/group', '2018-02-12 23:38:16', '1', 'Mr.AG', '127.0.0.1'),
	(95, 'ac88ceb386aa4231b09bf472cb937c24', '角色权限管理', '新增', '/admin/group', '2018-02-12 23:38:18', '1', 'Mr.AG', '127.0.0.1'),
	(96, '1ec08564dcc344018d6aaa910068f0f0', '部门管理', '新增部门值', '/admin/depart', '2018-02-12 23:38:29', 'a1a2cb17b4f24e50bbde2f1b8a233bcb', '测试租户', '127.0.0.1'),
	(97, '1ec08564dcc344018d6aaa910068f0f0', '部门管理', '编辑部门值', '/admin/depart', '2018-02-12 23:40:45', 'a1a2cb17b4f24e50bbde2f1b8a233bcb', '测试租户', '127.0.0.1'),
	(98, '1ec08564dcc344018d6aaa910068f0f0', '用户管理', '新增', '/admin/user', '2018-02-12 23:41:32', 'a1a2cb17b4f24e50bbde2f1b8a233bcb', '测试租户', '127.0.0.1'),
	(99, '1ec08564dcc344018d6aaa910068f0f0', '用户管理', '编辑', '/admin/user', '2018-02-12 23:54:06', 'a1a2cb17b4f24e50bbde2f1b8a233bcb', '测试租户', '127.0.0.1'),
	(100, '1ec08564dcc344018d6aaa910068f0f0', '用户管理', '编辑', '/admin/user', '2018-02-12 23:54:12', 'a1a2cb17b4f24e50bbde2f1b8a233bcb', '测试租户', '127.0.0.1'),
	(101, '1ec08564dcc344018d6aaa910068f0f0', '部门管理', '删除部门值', '/admin/depart', '2018-02-12 23:58:38', 'a1a2cb17b4f24e50bbde2f1b8a233bcb', '测试租户', '127.0.0.1'),
	(102, '1ec08564dcc344018d6aaa910068f0f0', '部门管理', '删除部门值', '/admin/depart', '2018-02-12 23:58:41', 'a1a2cb17b4f24e50bbde2f1b8a233bcb', '测试租户', '127.0.0.1'),
	(103, '1ec08564dcc344018d6aaa910068f0f0', '角色权限管理', '新增', '/admin/group', '2018-02-13 00:04:26', 'a1a2cb17b4f24e50bbde2f1b8a233bcb', '测试租户', '127.0.0.1'),
	(104, '1ec08564dcc344018d6aaa910068f0f0', '角色权限管理', '新增', '/admin/group', '2018-02-13 00:05:06', 'a1a2cb17b4f24e50bbde2f1b8a233bcb', '测试租户', '127.0.0.1'),
	(105, '1ec08564dcc344018d6aaa910068f0f0', '角色权限管理', '新增', '/admin/group', '2018-02-13 00:05:07', 'a1a2cb17b4f24e50bbde2f1b8a233bcb', '测试租户', '127.0.0.1'),
	(106, '1ec08564dcc344018d6aaa910068f0f0', '角色权限管理', '新增', '/admin/group', '2018-02-13 00:05:09', 'a1a2cb17b4f24e50bbde2f1b8a233bcb', '测试租户', '127.0.0.1'),
	(107, '1ec08564dcc344018d6aaa910068f0f0', '部门管理', '新增岗位', '/admin/position', '2018-02-13 00:05:28', 'a1a2cb17b4f24e50bbde2f1b8a233bcb', '测试租户', '127.0.0.1'),
	(108, '1ec08564dcc344018d6aaa910068f0f0', '部门管理', '新增岗位', '/admin/position', '2018-02-13 00:06:50', 'a1a2cb17b4f24e50bbde2f1b8a233bcb', '测试租户', '127.0.0.1'),
	(109, '1ec08564dcc344018d6aaa910068f0f0', '部门管理', '新增岗位', '/admin/position', '2018-02-13 00:07:28', 'a1a2cb17b4f24e50bbde2f1b8a233bcb', '测试租户', '127.0.0.1'),
	(110, '1ec08564dcc344018d6aaa910068f0f0', '部门管理', '新增岗位', '/admin/position', '2018-02-13 00:12:54', 'a1a2cb17b4f24e50bbde2f1b8a233bcb', '测试租户', '127.0.0.1'),
	(111, '1ec08564dcc344018d6aaa910068f0f0', '部门管理', '新增岗位', '/admin/position', '2018-02-13 00:14:18', 'a1a2cb17b4f24e50bbde2f1b8a233bcb', '测试租户', '127.0.0.1'),
	(112, '1ec08564dcc344018d6aaa910068f0f0', '部门管理', '新增岗位', '/admin/position', '2018-02-13 00:14:50', 'a1a2cb17b4f24e50bbde2f1b8a233bcb', '测试租户', '127.0.0.1'),
	(113, '1ec08564dcc344018d6aaa910068f0f0', '部门管理', '新增岗位', '/admin/position', '2018-02-13 00:15:46', 'a1a2cb17b4f24e50bbde2f1b8a233bcb', '测试租户', '127.0.0.1'),
	(114, '1ec08564dcc344018d6aaa910068f0f0', '部门管理', '分配岗位角色', '/admin/position/{*}/group', '2018-02-13 00:16:30', 'a1a2cb17b4f24e50bbde2f1b8a233bcb', '测试租户', '127.0.0.1'),
	(115, '1ec08564dcc344018d6aaa910068f0f0', '部门管理', '分配岗位人员', '/admin/position/{*}/user', '2018-02-13 00:17:36', 'a1a2cb17b4f24e50bbde2f1b8a233bcb', '测试租户', '127.0.0.1'),
	(116, '1ec08564dcc344018d6aaa910068f0f0', '部门管理', '分配岗位角色', '/admin/position/{*}/group', '2018-02-13 00:26:23', 'a1a2cb17b4f24e50bbde2f1b8a233bcb', '测试租户', '127.0.0.1'),
	(117, '1ec08564dcc344018d6aaa910068f0f0', '角色权限管理', '新增', '/admin/group', '2018-02-13 13:44:58', 'a1a2cb17b4f24e50bbde2f1b8a233bcb', '测试租户', '127.0.0.1'),
	(118, '1ec08564dcc344018d6aaa910068f0f0', '角色权限管理', '新增', '/admin/group', '2018-02-13 13:45:08', 'a1a2cb17b4f24e50bbde2f1b8a233bcb', '测试租户', '127.0.0.1'),
	(119, '1ec08564dcc344018d6aaa910068f0f0', '角色权限管理', '新增', '/admin/group', '2018-02-13 13:45:13', 'a1a2cb17b4f24e50bbde2f1b8a233bcb', '测试租户', '127.0.0.1'),
	(120, '1ec08564dcc344018d6aaa910068f0f0', '角色权限管理', '新增', '/admin/group', '2018-02-13 13:45:20', 'a1a2cb17b4f24e50bbde2f1b8a233bcb', '测试租户', '127.0.0.1'),
	(121, '1ec08564dcc344018d6aaa910068f0f0', '角色权限管理', '新增', '/admin/group', '2018-02-13 13:45:20', 'a1a2cb17b4f24e50bbde2f1b8a233bcb', '测试租户', '127.0.0.1'),
	(122, '1ec08564dcc344018d6aaa910068f0f0', '角色权限管理', '新增', '/admin/group', '2018-02-13 13:45:28', 'a1a2cb17b4f24e50bbde2f1b8a233bcb', '测试租户', '127.0.0.1'),
	(123, '1ec08564dcc344018d6aaa910068f0f0', '角色权限管理', '新增', '/admin/group', '2018-02-13 13:45:29', 'a1a2cb17b4f24e50bbde2f1b8a233bcb', '测试租户', '127.0.0.1'),
	(124, '1ec08564dcc344018d6aaa910068f0f0', '角色权限管理', '新增', '/admin/group', '2018-02-13 13:45:32', 'a1a2cb17b4f24e50bbde2f1b8a233bcb', '测试租户', '127.0.0.1'),
	(125, '1ec08564dcc344018d6aaa910068f0f0', '部门管理', '新增部门值', '/admin/depart', '2018-02-13 13:46:16', '59c28b8593c2472e99e54e3ed9b6efe8', '王小七', '127.0.0.1'),
	(126, '1ec08564dcc344018d6aaa910068f0f0', '部门管理', '授权部门权限', '/admin/position/{*}/depart', '2018-02-13 13:58:08', 'a1a2cb17b4f24e50bbde2f1b8a233bcb', '测试租户', '127.0.0.1'),
	(127, '1ec08564dcc344018d6aaa910068f0f0', '部门管理', '新增部门值', '/admin/depart', '2018-02-13 14:20:02', 'a1a2cb17b4f24e50bbde2f1b8a233bcb', '测试租户', '127.0.0.1'),
	(128, '1ec08564dcc344018d6aaa910068f0f0', '部门管理', '授权部门权限', '/admin/position/{*}/depart', '2018-02-13 14:20:30', 'a1a2cb17b4f24e50bbde2f1b8a233bcb', '测试租户', '127.0.0.1'),
	(129, '1ec08564dcc344018d6aaa910068f0f0', '部门管理', '授权部门权限', '/admin/position/{*}/depart', '2018-02-13 14:21:38', 'a1a2cb17b4f24e50bbde2f1b8a233bcb', '测试租户', '127.0.0.1'),
	(130, '1ec08564dcc344018d6aaa910068f0f0', '部门管理', '授权部门权限', '/admin/position/{*}/depart', '2018-02-13 14:30:15', 'a1a2cb17b4f24e50bbde2f1b8a233bcb', '测试租户', '127.0.0.1'),
	(131, '1ec08564dcc344018d6aaa910068f0f0', '部门管理', '授权部门权限', '/admin/position/{*}/depart', '2018-02-13 14:30:25', 'a1a2cb17b4f24e50bbde2f1b8a233bcb', '测试租户', '127.0.0.1'),
	(132, '1ec08564dcc344018d6aaa910068f0f0', '部门管理', '授权部门权限', '/admin/position/{*}/depart', '2018-02-13 14:30:30', 'a1a2cb17b4f24e50bbde2f1b8a233bcb', '测试租户', '127.0.0.1'),
	(133, '1ec08564dcc344018d6aaa910068f0f0', '部门管理', '授权部门权限', '/admin/position/{*}/depart', '2018-02-13 14:30:35', 'a1a2cb17b4f24e50bbde2f1b8a233bcb', '测试租户', '127.0.0.1'),
	(134, '1ec08564dcc344018d6aaa910068f0f0', '部门管理', '授权部门权限', '/admin/position/{*}/depart', '2018-02-13 14:38:26', 'a1a2cb17b4f24e50bbde2f1b8a233bcb', '测试租户', '127.0.0.1'),
	(135, '1ec08564dcc344018d6aaa910068f0f0', '部门管理', '授权部门权限', '/admin/position/{*}/depart', '2018-02-13 14:38:41', 'a1a2cb17b4f24e50bbde2f1b8a233bcb', '测试租户', '127.0.0.1'),
	(136, '1ec08564dcc344018d6aaa910068f0f0', '部门管理', '授权部门权限', '/admin/position/{*}/depart', '2018-02-13 14:39:13', 'a1a2cb17b4f24e50bbde2f1b8a233bcb', '测试租户', '127.0.0.1'),
	(137, '1ec08564dcc344018d6aaa910068f0f0', '部门管理', '授权部门权限', '/admin/position/{*}/depart', '2018-02-13 14:40:17', 'a1a2cb17b4f24e50bbde2f1b8a233bcb', '测试租户', '127.0.0.1'),
	(138, '1ec08564dcc344018d6aaa910068f0f0', '部门管理', '授权部门权限', '/admin/position/{*}/depart', '2018-02-13 14:54:55', 'a1a2cb17b4f24e50bbde2f1b8a233bcb', '测试租户', '127.0.0.1'),
	(139, '1ec08564dcc344018d6aaa910068f0f0', '部门管理', '授权部门权限', '/admin/position/{*}/depart', '2018-02-13 14:55:46', 'a1a2cb17b4f24e50bbde2f1b8a233bcb', '测试租户', '127.0.0.1'),
	(140, '1ec08564dcc344018d6aaa910068f0f0', '部门管理', '授权部门权限', '/admin/position/{*}/depart', '2018-02-13 14:55:51', 'a1a2cb17b4f24e50bbde2f1b8a233bcb', '测试租户', '127.0.0.1'),
	(141, '1ec08564dcc344018d6aaa910068f0f0', '部门管理', '授权部门权限', '/admin/position/{*}/depart', '2018-02-13 14:55:55', 'a1a2cb17b4f24e50bbde2f1b8a233bcb', '测试租户', '127.0.0.1'),
	(142, '1ec08564dcc344018d6aaa910068f0f0', '部门管理', '授权部门权限', '/admin/position/{*}/depart', '2018-02-13 14:57:51', 'a1a2cb17b4f24e50bbde2f1b8a233bcb', '测试租户', '127.0.0.1'),
	(143, '1ec08564dcc344018d6aaa910068f0f0', '部门管理', '新增部门值', '/admin/depart', '2018-02-13 14:57:53', 'a1a2cb17b4f24e50bbde2f1b8a233bcb', '测试租户', '127.0.0.1'),
	(144, '1ec08564dcc344018d6aaa910068f0f0', '部门管理', '授权部门权限', '/admin/position/{*}/depart', '2018-02-13 15:39:45', 'a1a2cb17b4f24e50bbde2f1b8a233bcb', '测试租户', '127.0.0.1'),
	(145, '1ec08564dcc344018d6aaa910068f0f0', '部门管理', '新增部门值', '/admin/depart', '2018-02-13 15:40:08', 'a1a2cb17b4f24e50bbde2f1b8a233bcb', '测试租户', '127.0.0.1'),
	(146, '1ec08564dcc344018d6aaa910068f0f0', '部门管理', '新增部门值', '/admin/depart', '2018-02-13 15:40:09', 'a1a2cb17b4f24e50bbde2f1b8a233bcb', '测试租户', '127.0.0.1'),
	(147, '1ec08564dcc344018d6aaa910068f0f0', '部门管理', '新增部门值', '/admin/depart', '2018-02-13 15:40:10', 'a1a2cb17b4f24e50bbde2f1b8a233bcb', '测试租户', '127.0.0.1'),
	(148, '1ec08564dcc344018d6aaa910068f0f0', '部门管理', '新增部门值', '/admin/depart', '2018-02-13 15:40:10', 'a1a2cb17b4f24e50bbde2f1b8a233bcb', '测试租户', '127.0.0.1'),
	(149, '1ec08564dcc344018d6aaa910068f0f0', '部门管理', '授权部门权限', '/admin/position/{*}/depart', '2018-02-13 15:40:41', 'a1a2cb17b4f24e50bbde2f1b8a233bcb', '测试租户', '127.0.0.1'),
	(150, '1ec08564dcc344018d6aaa910068f0f0', '部门管理', '授权部门权限', '/admin/position/{*}/depart', '2018-02-13 15:41:04', 'a1a2cb17b4f24e50bbde2f1b8a233bcb', '测试租户', '127.0.0.1'),
	(151, '1ec08564dcc344018d6aaa910068f0f0', '部门管理', '授权部门权限', '/admin/position/{*}/depart', '2018-02-13 15:41:08', 'a1a2cb17b4f24e50bbde2f1b8a233bcb', '测试租户', '127.0.0.1'),
	(152, '1ec08564dcc344018d6aaa910068f0f0', '部门管理', '授权部门权限', '/admin/position/{*}/depart', '2018-02-13 16:06:30', 'a1a2cb17b4f24e50bbde2f1b8a233bcb', '测试租户', '127.0.0.1'),
	(153, '1ec08564dcc344018d6aaa910068f0f0', '部门管理', '授权部门权限', '/admin/position/{*}/depart', '2018-02-13 16:06:44', 'a1a2cb17b4f24e50bbde2f1b8a233bcb', '测试租户', '127.0.0.1'),
	(154, '1ec08564dcc344018d6aaa910068f0f0', '部门管理', '分配岗位角色', '/admin/position/{*}/group', '2018-02-13 16:18:25', 'a1a2cb17b4f24e50bbde2f1b8a233bcb', '测试租户', '127.0.0.1'),
	(155, 'ac88ceb386aa4231b09bf472cb937c24', '租户管理', '编辑租户', '/admin/tenant', '2018-02-15 09:58:38', '1', 'Mr.AG', '127.0.0.1'),
	(156, '1ec08564dcc344018d6aaa910068f0f0', '部门管理', '分配岗位人员', '/admin/position/{*}/user', '2018-02-15 10:26:01', 'a1a2cb17b4f24e50bbde2f1b8a233bcb', '测试租户', '127.0.0.1'),
	(157, '1ec08564dcc344018d6aaa910068f0f0', '部门管理', '删除部门值', '/admin/depart', '2018-02-15 10:26:31', '59c28b8593c2472e99e54e3ed9b6efe8', '王小七', '127.0.0.1'),
	(158, '1ec08564dcc344018d6aaa910068f0f0', '部门管理', '删除部门值', '/admin/depart', '2018-02-15 10:26:36', '59c28b8593c2472e99e54e3ed9b6efe8', '王小七', '127.0.0.1'),
	(159, '1ec08564dcc344018d6aaa910068f0f0', '部门管理', '分配岗位人员', '/admin/position/{*}/user', '2018-02-15 10:29:54', 'a1a2cb17b4f24e50bbde2f1b8a233bcb', '测试租户', '127.0.0.1'),
	(160, 'ac88ceb386aa4231b09bf472cb937c24', '租户管理', '编辑租户', '/admin/tenant', '2018-02-15 10:57:12', '1', 'Mr.AG', '127.0.0.1'),
	(161, 'ac88ceb386aa4231b09bf472cb937c24', '部门管理', '新增岗位', '/admin/position', '2018-02-15 10:57:27', '1', 'Mr.AG', '127.0.0.1'),
	(162, 'ac88ceb386aa4231b09bf472cb937c24', '用户管理', '编辑', '/admin/user', '2018-02-15 13:46:32', '1', 'Mr.AG', '127.0.0.1'),
	(163, 'ac88ceb386aa4231b09bf472cb937c24', '角色权限管理', '新增', '/admin/group', '2018-02-15 13:46:44', '1', 'Mr.AG', '127.0.0.1'),
	(164, 'ac88ceb386aa4231b09bf472cb937c24', '部门管理', '授权部门权限', '/admin/position/{*}/depart', '2018-02-15 13:47:20', '1', 'Mr.AG', '127.0.0.1'),
	(165, 'ac88ceb386aa4231b09bf472cb937c24', '菜单管理', '新增', '/admin/menu', '2018-02-25 13:30:49', '1', 'Mr.AG', '127.0.0.1'),
	(166, 'ac88ceb386aa4231b09bf472cb937c24', '菜单管理', '新增元素', '/admin/element', '2018-02-25 13:42:23', '1', 'Mr.AG', '127.0.0.1'),
	(167, 'ac88ceb386aa4231b09bf472cb937c24', '菜单管理', '新增元素', '/admin/element', '2018-02-25 13:43:16', '1', 'Mr.AG', '127.0.0.1'),
	(168, 'ac88ceb386aa4231b09bf472cb937c24', '菜单管理', '新增元素', '/admin/element', '2018-02-25 13:46:18', '1', 'Mr.AG', '127.0.0.1'),
	(169, 'ac88ceb386aa4231b09bf472cb937c24', '菜单管理', '新增元素', '/admin/element', '2018-02-25 13:47:18', '1', 'Mr.AG', '127.0.0.1'),
	(170, 'ac88ceb386aa4231b09bf472cb937c24', '菜单管理', '编辑元素', '/admin/element', '2018-02-25 13:51:39', '1', 'Mr.AG', '127.0.0.1'),
	(171, 'ac88ceb386aa4231b09bf472cb937c24', '菜单管理', '编辑元素', '/admin/element', '2018-02-25 13:51:48', '1', 'Mr.AG', '127.0.0.1'),
	(172, 'ac88ceb386aa4231b09bf472cb937c24', '菜单管理', '编辑元素', '/admin/element', '2018-02-25 13:51:55', '1', 'Mr.AG', '127.0.0.1'),
	(173, 'ac88ceb386aa4231b09bf472cb937c24', '菜单管理', '编辑元素', '/admin/element', '2018-02-25 13:52:01', '1', 'Mr.AG', '127.0.0.1'),
	(174, 'ac88ceb386aa4231b09bf472cb937c24', '网关路由管理', '编辑路由', '/auth/gatewayRoute', '2018-02-25 14:29:44', '1', 'Mr.AG', '127.0.0.1'),
	(175, 'ac88ceb386aa4231b09bf472cb937c24', '网关路由管理', '编辑路由', '/auth/gatewayRoute', '2018-02-25 14:29:50', '1', 'Mr.AG', '127.0.0.1'),
	(176, 'ac88ceb386aa4231b09bf472cb937c24', '网关路由管理', '编辑路由', '/auth/gatewayRoute', '2018-02-25 14:29:54', '1', 'Mr.AG', '127.0.0.1'),
	(177, 'ac88ceb386aa4231b09bf472cb937c24', '网关路由管理', '禁用路由', '/auth/gatewayRoute', '2018-02-25 14:32:17', '1', 'Mr.AG', '127.0.0.1'),
	(178, 'ac88ceb386aa4231b09bf472cb937c24', '网关路由管理', '新建路由', '/auth/gatewayRoute', '2018-02-25 14:33:29', '1', 'Mr.AG', '127.0.0.1'),
	(179, 'ac88ceb386aa4231b09bf472cb937c24', '网关路由管理', '禁用路由', '/auth/gatewayRoute', '2018-02-25 14:36:33', '1', 'Mr.AG', '127.0.0.1'),
	(180, 'ac88ceb386aa4231b09bf472cb937c24', '网关路由管理', '编辑路由', '/auth/gatewayRoute', '2018-02-25 14:38:31', '1', 'Mr.AG', '127.0.0.1'),
	(181, 'ac88ceb386aa4231b09bf472cb937c24', '网关路由管理', '禁用路由', '/auth/gatewayRoute', '2018-02-25 14:40:37', '1', 'Mr.AG', '127.0.0.1'),
	(182, 'ac88ceb386aa4231b09bf472cb937c24', '网关路由管理', '编辑路由', '/auth/gatewayRoute', '2018-02-25 14:41:07', '1', 'Mr.AG', '127.0.0.1'),
	(183, 'ac88ceb386aa4231b09bf472cb937c24', '网关路由管理', '新建路由', '/auth/gatewayRoute', '2018-02-26 12:50:50', '1', 'Mr.AG', '127.0.0.1'),
	(184, 'ac88ceb386aa4231b09bf472cb937c24', '用户管理', '编辑', '/admin/user', '2018-03-10 13:19:09', '1', 'Mr.AG', '127.0.0.1'),
	(185, 'ac88ceb386aa4231b09bf472cb937c24', '用户管理', '编辑', '/admin/user', '2018-03-10 15:49:14', '1', 'Mr.AG', '127.0.0.1'),
	(186, 'ac88ceb386aa4231b09bf472cb937c24', '用户管理', '编辑', '/admin/user', '2018-03-10 15:50:16', '1', 'Mr.AG', '127.0.0.1'),
	(187, 'ac88ceb386aa4231b09bf472cb937c24', '用户管理', '新增', '/admin/user', '2018-03-11 09:15:58', '1', 'Mr.AG', '127.0.0.1'),
	(188, 'ac88ceb386aa4231b09bf472cb937c24', '用户管理', '新增', '/admin/user', '2018-03-11 09:16:05', '1', 'Mr.AG', '127.0.0.1'),
	(189, 'ac88ceb386aa4231b09bf472cb937c24', '用户管理', '新增', '/admin/user', '2018-03-11 09:16:13', '1', 'Mr.AG', '127.0.0.1'),
	(190, 'ac88ceb386aa4231b09bf472cb937c24', '用户管理', '新增', '/admin/user', '2018-03-11 09:16:28', '1', 'Mr.AG', '127.0.0.1'),
	(191, 'ac88ceb386aa4231b09bf472cb937c24', '用户管理', '新增', '/admin/user', '2018-03-11 09:21:04', '1', 'Mr.AG', '127.0.0.1'),
	(192, 'ac88ceb386aa4231b09bf472cb937c24', '用户管理', '新增', '/admin/user', '2018-03-11 09:21:56', '1', 'Mr.AG', '127.0.0.1'),
	(193, 'ac88ceb386aa4231b09bf472cb937c24', '用户管理', '新增', '/admin/user', '2018-03-11 09:22:47', '1', 'Mr.AG', '127.0.0.1'),
	(194, 'ac88ceb386aa4231b09bf472cb937c24', '用户管理', '新增', '/admin/user', '2018-03-11 09:23:16', '1', 'Mr.AG', '127.0.0.1'),
	(195, 'ac88ceb386aa4231b09bf472cb937c24', '用户管理', '新增', '/admin/user', '2018-03-11 09:23:52', '1', 'Mr.AG', '127.0.0.1'),
	(196, 'ac88ceb386aa4231b09bf472cb937c24', '用户管理', '新增', '/admin/user', '2018-03-11 09:30:17', '1', 'Mr.AG', '127.0.0.1'),
	(197, 'ac88ceb386aa4231b09bf472cb937c24', '用户管理', '新增', '/admin/user', '2018-03-11 09:33:01', '1', 'Mr.AG', '127.0.0.1'),
	(198, 'ac88ceb386aa4231b09bf472cb937c24', '用户管理', '新增', '/admin/user', '2018-03-11 09:33:28', '1', 'Mr.AG', '127.0.0.1'),
	(199, 'ac88ceb386aa4231b09bf472cb937c24', '用户管理', '新增', '/admin/user', '2018-03-11 09:34:48', '1', 'Mr.AG', '127.0.0.1'),
	(200, 'ac88ceb386aa4231b09bf472cb937c24', '用户管理', '新增', '/admin/user', '2018-03-11 09:36:10', '1', 'Mr.AG', '127.0.0.1'),
	(201, 'ac88ceb386aa4231b09bf472cb937c24', '服务权限管理', '编辑', '/auth/service', '2018-03-27 15:28:50', '1', 'Mr.AG', '127.0.0.1'),
	(202, 'ac88ceb386aa4231b09bf472cb937c24', '服务权限管理', '编辑', '/auth/service', '2018-03-27 15:28:56', '1', 'Mr.AG', '127.0.0.1'),
	(203, 'ac88ceb386aa4231b09bf472cb937c24', '用户管理', '新增', '/admin/user', '2018-03-28 20:11:04', '1', 'Mr.AG', '127.0.0.1'),
	(204, 'ac88ceb386aa4231b09bf472cb937c24', '菜单管理', '新增元素', '/admin/element', '2018-03-28 20:19:07', '1', 'Mr.AG', '127.0.0.1'),
	(205, 'ac88ceb386aa4231b09bf472cb937c24', '菜单管理', '新增元素', '/admin/element', '2018-03-28 20:19:54', '1', 'Mr.AG', '127.0.0.1'),
	(206, 'ac88ceb386aa4231b09bf472cb937c24', '菜单管理', '新增元素', '/admin/element', '2018-03-28 20:20:22', '1', 'Mr.AG', '127.0.0.1'),
	(207, 'ac88ceb386aa4231b09bf472cb937c24', '菜单管理', '新增元素', '/admin/element', '2018-03-28 20:20:47', '1', 'Mr.AG', '127.0.0.1'),
	(208, 'ac88ceb386aa4231b09bf472cb937c24', '数据字典', '新增字典目录', '/dict/dictType', '2018-04-04 18:56:29', '1', 'Mr.AG', '127.0.0.1'),
	(209, 'ac88ceb386aa4231b09bf472cb937c24', '数据字典', '新增字典值', '/dict/dictValue', '2018-04-04 18:57:26', '1', 'Mr.AG', '127.0.0.1'),
	(210, 'ac88ceb386aa4231b09bf472cb937c24', '数据字典', '新增字典值', '/dict/dictValue', '2018-04-04 18:57:38', '1', 'Mr.AG', '127.0.0.1'),
	(211, 'ac88ceb386aa4231b09bf472cb937c24', '用户管理', '新增', '/admin/user', '2018-04-04 19:43:50', '1', 'Mr.AG', '127.0.0.1'),
	(212, 'ac88ceb386aa4231b09bf472cb937c24', '部门管理', '删除部门人员', '/admin/depart/user', '2018-04-04 19:44:52', '1', 'Mr.AG', '127.0.0.1'),
	(213, 'ac88ceb386aa4231b09bf472cb937c24', '服务权限管理', '新增', '/auth/service', '2018-09-19 09:06:40', '1', 'Mr.AG', '127.0.0.1'),
	(214, 'ac88ceb386aa4231b09bf472cb937c24', '网关路由管理', '新建路由', '/auth/gatewayRoute', '2018-09-19 10:33:41', '1', 'Mr.AG', '127.0.0.1'),
	(215, 'ac88ceb386aa4231b09bf472cb937c24', '菜单管理', '新增', '/admin/menu', '2018-09-19 11:16:07', '1', 'Mr.AG', '127.0.0.1'),
	(216, 'ac88ceb386aa4231b09bf472cb937c24', '菜单管理', '新增', '/admin/menu', '2018-09-19 11:17:18', '1', 'Mr.AG', '127.0.0.1'),
	(217, 'ac88ceb386aa4231b09bf472cb937c24', '菜单管理', '新增元素', '/admin/element', '2018-09-19 11:20:13', '1', 'Mr.AG', '127.0.0.1'),
	(218, 'ac88ceb386aa4231b09bf472cb937c24', '菜单管理', '新增元素', '/admin/element', '2018-09-19 11:21:21', '1', 'Mr.AG', '127.0.0.1'),
	(219, 'ac88ceb386aa4231b09bf472cb937c24', '菜单管理', '新增元素', '/admin/element', '2018-09-19 11:22:39', '1', 'Mr.AG', '127.0.0.1'),
	(220, 'ac88ceb386aa4231b09bf472cb937c24', '菜单管理', '新增元素', '/admin/element', '2018-09-19 11:23:21', '1', 'Mr.AG', '127.0.0.1'),
	(221, 'ac88ceb386aa4231b09bf472cb937c24', '服务权限管理', '新增', '/auth/service', '2018-09-19 13:29:45', '1', 'Mr.AG', '127.0.0.1'),
	(222, 'ac88ceb386aa4231b09bf472cb937c24', '网关路由管理', '新建路由', '/auth/gatewayRoute', '2018-09-19 13:30:49', '1', 'Mr.AG', '127.0.0.1'),
	(223, 'ac88ceb386aa4231b09bf472cb937c24', '服务权限管理', '编辑', '/auth/service/{*}', '2018-09-19 14:05:06', '1', 'Mr.AG', '127.0.0.1'),
	(224, 'ac88ceb386aa4231b09bf472cb937c24', '服务权限管理', '新增', '/auth/service', '2018-09-19 14:10:16', '1', 'Mr.AG', '127.0.0.1'),
	(225, 'ac88ceb386aa4231b09bf472cb937c24', '网关路由管理', '新建路由', '/auth/gatewayRoute', '2018-09-19 14:11:19', '1', 'Mr.AG', '127.0.0.1'),
	(226, 'ac88ceb386aa4231b09bf472cb937c24', '网关路由管理', '编辑路由', '/auth/gatewayRoute/{*}', '2018-09-19 14:11:30', '1', 'Mr.AG', '127.0.0.1'),
	(227, 'ac88ceb386aa4231b09bf472cb937c24', '服务权限管理', '新增', '/auth/service', '2018-09-19 16:15:49', '1', 'Mr.AG', '127.0.0.1'),
	(228, 'ac88ceb386aa4231b09bf472cb937c24', '网关路由管理', '编辑路由', '/auth/gatewayRoute/{*}', '2018-09-19 16:50:09', '1', 'Mr.AG', '127.0.0.1'),
	(229, 'ac88ceb386aa4231b09bf472cb937c24', '网关路由管理', '编辑路由', '/auth/gatewayRoute/{*}', '2018-09-19 16:51:11', '1', 'Mr.AG', '127.0.0.1'),
	(230, 'ac88ceb386aa4231b09bf472cb937c24', '网关路由管理', '新建路由', '/auth/gatewayRoute', '2018-09-19 16:51:49', '1', 'Mr.AG', '127.0.0.1'),
	(231, 'ac88ceb386aa4231b09bf472cb937c24', '菜单管理', '编辑', '/admin/menu/{*}', '2018-09-19 16:52:55', '1', 'Mr.AG', '127.0.0.1'),
	(232, 'ac88ceb386aa4231b09bf472cb937c24', '菜单管理', '编辑', '/admin/menu/{*}', '2018-09-19 16:53:13', '1', 'Mr.AG', '127.0.0.1'),
	(233, 'ac88ceb386aa4231b09bf472cb937c24', '菜单管理', '编辑元素', '/admin/element/{*}', '2018-09-19 16:53:25', '1', 'Mr.AG', '127.0.0.1'),
	(234, 'ac88ceb386aa4231b09bf472cb937c24', '菜单管理', '编辑元素', '/admin/element/{*}', '2018-09-19 16:53:35', '1', 'Mr.AG', '127.0.0.1'),
	(235, 'ac88ceb386aa4231b09bf472cb937c24', '菜单管理', '编辑元素', '/admin/element/{*}', '2018-09-19 16:53:46', '1', 'Mr.AG', '127.0.0.1'),
	(236, 'ac88ceb386aa4231b09bf472cb937c24', '菜单管理', '编辑元素', '/admin/element/{*}', '2018-09-19 16:54:00', '1', 'Mr.AG', '127.0.0.1'),
	(237, 'ac88ceb386aa4231b09bf472cb937c24', '服务权限管理', '删除', '/auth/service/{*}', '2018-09-20 11:43:57', '1', 'Mr.AG', '127.0.0.1'),
	(238, 'ac88ceb386aa4231b09bf472cb937c24', '服务权限管理', '新增', '/auth/service', '2018-09-20 11:44:44', '1', 'Mr.AG', '127.0.0.1'),
	(239, 'ac88ceb386aa4231b09bf472cb937c24', '网关路由管理', '禁用路由', '/auth/gatewayRoute/{*}', '2018-09-20 11:45:52', '1', 'Mr.AG', '127.0.0.1'),
	(240, 'ac88ceb386aa4231b09bf472cb937c24', '网关路由管理', '禁用路由', '/auth/gatewayRoute/{*}', '2018-09-20 11:46:47', '1', 'Mr.AG', '127.0.0.1'),
	(241, 'ac88ceb386aa4231b09bf472cb937c24', '网关路由管理', '编辑路由', '/auth/gatewayRoute/{*}', '2018-09-20 11:47:49', '1', 'Mr.AG', '127.0.0.1'),
	(242, 'ac88ceb386aa4231b09bf472cb937c24', '网关路由管理', '编辑路由', '/auth/gatewayRoute/{*}', '2018-09-20 12:09:13', '1', 'Mr.AG', '127.0.0.1'),
	(243, 'ac88ceb386aa4231b09bf472cb937c24', '网关路由管理', '编辑路由', '/auth/gatewayRoute/{*}', '2018-09-20 12:11:56', '1', 'Mr.AG', '127.0.0.1'),
	(244, 'ac88ceb386aa4231b09bf472cb937c24', '网关路由管理', '编辑路由', '/auth/gatewayRoute/{*}', '2018-09-20 13:18:57', '1', 'Mr.AG', '127.0.0.1'),
	(245, 'ac88ceb386aa4231b09bf472cb937c24', '网关路由管理', '编辑路由', '/auth/gatewayRoute/{*}', '2018-09-20 13:21:10', '1', 'Mr.AG', '127.0.0.1'),
	(246, 'ac88ceb386aa4231b09bf472cb937c24', '网关路由管理', '新建路由', '/auth/gatewayRoute', '2018-09-20 14:05:55', '1', 'Mr.AG', '127.0.0.1'),
	(247, 'ac88ceb386aa4231b09bf472cb937c24', '服务权限管理', '新增', '/auth/service', '2018-09-20 14:33:06', '1', 'Mr.AG', '127.0.0.1'),
	(248, 'ac88ceb386aa4231b09bf472cb937c24', '网关路由管理', '新建路由', '/auth/gatewayRoute', '2018-09-20 14:34:13', '1', 'Mr.AG', '127.0.0.1'),
	(249, 'ac88ceb386aa4231b09bf472cb937c24', '网关路由管理', '编辑路由', '/auth/gatewayRoute/{*}', '2018-09-20 14:52:30', '1', 'Mr.AG', '127.0.0.1'),
	(250, 'ac88ceb386aa4231b09bf472cb937c24', '服务权限管理', '删除', '/auth/service/{*}', '2018-09-20 14:55:17', '1', 'Mr.AG', '127.0.0.1'),
	(251, 'ac88ceb386aa4231b09bf472cb937c24', '服务权限管理', '新增', '/auth/service', '2018-09-20 14:56:23', '1', 'Mr.AG', '127.0.0.1'),
	(252, 'ac88ceb386aa4231b09bf472cb937c24', '网关路由管理', '新建路由', '/auth/gatewayRoute', '2018-09-20 15:07:26', '1', 'Mr.AG', '127.0.0.1'),
	(253, 'ac88ceb386aa4231b09bf472cb937c24', '服务权限管理', '新增', '/auth/service', '2018-09-20 15:43:04', '1', 'Mr.AG', '127.0.0.1'),
	(254, 'ac88ceb386aa4231b09bf472cb937c24', '网关路由管理', '新建路由', '/auth/gatewayRoute', '2018-09-20 15:43:53', '1', 'Mr.AG', '127.0.0.1'),
	(255, 'ac88ceb386aa4231b09bf472cb937c24', '部门管理', '新增部门值', '/admin/depart', '2018-09-26 09:13:12', '1', 'Mr.AG', '127.0.0.1'),
	(256, 'ac88ceb386aa4231b09bf472cb937c24', '部门管理', '新增部门值', '/admin/depart', '2018-09-26 09:13:12', '1', 'Mr.AG', '127.0.0.1'),
	(257, 'ac88ceb386aa4231b09bf472cb937c24', '部门管理', '删除部门值', '/admin/depart/{*}', '2018-09-26 09:13:18', '1', 'Mr.AG', '127.0.0.1'),
	(258, 'ac88ceb386aa4231b09bf472cb937c24', '部门管理', '新增部门值', '/admin/depart', '2018-09-26 09:13:23', '1', 'Mr.AG', '127.0.0.1'),
	(259, 'ac88ceb386aa4231b09bf472cb937c24', '部门管理', '删除部门值', '/admin/depart/{*}', '2018-09-26 09:13:25', '1', 'Mr.AG', '127.0.0.1'),
	(260, 'ac88ceb386aa4231b09bf472cb937c24', '部门管理', '编辑部门值', '/admin/depart/{*}', '2018-09-26 09:13:59', '1', 'Mr.AG', '127.0.0.1'),
	(261, 'ac88ceb386aa4231b09bf472cb937c24', '部门管理', '新增部门值', '/admin/depart', '2018-09-26 09:14:02', '1', 'Mr.AG', '127.0.0.1'),
	(262, 'ac88ceb386aa4231b09bf472cb937c24', '部门管理', '编辑部门值', '/admin/depart/{*}', '2018-09-26 09:14:24', '1', 'Mr.AG', '127.0.0.1'),
	(263, 'ac88ceb386aa4231b09bf472cb937c24', '部门管理', '新增部门人员', '/admin/depart/user', '2018-09-26 09:15:30', '1', 'Mr.AG', '127.0.0.1'),
	(264, 'ac88ceb386aa4231b09bf472cb937c24', '部门管理', '新增部门人员', '/admin/depart/user', '2018-09-26 09:15:36', '1', 'Mr.AG', '127.0.0.1'),
	(265, 'ac88ceb386aa4231b09bf472cb937c24', '用户管理', '新增', '/admin/user', '2018-09-26 09:16:29', '1', 'Mr.AG', '127.0.0.1'),
	(266, 'ac88ceb386aa4231b09bf472cb937c24', '部门管理', '新增部门人员', '/admin/depart/user', '2018-09-26 09:18:30', '1', 'Mr.AG', '127.0.0.1'),
	(267, 'ac88ceb386aa4231b09bf472cb937c24', '部门管理', '新增部门人员', '/admin/depart/user', '2018-09-26 09:18:47', '1', 'Mr.AG', '127.0.0.1'),
	(268, 'ac88ceb386aa4231b09bf472cb937c24', '部门管理', '删除部门值', '/admin/depart/{*}', '2018-09-26 09:18:50', '1', 'Mr.AG', '127.0.0.1'),
	(269, 'ac88ceb386aa4231b09bf472cb937c24', '部门管理', '新增岗位', '/admin/position', '2018-09-26 09:22:28', '1', 'Mr.AG', '127.0.0.1'),
	(270, 'ac88ceb386aa4231b09bf472cb937c24', '部门管理', '新增岗位', '/admin/position', '2018-09-26 09:23:07', '1', 'Mr.AG', '127.0.0.1'),
	(271, 'ac88ceb386aa4231b09bf472cb937c24', '部门管理', '分配岗位人员', '/admin/position/{*}/user', '2018-09-26 09:23:25', '1', 'Mr.AG', '127.0.0.1'),
	(272, 'ac88ceb386aa4231b09bf472cb937c24', '部门管理', '分配岗位角色', '/admin/position/{*}/group', '2018-09-26 09:25:31', '1', 'Mr.AG', '127.0.0.1'),
	(273, 'ac88ceb386aa4231b09bf472cb937c24', '部门管理', '授权部门权限', '/admin/position/{*}/depart', '2018-09-26 09:26:29', '1', 'Mr.AG', '127.0.0.1'),
	(274, 'ac88ceb386aa4231b09bf472cb937c24', '角色权限管理', '分配用户', '/admin/group/{*}/user', '2018-09-26 09:27:35', '1', 'Mr.AG', '127.0.0.1'),
	(275, 'ac88ceb386aa4231b09bf472cb937c24', '角色权限管理', '新增', '/admin/group', '2018-09-26 09:32:55', '1', 'Mr.AG', '127.0.0.1'),
	(276, 'ac88ceb386aa4231b09bf472cb937c24', '角色权限管理', '分配用户', '/admin/group/{*}/user', '2018-09-26 09:33:04', '1', 'Mr.AG', '127.0.0.1'),
	(277, 'ac88ceb386aa4231b09bf472cb937c24', '部门管理', '分配岗位角色', '/admin/position/{*}/group', '2018-09-26 09:33:39', '1', 'Mr.AG', '127.0.0.1'),
	(278, 'ac88ceb386aa4231b09bf472cb937c24', '部门管理', '授权部门权限', '/admin/position/{*}/depart', '2018-09-26 09:34:21', '1', 'Mr.AG', '127.0.0.1'),
	(279, 'ac88ceb386aa4231b09bf472cb937c24', '部门管理', '分配岗位角色', '/admin/position/{*}/group', '2018-09-26 09:34:29', '1', 'Mr.AG', '127.0.0.1'),
	(280, 'ac88ceb386aa4231b09bf472cb937c24', '服务权限管理', '新增', '/auth/service', '2018-09-26 14:30:36', '1', 'Mr.AG', '127.0.0.1'),
	(281, 'ac88ceb386aa4231b09bf472cb937c24', '服务权限管理', '删除', '/auth/service/{*}', '2018-09-26 15:01:24', '1', 'woozoom', '127.0.0.1'),
	(282, 'ac88ceb386aa4231b09bf472cb937c24', '服务权限管理', '新增', '/auth/service', '2018-09-26 15:01:46', '1', 'woozoom', '127.0.0.1'),
	(283, 'ac88ceb386aa4231b09bf472cb937c24', '服务权限管理', '新增', '/auth/service', '2018-09-26 15:52:49', '1', 'Mr.AG', '127.0.0.1'),
	(284, 'ac88ceb386aa4231b09bf472cb937c24', '菜单管理', '新增', '/admin/menu', '2018-09-26 16:33:21', '1', 'Mr.AG', '127.0.0.1'),
	(285, 'ac88ceb386aa4231b09bf472cb937c24', '菜单管理', '删除', '/admin/menu/{*}', '2018-09-26 16:33:46', '1', 'Mr.AG', '127.0.0.1'),
	(286, 'ac88ceb386aa4231b09bf472cb937c24', '菜单管理', '新增', '/admin/menu', '2018-09-26 16:49:29', '1', 'Mr.AG', '127.0.0.1'),
	(287, 'ac88ceb386aa4231b09bf472cb937c24', '菜单管理', '新增', '/admin/menu', '2018-09-26 16:56:50', '1', 'Mr.AG', '127.0.0.1'),
	(288, 'ac88ceb386aa4231b09bf472cb937c24', '网关路由管理', '新建路由', '/auth/gatewayRoute', '2018-09-26 16:57:57', '1', 'Mr.AG', '127.0.0.1'),
	(289, 'ac88ceb386aa4231b09bf472cb937c24', '服务权限管理', '删除', '/auth/service/{*}', '2018-09-26 16:58:44', '1', 'Mr.AG', '127.0.0.1'),
	(290, 'ac88ceb386aa4231b09bf472cb937c24', '菜单管理', '编辑', '/admin/menu/{*}', '2018-09-26 17:08:21', '1', 'Mr.AG', '127.0.0.1'),
	(291, 'ac88ceb386aa4231b09bf472cb937c24', '菜单管理', '编辑', '/admin/menu/{*}', '2018-09-26 17:12:45', '1', 'Mr.AG', '127.0.0.1'),
	(292, 'ac88ceb386aa4231b09bf472cb937c24', '菜单管理', '编辑', '/admin/menu/{*}', '2018-09-26 17:12:49', '1', 'Mr.AG', '127.0.0.1'),
	(293, 'ac88ceb386aa4231b09bf472cb937c24', '菜单管理', '编辑', '/admin/menu/{*}', '2018-09-26 17:13:26', '1', 'Mr.AG', '127.0.0.1'),
	(294, 'ac88ceb386aa4231b09bf472cb937c24', '菜单管理', '新增', '/admin/menu', '2018-09-27 09:30:19', '1', 'Mr.AG', '127.0.0.1'),
	(295, 'ac88ceb386aa4231b09bf472cb937c24', '菜单管理', '删除', '/admin/menu/{*}', '2018-09-27 09:31:05', '1', 'Mr.AG', '127.0.0.1'),
	(296, 'ac88ceb386aa4231b09bf472cb937c24', '菜单管理', '新增', '/admin/menu', '2018-09-27 09:47:42', '1', 'Mr.AG', '172.20.6.26'),
	(297, 'ac88ceb386aa4231b09bf472cb937c24', '菜单管理', '编辑', '/admin/menu/{*}', '2018-09-27 09:48:34', '1', 'Mr.AG', '127.0.0.1'),
	(298, 'ac88ceb386aa4231b09bf472cb937c24', '菜单管理', '编辑', '/admin/menu/{*}', '2018-09-27 09:49:17', '1', 'Mr.AG', '127.0.0.1'),
	(299, 'ac88ceb386aa4231b09bf472cb937c24', '菜单管理', '新增', '/admin/menu', '2018-09-27 09:49:22', '1', 'Mr.AG', '172.20.6.26'),
	(300, 'ac88ceb386aa4231b09bf472cb937c24', '菜单管理', '编辑', '/admin/menu/{*}', '2018-09-27 09:51:36', '1', 'Mr.AG', '172.20.6.26'),
	(301, 'ac88ceb386aa4231b09bf472cb937c24', '菜单管理', '编辑', '/admin/menu/{*}', '2018-09-27 09:55:56', '1', 'Mr.AG', '127.0.0.1'),
	(302, 'ac88ceb386aa4231b09bf472cb937c24', '菜单管理', '编辑', '/admin/menu/{*}', '2018-09-27 09:58:03', '1', 'Mr.AG', '127.0.0.1'),
	(303, 'ac88ceb386aa4231b09bf472cb937c24', '菜单管理', '编辑', '/admin/menu/{*}', '2018-09-27 09:58:11', '1', 'Mr.AG', '127.0.0.1'),
	(304, 'ac88ceb386aa4231b09bf472cb937c24', '菜单管理', '新增', '/admin/menu', '2018-09-27 10:00:14', '1', 'Mr.AG', '127.0.0.1'),
	(305, 'ac88ceb386aa4231b09bf472cb937c24', '菜单管理', '新增', '/admin/menu', '2018-09-27 10:02:17', '1', 'Mr.AG', '127.0.0.1'),
	(306, 'ac88ceb386aa4231b09bf472cb937c24', '菜单管理', '删除', '/admin/menu/{*}', '2018-09-27 10:04:16', '1', 'Mr.AG', '127.0.0.1'),
	(307, 'ac88ceb386aa4231b09bf472cb937c24', '菜单管理', '删除', '/admin/menu/{*}', '2018-09-27 10:04:23', '1', 'Mr.AG', '127.0.0.1'),
	(308, 'ac88ceb386aa4231b09bf472cb937c24', '菜单管理', '新增', '/admin/menu', '2018-09-27 10:10:54', '1', 'Mr.AG', '127.0.0.1'),
	(309, 'ac88ceb386aa4231b09bf472cb937c24', '菜单管理', '新增', '/admin/menu', '2018-09-27 10:10:59', '1', 'Mr.AG', '127.0.0.1'),
	(310, 'ac88ceb386aa4231b09bf472cb937c24', '菜单管理', '编辑', '/admin/menu/{*}', '2018-09-27 10:11:53', '1', 'Mr.AG', '127.0.0.1'),
	(311, 'ac88ceb386aa4231b09bf472cb937c24', '菜单管理', '编辑', '/admin/menu/{*}', '2018-09-27 10:12:11', '1', 'Mr.AG', '127.0.0.1'),
	(312, 'ac88ceb386aa4231b09bf472cb937c24', '菜单管理', '删除', '/admin/menu/{*}', '2018-09-27 10:12:37', '1', 'Mr.AG', '127.0.0.1'),
	(313, 'ac88ceb386aa4231b09bf472cb937c24', '菜单管理', '删除', '/admin/menu/{*}', '2018-09-27 10:12:39', '1', 'Mr.AG', '127.0.0.1'),
	(314, 'ac88ceb386aa4231b09bf472cb937c24', '菜单管理', '删除', '/admin/menu/{*}', '2018-09-27 10:12:45', '1', 'Mr.AG', '127.0.0.1'),
	(315, 'ac88ceb386aa4231b09bf472cb937c24', '菜单管理', '删除', '/admin/menu/{*}', '2018-09-27 10:12:43', '1', 'Mr.AG', '127.0.0.1'),
	(316, 'ac88ceb386aa4231b09bf472cb937c24', '菜单管理', '新增', '/admin/menu', '2018-09-27 10:13:31', '1', 'Mr.AG', '127.0.0.1'),
	(317, 'ac88ceb386aa4231b09bf472cb937c24', '服务权限管理', '新增', '/auth/service', '2018-09-27 10:14:41', '1', 'Mr.AG', '172.20.6.26'),
	(318, 'ac88ceb386aa4231b09bf472cb937c24', '菜单管理', '新增', '/admin/menu', '2018-09-27 10:14:50', '1', 'Mr.AG', '127.0.0.1'),
	(319, 'ac88ceb386aa4231b09bf472cb937c24', '菜单管理', '新增', '/admin/menu', '2018-09-27 10:15:43', '1', 'Mr.AG', '127.0.0.1'),
	(320, 'ac88ceb386aa4231b09bf472cb937c24', '菜单管理', '新增', '/admin/menu', '2018-09-27 10:16:50', '1', 'Mr.AG', '127.0.0.1'),
	(321, 'ac88ceb386aa4231b09bf472cb937c24', '菜单管理', '新增元素', '/admin/element', '2018-09-27 10:18:03', '1', 'Mr.AG', '127.0.0.1'),
	(322, 'ac88ceb386aa4231b09bf472cb937c24', '菜单管理', '编辑元素', '/admin/element/{*}', '2018-09-27 10:19:31', '1', 'Mr.AG', '127.0.0.1'),
	(323, 'ac88ceb386aa4231b09bf472cb937c24', '菜单管理', '新增元素', '/admin/element', '2018-09-27 10:20:24', '1', 'Mr.AG', '127.0.0.1'),
	(324, 'ac88ceb386aa4231b09bf472cb937c24', '菜单管理', '编辑元素', '/admin/element/{*}', '2018-09-27 10:20:51', '1', 'Mr.AG', '127.0.0.1'),
	(325, 'ac88ceb386aa4231b09bf472cb937c24', '菜单管理', '编辑元素', '/admin/element/{*}', '2018-09-27 10:20:56', '1', 'Mr.AG', '127.0.0.1'),
	(326, 'ac88ceb386aa4231b09bf472cb937c24', '网关路由管理', '新建路由', '/auth/gatewayRoute', '2018-09-27 10:25:15', '1', 'Mr.AG', '172.20.6.26'),
	(327, 'ac88ceb386aa4231b09bf472cb937c24', '服务权限管理', '新增', '/auth/service', '2018-09-27 10:41:28', '1', 'Mr.AG', '127.0.0.1'),
	(328, 'ac88ceb386aa4231b09bf472cb937c24', '网关路由管理', '新建路由', '/auth/gatewayRoute', '2018-09-27 10:44:40', '1', 'Mr.AG', '127.0.0.1'),
	(329, 'ac88ceb386aa4231b09bf472cb937c24', '搞快点', 'xinzeng', '/zzj/yyy', '2018-09-27 10:49:30', '1', 'Mr.AG', '127.0.0.1'),
	(330, 'ac88ceb386aa4231b09bf472cb937c24', '搞快点', 'xinzeng', '/zzj/yyy', '2018-09-27 10:49:40', '1', 'Mr.AG', '127.0.0.1'),
	(331, 'ac88ceb386aa4231b09bf472cb937c24', '搞快点', 'xinzeng', '/zzj/yyy', '2018-09-27 10:49:57', '1', 'Mr.AG', '127.0.0.1'),
	(332, 'ac88ceb386aa4231b09bf472cb937c24', '搞快点', 'xinzeng', '/zzj/yyy', '2018-09-27 10:50:04', '1', 'Mr.AG', '127.0.0.1'),
	(333, 'ac88ceb386aa4231b09bf472cb937c24', '搞快点', 'xinzeng', '/zzj/yyy', '2018-09-27 10:50:08', '1', 'Mr.AG', '127.0.0.1'),
	(334, 'ac88ceb386aa4231b09bf472cb937c24', '菜单管理', '新增元素', '/admin/element', '2018-09-27 11:13:57', '1', 'woozoom', '127.0.0.1'),
	(335, 'ac88ceb386aa4231b09bf472cb937c24', '搞快点', 'xinzeng', '/zzj/yyy', '2018-09-27 11:14:22', '1', 'woozoom', '127.0.0.1'),
	(336, 'ac88ceb386aa4231b09bf472cb937c24', '部门管理', '新增部门值', '/admin/depart', '2018-09-27 11:34:36', '1', 'woozoom', '127.0.0.1'),
	(337, 'ac88ceb386aa4231b09bf472cb937c24', '部门管理', '新增部门值', '/admin/depart', '2018-09-27 11:34:37', '1', 'woozoom', '127.0.0.1'),
	(338, 'ac88ceb386aa4231b09bf472cb937c24', '部门管理', '新增部门值', '/admin/depart', '2018-09-27 11:34:38', '1', 'woozoom', '127.0.0.1'),
	(339, 'ac88ceb386aa4231b09bf472cb937c24', '部门管理', '新增部门值', '/admin/depart', '2018-09-27 11:34:39', '1', 'woozoom', '127.0.0.1'),
	(340, 'ac88ceb386aa4231b09bf472cb937c24', '部门管理', '删除部门值', '/admin/depart/{*}', '2018-09-27 11:34:41', '1', 'woozoom', '127.0.0.1'),
	(341, 'ac88ceb386aa4231b09bf472cb937c24', '部门管理', '删除部门值', '/admin/depart/{*}', '2018-09-27 11:34:44', '1', 'woozoom', '127.0.0.1'),
	(342, 'ac88ceb386aa4231b09bf472cb937c24', '部门管理', '删除部门值', '/admin/depart/{*}', '2018-09-27 11:34:45', '1', 'woozoom', '127.0.0.1'),
	(343, 'ac88ceb386aa4231b09bf472cb937c24', '服务权限管理', '编辑', '/auth/service/{*}', '2018-09-27 13:16:14', '1', 'Mr.AG', '127.0.0.1'),
	(344, 'ac88ceb386aa4231b09bf472cb937c24', '部门管理', '新增部门值', '/admin/depart', '2018-09-27 13:52:50', '1', 'woozoom', '127.0.0.1'),
	(345, 'ac88ceb386aa4231b09bf472cb937c24', '菜单管理', '编辑', '/admin/menu/{*}', '2018-09-27 13:53:02', '1', 'woozoom', '127.0.0.1'),
	(346, 'ac88ceb386aa4231b09bf472cb937c24', '部门管理', '编辑部门值', '/admin/depart/{*}', '2018-09-27 13:53:10', '1', 'woozoom', '127.0.0.1'),
	(347, 'ac88ceb386aa4231b09bf472cb937c24', '部门管理', '编辑部门值', '/admin/depart/{*}', '2018-09-27 13:53:19', '1', 'woozoom', '127.0.0.1'),
	(348, 'ac88ceb386aa4231b09bf472cb937c24', '部门管理', '编辑部门值', '/admin/depart/{*}', '2018-09-27 13:57:36', '1', 'woozoom', '127.0.0.1'),
	(349, 'ac88ceb386aa4231b09bf472cb937c24', '部门管理', '新增部门值', '/admin/depart', '2018-09-27 14:03:16', '1', 'woozoom', '127.0.0.1'),
	(350, 'ac88ceb386aa4231b09bf472cb937c24', '部门管理', '编辑部门值', '/admin/depart/{*}', '2018-09-27 14:04:28', '1', 'woozoom', '127.0.0.1'),
	(351, 'ac88ceb386aa4231b09bf472cb937c24', '部门管理', '新增部门值', '/admin/depart', '2018-09-27 14:04:32', '1', 'woozoom', '127.0.0.1'),
	(352, 'ac88ceb386aa4231b09bf472cb937c24', '部门管理', '编辑部门值', '/admin/depart/{*}', '2018-09-27 14:04:58', '1', 'woozoom', '127.0.0.1'),
	(353, 'ac88ceb386aa4231b09bf472cb937c24', '部门管理', '新增部门值', '/admin/depart', '2018-09-27 14:05:04', '1', 'woozoom', '127.0.0.1'),
	(354, 'ac88ceb386aa4231b09bf472cb937c24', '部门管理', '编辑部门值', '/admin/depart/{*}', '2018-09-27 14:08:47', '1', 'woozoom', '127.0.0.1'),
	(355, 'ac88ceb386aa4231b09bf472cb937c24', '部门管理', '新增岗位', '/admin/position', '2018-09-27 14:19:25', '1', 'Mr.AG', '127.0.0.1'),
	(356, 'ac88ceb386aa4231b09bf472cb937c24', '部门管理', '新增岗位', '/admin/position', '2018-09-27 14:20:11', '1', 'Mr.AG', '127.0.0.1'),
	(357, 'ac88ceb386aa4231b09bf472cb937c24', '部门管理', '新增岗位', '/admin/position', '2018-09-27 14:20:29', '1', 'Mr.AG', '127.0.0.1'),
	(358, 'ac88ceb386aa4231b09bf472cb937c24', '部门管理', '新增岗位', '/admin/position', '2018-09-27 14:20:48', '1', 'Mr.AG', '127.0.0.1'),
	(359, 'ac88ceb386aa4231b09bf472cb937c24', '部门管理', '新增部门值', '/admin/depart', '2018-09-27 14:21:02', '1', 'Mr.AG', '127.0.0.1'),
	(360, 'ac88ceb386aa4231b09bf472cb937c24', '部门管理', '删除部门值', '/admin/depart/{*}', '2018-09-27 14:21:13', '1', 'Mr.AG', '127.0.0.1'),
	(361, 'ac88ceb386aa4231b09bf472cb937c24', '角色权限管理', '新增', '/admin/group', '2018-09-27 14:22:50', '1', 'Mr.AG', '127.0.0.1'),
	(362, 'ac88ceb386aa4231b09bf472cb937c24', '角色权限管理', '删除', '/admin/group/{*}', '2018-09-27 14:22:57', '1', 'Mr.AG', '127.0.0.1'),
	(363, 'ac88ceb386aa4231b09bf472cb937c24', '角色权限管理', '新增', '/admin/group', '2018-09-27 14:23:09', '1', 'Mr.AG', '127.0.0.1'),
	(364, 'ac88ceb386aa4231b09bf472cb937c24', '角色权限管理', '新增', '/admin/group', '2018-09-27 14:23:39', '1', 'Mr.AG', '127.0.0.1'),
	(365, 'ac88ceb386aa4231b09bf472cb937c24', '角色权限管理', '新增', '/admin/group', '2018-09-27 14:24:03', '1', 'Mr.AG', '127.0.0.1'),
	(366, 'ac88ceb386aa4231b09bf472cb937c24', '角色权限管理', '新增', '/admin/group', '2018-09-27 14:26:33', '1', 'woozoom', '127.0.0.1'),
	(367, 'ac88ceb386aa4231b09bf472cb937c24', '用户管理', '新增', '/admin/user', '2018-09-27 14:28:50', '1', 'woozoom', '127.0.0.1'),
	(368, 'ac88ceb386aa4231b09bf472cb937c24', '用户管理', '新增', '/admin/user', '2018-09-27 14:29:55', '1', 'woozoom', '127.0.0.1'),
	(369, 'ac88ceb386aa4231b09bf472cb937c24', '用户管理', '编辑', '/admin/user/{*}', '2018-09-27 14:30:04', '1', 'woozoom', '127.0.0.1'),
	(370, 'ac88ceb386aa4231b09bf472cb937c24', '用户管理', '新增', '/admin/user', '2018-09-27 14:30:29', '1', 'woozoom', '127.0.0.1'),
	(371, 'ac88ceb386aa4231b09bf472cb937c24', '用户管理', '新增', '/admin/user', '2018-09-27 14:30:58', '1', 'woozoom', '127.0.0.1'),
	(372, 'ac88ceb386aa4231b09bf472cb937c24', '角色权限管理', '分配菜单', '/admin/group/{*}/authority/menu', '2018-09-27 14:31:58', '1', 'woozoom', '127.0.0.1'),
	(373, 'ac88ceb386aa4231b09bf472cb937c24', '菜单管理', '编辑', '/admin/menu/{*}', '2018-09-27 14:45:00', '1', 'woozoom', '127.0.0.1'),
	(374, 'ac88ceb386aa4231b09bf472cb937c24', '菜单管理', '编辑', '/admin/menu/{*}', '2018-09-27 14:51:41', '1', 'woozoom', '127.0.0.1'),
	(375, 'ac88ceb386aa4231b09bf472cb937c24', '角色权限管理', '分配菜单', '/admin/group/{*}/authority/menu', '2018-09-27 14:57:36', '1', 'woozoom', '127.0.0.1'),
	(376, 'ac88ceb386aa4231b09bf472cb937c24', '角色权限管理', '分配菜单', '/admin/group/{*}/authority/menu', '2018-09-27 14:58:05', '1', 'woozoom', '127.0.0.1'),
	(377, 'ac88ceb386aa4231b09bf472cb937c24', '角色权限管理', '分配菜单', '/admin/group/{*}/authority/menu', '2018-09-27 14:58:19', '1', 'woozoom', '127.0.0.1'),
	(378, 'ac88ceb386aa4231b09bf472cb937c24', '角色权限管理', '编辑', '/admin/group/{*}', '2018-09-27 14:59:28', '1', 'woozoom', '127.0.0.1'),
	(379, 'ac88ceb386aa4231b09bf472cb937c24', '角色权限管理', '编辑', '/admin/group/{*}', '2018-09-27 14:59:31', '1', 'woozoom', '127.0.0.1'),
	(380, 'ac88ceb386aa4231b09bf472cb937c24', '角色权限管理', '编辑', '/admin/group/{*}', '2018-09-27 14:59:33', '1', 'woozoom', '127.0.0.1'),
	(381, 'ac88ceb386aa4231b09bf472cb937c24', '角色权限管理', '编辑', '/admin/group/{*}', '2018-09-27 14:59:37', '1', 'woozoom', '127.0.0.1'),
	(382, 'ac88ceb386aa4231b09bf472cb937c24', '菜单管理', '编辑', '/admin/menu/{*}', '2018-09-27 15:07:51', '1', 'Mr.AG', '127.0.0.1'),
	(383, 'ac88ceb386aa4231b09bf472cb937c24', '菜单管理', '编辑', '/admin/menu/{*}', '2018-09-27 15:13:38', '1', 'woozoom', '127.0.0.1'),
	(384, 'ac88ceb386aa4231b09bf472cb937c24', '菜单管理', '编辑', '/admin/menu/{*}', '2018-09-27 15:31:59', '1', 'woozoom', '127.0.0.1'),
	(385, 'ac88ceb386aa4231b09bf472cb937c24', '菜单管理', '编辑', '/admin/menu/{*}', '2018-09-27 15:39:56', '1', 'woozoom', '127.0.0.1'),
	(386, 'ac88ceb386aa4231b09bf472cb937c24', '菜单管理', '删除元素', '/admin/element/{*}', '2018-09-27 15:47:14', '1', 'woozoom', '127.0.0.1'),
	(387, 'ac88ceb386aa4231b09bf472cb937c24', '菜单管理', '编辑', '/admin/menu/{*}', '2018-09-27 15:54:01', '1', 'woozoom', '127.0.0.1'),
	(388, 'ac88ceb386aa4231b09bf472cb937c24', '菜单管理', '编辑', '/admin/menu/{*}', '2018-09-27 16:06:11', '1', 'woozoom', '127.0.0.1'),
	(389, 'ac88ceb386aa4231b09bf472cb937c24', '用户管理', '编辑', '/admin/user/{*}', '2018-09-27 16:15:02', '1', 'Mr.AG', '127.0.0.1'),
	(390, 'ac88ceb386aa4231b09bf472cb937c24', '用户管理', '编辑', '/admin/user/{*}', '2018-09-27 16:15:06', '1', 'Mr.AG', '127.0.0.1'),
	(391, 'ac88ceb386aa4231b09bf472cb937c24', '用户管理', '编辑', '/admin/user/{*}', '2018-09-27 16:15:11', '1', 'Mr.AG', '127.0.0.1'),
	(392, 'ac88ceb386aa4231b09bf472cb937c24', '用户管理', '编辑', '/admin/user/{*}', '2018-09-27 16:15:15', '1', 'Mr.AG', '127.0.0.1'),
	(393, 'ac88ceb386aa4231b09bf472cb937c24', '角色权限管理', '分配用户', '/admin/group/{*}/user', '2018-09-27 16:23:59', '1', 'Mr.AG', '127.0.0.1'),
	(394, 'ac88ceb386aa4231b09bf472cb937c24', '服务权限管理', '新增', '/auth/service', '2018-09-27 16:29:06', '1', 'Mr.AG', '127.0.0.1'),
	(395, 'ac88ceb386aa4231b09bf472cb937c24', '菜单管理', '新增', '/admin/menu', '2018-09-27 16:31:24', '133907e6217941a4a7628e127982e4b0', '唯一带哥用户', '127.0.0.1'),
	(396, 'ac88ceb386aa4231b09bf472cb937c24', '菜单管理', '删除', '/admin/menu/{*}', '2018-09-27 16:31:57', '1', 'Mr.AG', '127.0.0.1'),
	(397, 'ac88ceb386aa4231b09bf472cb937c24', '菜单管理', '编辑', '/admin/menu/{*}', '2018-09-27 16:35:06', '1', 'woozoom', '127.0.0.1'),
	(398, 'ac88ceb386aa4231b09bf472cb937c24', '角色权限管理', '分配菜单', '/admin/group/{*}/authority/menu', '2018-09-27 16:44:52', '1', 'Mr.AG', '127.0.0.1'),
	(399, 'ac88ceb386aa4231b09bf472cb937c24', '角色权限管理', '分配用户', '/admin/group/{*}/user', '2018-09-27 16:45:00', '1', 'Mr.AG', '127.0.0.1'),
	(400, 'ac88ceb386aa4231b09bf472cb937c24', '角色权限管理', '菜单下发', '/admin/group/{*}/authorize/menu', '2018-09-27 16:48:01', '1', 'Mr.AG', '127.0.0.1'),
	(401, 'ac88ceb386aa4231b09bf472cb937c24', '搞快点', 'xinzeng', '/zzj/yyy', '2018-09-27 16:49:53', '133907e6217941a4a7628e127982e4b0', '唯一带哥用户', '127.0.0.1'),
	(402, 'ac88ceb386aa4231b09bf472cb937c24', '搞快点', 'xinzeng', '/zzj/yyy', '2018-09-27 16:52:07', '133907e6217941a4a7628e127982e4b0', '唯一带哥用户', '127.0.0.1'),
	(403, 'ac88ceb386aa4231b09bf472cb937c24', '搞快点', 'bianji', '/zzj/yyy/{*}', '2018-09-27 16:52:14', '133907e6217941a4a7628e127982e4b0', '唯一带哥用户', '127.0.0.1'),
	(404, 'ac88ceb386aa4231b09bf472cb937c24', '菜单管理', '新增元素', '/admin/element', '2018-09-27 16:53:04', '133907e6217941a4a7628e127982e4b0', '唯一带哥用户', '127.0.0.1'),
	(405, 'ac88ceb386aa4231b09bf472cb937c24', '菜单管理', '新增元素', '/admin/element', '2018-09-27 16:52:55', '1', 'Mr.AG', '172.20.6.26'),
	(406, 'ac88ceb386aa4231b09bf472cb937c24', '菜单管理', '新增元素', '/admin/element', '2018-09-27 16:53:01', '1', 'Mr.AG', '172.20.6.26'),
	(407, 'ac88ceb386aa4231b09bf472cb937c24', '菜单管理', '删除元素', '/admin/element/{*}', '2018-09-27 16:53:12', '1', 'Mr.AG', '172.20.6.26'),
	(408, 'ac88ceb386aa4231b09bf472cb937c24', '菜单管理', '新增元素', '/admin/element', '2018-09-27 16:53:41', '1', 'Mr.AG', '172.20.6.26'),
	(409, 'ac88ceb386aa4231b09bf472cb937c24', '菜单管理', '编辑元素', '/admin/element/{*}', '2018-09-27 16:54:13', '1', 'Mr.AG', '172.20.6.26'),
	(410, 'ac88ceb386aa4231b09bf472cb937c24', '菜单管理', '编辑元素', '/admin/element/{*}', '2018-09-27 16:54:20', '1', 'Mr.AG', '172.20.6.26'),
	(411, 'ac88ceb386aa4231b09bf472cb937c24', '菜单管理', '新增元素', '/admin/element', '2018-09-27 16:54:44', '1', 'Mr.AG', '172.20.6.26'),
	(412, 'ac88ceb386aa4231b09bf472cb937c24', '员工花名册', '添加', '/custom/empInfo', '2018-09-27 16:56:47', '1', 'Mr.AG', '172.20.6.26'),
	(413, 'ac88ceb386aa4231b09bf472cb937c24', '搞快点', 'xinzeng', '/zzj/yyy', '2018-09-27 17:01:44', '133907e6217941a4a7628e127982e4b0', '唯一带哥用户', '172.20.6.22'),
	(414, 'ac88ceb386aa4231b09bf472cb937c24', '搞快点', 'bianji', '/zzj/yyy/{*}', '2018-09-27 17:01:50', '133907e6217941a4a7628e127982e4b0', '唯一带哥用户', '172.20.6.22'),
	(415, 'ac88ceb386aa4231b09bf472cb937c24', '角色权限管理', '分配菜单', '/admin/group/{*}/authority/menu', '2018-09-27 17:03:04', '1', 'Mr.AG', '172.20.6.22'),
	(416, 'ac88ceb386aa4231b09bf472cb937c24', '角色权限管理', '菜单下发', '/admin/group/{*}/authorize/menu', '2018-09-27 17:03:13', '1', 'Mr.AG', '172.20.6.22'),
	(417, 'ac88ceb386aa4231b09bf472cb937c24', '服务权限管理', '新增', '/auth/service', '2018-09-27 17:10:03', '1', 'Mr.AG', '127.0.0.1'),
	(418, 'ac88ceb386aa4231b09bf472cb937c24', '部门管理', '新增岗位', '/admin/position', '2018-09-27 17:14:35', '1', 'Mr.AG', '172.20.6.22'),
	(419, 'ac88ceb386aa4231b09bf472cb937c24', '菜单管理', '新增', '/admin/menu', '2018-09-27 17:23:17', '1', 'Mr.AG', '127.0.0.1'),
	(420, 'ac88ceb386aa4231b09bf472cb937c24', '菜单管理', '编辑', '/admin/menu/{*}', '2018-09-27 17:23:34', '1', 'Mr.AG', '127.0.0.1'),
	(421, 'ac88ceb386aa4231b09bf472cb937c24', '菜单管理', '编辑', '/admin/menu/{*}', '2018-09-27 17:23:42', '1', 'Mr.AG', '127.0.0.1'),
	(422, 'ac88ceb386aa4231b09bf472cb937c24', '角色权限管理', '新增', '/admin/group', '2018-09-27 17:24:51', '133907e6217941a4a7628e127982e4b0', '唯一带哥用户', '172.20.6.22'),
	(423, 'ac88ceb386aa4231b09bf472cb937c24', '角色权限管理', '删除', '/admin/group/{*}', '2018-09-27 17:25:12', '133907e6217941a4a7628e127982e4b0', '唯一带哥用户', '172.20.6.22'),
	(424, 'ac88ceb386aa4231b09bf472cb937c24', '角色权限管理', '新增', '/admin/group', '2018-09-27 17:25:28', '133907e6217941a4a7628e127982e4b0', '唯一带哥用户', '172.20.6.22'),
	(425, 'ac88ceb386aa4231b09bf472cb937c24', '角色权限管理', '新增', '/admin/group', '2018-09-27 17:25:32', '133907e6217941a4a7628e127982e4b0', '唯一带哥用户', '172.20.6.22'),
	(426, 'ac88ceb386aa4231b09bf472cb937c24', '网关路由管理', '新建路由', '/auth/gatewayRoute', '2018-09-27 17:26:15', '1', 'Mr.AG', '127.0.0.1'),
	(427, 'ac88ceb386aa4231b09bf472cb937c24', '角色权限管理', '新增', '/admin/group', '2018-09-27 17:26:23', '133907e6217941a4a7628e127982e4b0', '唯一带哥用户', '172.20.6.22'),
	(428, 'ac88ceb386aa4231b09bf472cb937c24', '角色权限管理', '删除', '/admin/group/{*}', '2018-09-27 17:26:27', '133907e6217941a4a7628e127982e4b0', '唯一带哥用户', '172.20.6.22'),
	(429, 'ac88ceb386aa4231b09bf472cb937c24', '网关路由管理', '编辑路由', '/auth/gatewayRoute/{*}', '2018-09-27 17:26:32', '1', 'Mr.AG', '127.0.0.1'),
	(430, 'ac88ceb386aa4231b09bf472cb937c24', '服务权限管理', '删除', '/auth/service/{*}', '2018-09-27 17:29:02', '1', 'Mr.AG', '127.0.0.1'),
	(431, 'ac88ceb386aa4231b09bf472cb937c24', '服务权限管理', '新增', '/auth/service', '2018-09-27 17:29:21', '1', 'Mr.AG', '127.0.0.1'),
	(432, 'ac88ceb386aa4231b09bf472cb937c24', '服务权限管理', '编辑', '/auth/service/{*}', '2018-09-27 17:29:28', '1', 'Mr.AG', '127.0.0.1'),
	(433, 'ac88ceb386aa4231b09bf472cb937c24', '菜单管理', '新增元素', '/admin/element', '2018-09-27 17:31:23', '1', 'Mr.AG', '127.0.0.1'),
	(434, 'ac88ceb386aa4231b09bf472cb937c24', '菜单管理', '新增元素', '/admin/element', '2018-09-27 17:32:00', '1', 'Mr.AG', '127.0.0.1'),
	(435, 'ac88ceb386aa4231b09bf472cb937c24', '菜单管理', '新增元素', '/admin/element', '2018-09-27 17:32:34', '1', 'Mr.AG', '127.0.0.1'),
	(436, 'ac88ceb386aa4231b09bf472cb937c24', '菜单管理', '编辑元素', '/admin/element/{*}', '2018-09-27 17:34:00', '1', 'Mr.AG', '127.0.0.1'),
	(437, 'ac88ceb386aa4231b09bf472cb937c24', '角色权限管理', '新增', '/admin/group', '2018-09-27 17:36:14', '133907e6217941a4a7628e127982e4b0', '唯一带哥用户', '172.20.6.22'),
	(438, 'ac88ceb386aa4231b09bf472cb937c24', '人员管理', '添加', '/person/person', '2018-09-27 17:50:02', '1', 'Mr.AG', '127.0.0.1'),
	(439, 'ac88ceb386aa4231b09bf472cb937c24', '服务权限管理', '删除', '/auth/service/{*}', '2018-09-28 09:27:12', '1', 'Mr.AG', '127.0.0.1'),
	(440, 'ac88ceb386aa4231b09bf472cb937c24', '角色权限管理', '新增', '/admin/group', '2018-09-28 09:28:40', '133907e6217941a4a7628e127982e4b0', '唯一带哥用户', '172.20.6.22'),
	(441, 'ac88ceb386aa4231b09bf472cb937c24', '服务权限管理', '新增', '/auth/service', '2018-09-28 09:28:43', '1', 'Mr.AG', '127.0.0.1'),
	(442, 'ac88ceb386aa4231b09bf472cb937c24', '角色权限管理', '删除', '/admin/group/{*}', '2018-09-28 09:28:47', '133907e6217941a4a7628e127982e4b0', '唯一带哥用户', '172.20.6.22'),
	(443, 'ac88ceb386aa4231b09bf472cb937c24', '角色权限管理', '删除', '/admin/group/{*}', '2018-09-28 09:28:50', '133907e6217941a4a7628e127982e4b0', '唯一带哥用户', '172.20.6.22'),
	(444, 'ac88ceb386aa4231b09bf472cb937c24', '角色权限管理', '新增', '/admin/group', '2018-09-28 09:29:33', '133907e6217941a4a7628e127982e4b0', '唯一带哥用户', '172.20.6.22'),
	(445, 'ac88ceb386aa4231b09bf472cb937c24', '角色权限管理', '新增', '/admin/group', '2018-09-28 09:29:34', '133907e6217941a4a7628e127982e4b0', '唯一带哥用户', '172.20.6.22'),
	(446, 'ac88ceb386aa4231b09bf472cb937c24', '角色权限管理', '新增', '/admin/group', '2018-09-28 09:29:50', '133907e6217941a4a7628e127982e4b0', '唯一带哥用户', '172.20.6.22'),
	(447, 'ac88ceb386aa4231b09bf472cb937c24', '角色权限管理', '新增', '/admin/group', '2018-09-28 09:30:19', '133907e6217941a4a7628e127982e4b0', '唯一带哥用户', '172.20.6.22'),
	(448, 'ac88ceb386aa4231b09bf472cb937c24', '菜单管理', '新增', '/admin/menu', '2018-09-28 09:31:47', '133907e6217941a4a7628e127982e4b0', '唯一带哥用户', '172.20.6.22'),
	(449, 'ac88ceb386aa4231b09bf472cb937c24', '菜单管理', '新增', '/admin/menu', '2018-09-28 09:32:20', '133907e6217941a4a7628e127982e4b0', '唯一带哥用户', '172.20.6.22'),
	(450, 'ac88ceb386aa4231b09bf472cb937c24', '菜单管理', '新增', '/admin/menu', '2018-09-28 09:32:57', '133907e6217941a4a7628e127982e4b0', '唯一带哥用户', '172.20.6.22'),
	(451, 'ac88ceb386aa4231b09bf472cb937c24', '菜单管理', '编辑', '/admin/menu/{*}', '2018-09-28 09:35:19', '133907e6217941a4a7628e127982e4b0', '唯一带哥用户', '172.20.6.22'),
	(452, 'ac88ceb386aa4231b09bf472cb937c24', '菜单管理', '编辑', '/admin/menu/{*}', '2018-09-28 09:35:25', '133907e6217941a4a7628e127982e4b0', '唯一带哥用户', '172.20.6.22'),
	(453, 'ac88ceb386aa4231b09bf472cb937c24', '菜单管理', '编辑', '/admin/menu/{*}', '2018-09-28 09:35:27', '133907e6217941a4a7628e127982e4b0', '唯一带哥用户', '172.20.6.22'),
	(454, 'ac88ceb386aa4231b09bf472cb937c24', '网关路由管理', '新建路由', '/auth/gatewayRoute', '2018-09-28 09:42:51', '1', 'Mr.AG', '127.0.0.1'),
	(455, 'ac88ceb386aa4231b09bf472cb937c24', '角色权限管理', '分配菜单', '/admin/group/{*}/authority/menu', '2018-09-28 09:46:34', '1', 'Mr.AG', '127.0.0.1'),
	(456, 'ac88ceb386aa4231b09bf472cb937c24', '角色权限管理', '分配用户', '/admin/group/{*}/user', '2018-09-28 09:46:40', '1', 'Mr.AG', '127.0.0.1'),
	(457, 'ac88ceb386aa4231b09bf472cb937c24', '角色权限管理', '分配菜单', '/admin/group/{*}/authority/menu', '2018-09-28 09:47:50', '1', 'Mr.AG', '127.0.0.1'),
	(458, 'ac88ceb386aa4231b09bf472cb937c24', '角色权限管理', '菜单下发', '/admin/group/{*}/authorize/menu', '2018-09-28 09:49:37', '1', 'Mr.AG', '127.0.0.1'),
	(459, 'ac88ceb386aa4231b09bf472cb937c24', '部门管理', '分配岗位人员', '/admin/position/{*}/user', '2018-09-28 09:53:22', 'e4ee2dbb147e4b4ca02d3b32c0013205', 'zsc', '127.0.0.1'),
	(460, 'ac88ceb386aa4231b09bf472cb937c24', '人员管理', '添加', '/person/person', '2018-09-28 09:55:01', '1', 'Mr.AG', '127.0.0.1'),
	(461, 'ac88ceb386aa4231b09bf472cb937c24', '人员管理', '添加', '/person/person', '2018-09-28 09:55:34', '1', 'Mr.AG', '127.0.0.1'),
	(462, 'ac88ceb386aa4231b09bf472cb937c24', '部门管理', '分配岗位人员', '/admin/position/{*}/user', '2018-09-28 09:56:41', 'e4ee2dbb147e4b4ca02d3b32c0013205', 'zsc', '127.0.0.1'),
	(463, 'ac88ceb386aa4231b09bf472cb937c24', '部门管理', '分配岗位角色', '/admin/position/{*}/group', '2018-09-28 09:56:47', 'e4ee2dbb147e4b4ca02d3b32c0013205', 'zsc', '127.0.0.1'),
	(464, 'ac88ceb386aa4231b09bf472cb937c24', '部门管理', '授权部门权限', '/admin/position/{*}/depart', '2018-09-28 09:56:54', 'e4ee2dbb147e4b4ca02d3b32c0013205', 'zsc', '127.0.0.1'),
	(465, 'ac88ceb386aa4231b09bf472cb937c24', '部门管理', '新增部门人员', '/admin/depart/user', '2018-09-28 09:57:11', 'e4ee2dbb147e4b4ca02d3b32c0013205', 'zsc', '127.0.0.1'),
	(466, 'ac88ceb386aa4231b09bf472cb937c24', '用户管理', '新增', '/admin/user', '2018-09-28 09:58:08', 'e4ee2dbb147e4b4ca02d3b32c0013205', 'zsc', '127.0.0.1'),
	(467, 'ac88ceb386aa4231b09bf472cb937c24', '部门管理', '分配岗位人员', '/admin/position/{*}/user', '2018-09-28 09:58:27', 'e4ee2dbb147e4b4ca02d3b32c0013205', 'zsc', '127.0.0.1'),
	(468, 'ac88ceb386aa4231b09bf472cb937c24', '部门管理', '分配岗位角色', '/admin/position/{*}/group', '2018-09-28 09:58:36', 'e4ee2dbb147e4b4ca02d3b32c0013205', 'zsc', '127.0.0.1'),
	(469, 'ac88ceb386aa4231b09bf472cb937c24', '部门管理', '授权部门权限', '/admin/position/{*}/depart', '2018-09-28 09:58:40', 'e4ee2dbb147e4b4ca02d3b32c0013205', 'zsc', '127.0.0.1'),
	(470, 'ac88ceb386aa4231b09bf472cb937c24', '角色权限管理', '分配菜单', '/admin/group/{*}/authority/menu', '2018-09-28 09:58:57', 'e4ee2dbb147e4b4ca02d3b32c0013205', 'zsc', '127.0.0.1'),
	(471, 'ac88ceb386aa4231b09bf472cb937c24', '角色权限管理', '菜单下发', '/admin/group/{*}/authorize/menu', '2018-09-28 09:59:09', 'e4ee2dbb147e4b4ca02d3b32c0013205', 'zsc', '127.0.0.1'),
	(472, 'ac88ceb386aa4231b09bf472cb937c24', '角色权限管理', '分配菜单', '/admin/group/{*}/authority/menu', '2018-09-28 10:00:01', '1', 'Mr.AG', '127.0.0.1'),
	(473, 'ac88ceb386aa4231b09bf472cb937c24', '角色权限管理', '分配菜单', '/admin/group/{*}/authority/menu', '2018-09-28 10:01:12', '1', 'Mr.AG', '127.0.0.1'),
	(474, 'ac88ceb386aa4231b09bf472cb937c24', '部门管理', '授权部门权限', '/admin/position/{*}/depart', '2018-09-28 10:01:56', '1', 'Mr.AG', '127.0.0.1'),
	(475, 'ac88ceb386aa4231b09bf472cb937c24', '角色权限管理', '分配菜单', '/admin/group/{*}/authority/menu', '2018-09-28 10:03:09', '1', 'Mr.AG', '127.0.0.1'),
	(476, 'ac88ceb386aa4231b09bf472cb937c24', '菜单管理', '新增', '/admin/menu', '2018-09-28 11:44:13', '1', 'Mr.AG', '172.20.6.26'),
	(477, 'ac88ceb386aa4231b09bf472cb937c24', '服务权限管理', '新增', '/auth/service', '2018-09-28 13:12:51', '1', 'Mr.AG', '172.20.6.26'),
	(478, 'ac88ceb386aa4231b09bf472cb937c24', '用户管理', '新增', '/admin/user', '2018-09-28 13:14:45', '1', 'Mr.AG', '127.0.0.1'),
	(479, 'ac88ceb386aa4231b09bf472cb937c24', '菜单管理', '新增', '/admin/menu', '2018-09-28 13:16:26', '1', 'Mr.AG', '127.0.0.1'),
	(480, 'ac88ceb386aa4231b09bf472cb937c24', '网关路由管理', '新建路由', '/auth/gatewayRoute', '2018-09-28 13:20:41', '1', 'Mr.AG', '127.0.0.1'),
	(481, 'ac88ceb386aa4231b09bf472cb937c24', '网关路由管理', '新建路由', '/auth/gatewayRoute', '2018-09-28 13:43:56', '1', 'Mr.AG', '172.20.6.26'),
	(482, 'ac88ceb386aa4231b09bf472cb937c24', '菜单管理', '编辑', '/admin/menu/{*}', '2018-09-28 14:10:12', '1', 'Mr.AG', '127.0.0.1'),
	(483, 'ac88ceb386aa4231b09bf472cb937c24', '菜单管理', '编辑', '/admin/menu/{*}', '2018-09-28 14:15:03', '1', 'Mr.AG', '127.0.0.1'),
	(484, 'ac88ceb386aa4231b09bf472cb937c24', '菜单管理', '编辑', '/admin/menu/{*}', '2018-09-28 14:18:32', '1', 'Mr.AG', '127.0.0.1'),
	(485, 'ac88ceb386aa4231b09bf472cb937c24', '员工花名册', '添加', '/custom/empInfo', '2018-09-28 15:17:47', '1', 'Mr.AG', '172.20.6.26'),
	(486, 'ac88ceb386aa4231b09bf472cb937c24', '员工花名册', '添加', '/custom/empInfo', '2018-09-28 15:26:07', '1', 'Mr.AG', '172.20.6.26'),
	(487, 'ac88ceb386aa4231b09bf472cb937c24', '人员管理', '修改', '/person/person/{*}', '2018-09-28 16:09:20', '1', 'Mr.AG', '127.0.0.1'),
	(488, 'ac88ceb386aa4231b09bf472cb937c24', '菜单管理', '新增元素', '/admin/element', '2018-09-28 16:17:25', '1', 'Mr.AG', '172.20.6.26'),
	(489, 'ac88ceb386aa4231b09bf472cb937c24', '菜单管理', '删除', '/admin/menu/{*}', '2018-09-29 10:07:27', '1', 'Mr.AG', '127.0.0.1'),
	(490, 'ac88ceb386aa4231b09bf472cb937c24', '菜单管理', '删除', '/admin/menu/{*}', '2018-09-29 10:07:31', '1', 'Mr.AG', '127.0.0.1'),
	(491, 'ac88ceb386aa4231b09bf472cb937c24', '菜单管理', '删除', '/admin/menu/{*}', '2018-09-29 10:07:45', '1', 'Mr.AG', '127.0.0.1'),
	(492, 'ac88ceb386aa4231b09bf472cb937c24', '服务权限管理', '新增', '/auth/service', '2018-09-29 10:09:34', '1', 'Mr.AG', '127.0.0.1'),
	(493, 'ac88ceb386aa4231b09bf472cb937c24', '网关路由管理', '新建路由', '/auth/gatewayRoute', '2018-09-29 10:34:02', '1', 'Mr.AG', '127.0.0.1'),
	(494, 'ac88ceb386aa4231b09bf472cb937c24', '服务权限管理', '新增', '/auth/service', '2018-09-29 10:43:21', '1', 'Mr.AG', '127.0.0.1'),
	(495, 'ac88ceb386aa4231b09bf472cb937c24', '租户管理', '新增租户', '/admin/tenant', '2018-09-29 11:03:40', '1', 'Mr.AG', '172.20.6.26'),
	(496, 'ac88ceb386aa4231b09bf472cb937c24', '角色权限管理', '分配菜单', '/admin/group/{*}/authority/menu', '2018-09-29 14:32:50', '133907e6217941a4a7628e127982e4b0', '唯一带哥用户', '172.20.6.22'),
	(497, 'ac88ceb386aa4231b09bf472cb937c24', '角色权限管理', '分配菜单', '/admin/group/{*}/authority/menu', '2018-09-29 14:33:10', '133907e6217941a4a7628e127982e4b0', '唯一带哥用户', '172.20.6.22'),
	(498, 'ac88ceb386aa4231b09bf472cb937c24', '角色权限管理', '菜单下发', '/admin/group/{*}/authorize/menu', '2018-09-29 14:33:36', '133907e6217941a4a7628e127982e4b0', '唯一带哥用户', '172.20.6.22'),
	(499, 'ac88ceb386aa4231b09bf472cb937c24', '角色权限管理', '编辑', '/admin/group/{*}', '2018-09-29 14:33:48', '133907e6217941a4a7628e127982e4b0', '唯一带哥用户', '172.20.6.22'),
	(500, 'ac88ceb386aa4231b09bf472cb937c24', '菜单管理', '新增', '/admin/menu', '2018-09-29 14:47:07', '1', 'Mr.AG', '172.20.6.22'),
	(501, 'ac88ceb386aa4231b09bf472cb937c24', '菜单管理', '新增', '/admin/menu', '2018-09-29 14:47:20', '1', 'Mr.AG', '172.20.6.22'),
	(502, 'ac88ceb386aa4231b09bf472cb937c24', '菜单管理', '新增', '/admin/menu', '2018-09-29 14:47:35', '1', 'Mr.AG', '172.20.6.22'),
	(503, 'ac88ceb386aa4231b09bf472cb937c24', '菜单管理', '新增', '/admin/menu', '2018-09-29 14:49:13', '1', 'Mr.AG', '172.20.6.22'),
	(504, 'ac88ceb386aa4231b09bf472cb937c24', '菜单管理', '删除', '/admin/menu/{*}', '2018-09-29 14:49:29', '1', 'Mr.AG', '172.20.6.22'),
	(505, 'ac88ceb386aa4231b09bf472cb937c24', '角色权限管理', '分配菜单', '/admin/group/{*}/authority/menu', '2018-09-29 14:50:00', '1', 'Mr.AG', '172.20.6.22'),
	(506, 'ac88ceb386aa4231b09bf472cb937c24', '角色权限管理', '菜单下发', '/admin/group/{*}/authorize/menu', '2018-09-29 14:50:17', '1', 'Mr.AG', '172.20.6.22'),
	(507, 'ac88ceb386aa4231b09bf472cb937c24', '网关路由管理', '编辑路由', '/auth/gatewayRoute/{*}', '2018-09-29 15:20:40', '1', 'Mr.AG', '127.0.0.1'),
	(508, 'ac88ceb386aa4231b09bf472cb937c24', '服务权限管理', '编辑', '/auth/service/{*}', '2018-09-29 15:22:56', '1', 'Mr.AG', '127.0.0.1'),
	(509, 'ac88ceb386aa4231b09bf472cb937c24', '菜单管理', '编辑', '/admin/menu/{*}', '2018-09-29 15:25:08', '1', 'Mr.AG', '127.0.0.1'),
	(510, 'ac88ceb386aa4231b09bf472cb937c24', '菜单管理', '新增', '/admin/menu', '2018-09-29 15:34:53', '1', 'Mr.AG', '127.0.0.1'),
	(511, 'ac88ceb386aa4231b09bf472cb937c24', '用户管理', '编辑', '/admin/user/{*}', '2018-09-29 17:22:44', '1', 'Mr.AG', '127.0.0.1'),
	(512, 'ac88ceb386aa4231b09bf472cb937c24', '用户管理', '编辑', '/admin/user/{*}', '2018-09-29 17:23:42', '1', 'Mr.AG', '127.0.0.1'),
	(513, 'ac88ceb386aa4231b09bf472cb937c24', '用户管理', '新增', '/admin/user', '2018-09-30 09:15:42', '1', 'Mr.AG', '172.20.6.26'),
	(514, 'ac88ceb386aa4231b09bf472cb937c24', '部门管理', '分配岗位人员', '/admin/position/{*}/user', '2018-09-30 09:18:21', '1', 'Mr.AG', '172.20.6.26'),
	(515, 'ac88ceb386aa4231b09bf472cb937c24', '部门管理', '分配岗位角色', '/admin/position/{*}/group', '2018-09-30 09:18:36', '1', 'Mr.AG', '172.20.6.26'),
	(516, 'ac88ceb386aa4231b09bf472cb937c24', '部门管理', '新增部门值', '/admin/depart', '2018-09-30 09:31:00', '1', 'Mr.AG', '172.20.6.26'),
	(517, 'ac88ceb386aa4231b09bf472cb937c24', '部门管理', '编辑部门值', '/admin/depart/{*}', '2018-09-30 09:31:51', '1', 'Mr.AG', '172.20.6.26'),
	(518, 'ac88ceb386aa4231b09bf472cb937c24', '部门管理', '新增部门值', '/admin/depart', '2018-09-30 09:31:54', '1', 'Mr.AG', '172.20.6.26'),
	(519, 'ac88ceb386aa4231b09bf472cb937c24', '部门管理', '编辑部门值', '/admin/depart/{*}', '2018-09-30 09:32:30', '1', 'Mr.AG', '172.20.6.26'),
	(520, 'ac88ceb386aa4231b09bf472cb937c24', '部门管理', '新增部门人员', '/admin/depart/user', '2018-09-30 09:32:46', '1', 'Mr.AG', '172.20.6.26'),
	(521, 'ac88ceb386aa4231b09bf472cb937c24', '部门管理', '新增岗位', '/admin/position', '2018-09-30 09:33:30', '1', 'Mr.AG', '172.20.6.26'),
	(522, 'ac88ceb386aa4231b09bf472cb937c24', '部门管理', '授权部门权限', '/admin/position/{*}/depart', '2018-09-30 09:34:00', '1', 'Mr.AG', '172.20.6.26'),
	(523, 'ac88ceb386aa4231b09bf472cb937c24', '部门管理', '授权部门权限', '/admin/position/{*}/depart', '2018-09-30 09:34:11', '1', 'Mr.AG', '172.20.6.26'),
	(524, 'ac88ceb386aa4231b09bf472cb937c24', '角色权限管理', '新增', '/admin/group', '2018-09-30 09:35:35', '1', 'Mr.AG', '172.20.6.26'),
	(525, 'ac88ceb386aa4231b09bf472cb937c24', '角色权限管理', '新增', '/admin/group', '2018-09-30 09:37:51', '1', 'Mr.AG', '172.20.6.26'),
	(526, 'ac88ceb386aa4231b09bf472cb937c24', '角色权限管理', '编辑', '/admin/group/{*}', '2018-09-30 09:38:06', '1', 'Mr.AG', '172.20.6.26'),
	(527, 'ac88ceb386aa4231b09bf472cb937c24', '角色权限管理', '新增', '/admin/group', '2018-09-30 09:39:22', '1', 'Mr.AG', '172.20.6.26'),
	(528, 'ac88ceb386aa4231b09bf472cb937c24', '服务权限管理', '新增', '/auth/service', '2018-09-30 09:53:19', '1', 'Mr.AG', '127.0.0.1'),
	(529, 'ac88ceb386aa4231b09bf472cb937c24', '角色权限管理', '编辑', '/admin/group/{*}', '2018-09-30 09:54:09', '1', 'Mr.AG', '172.20.6.26'),
	(530, 'ac88ceb386aa4231b09bf472cb937c24', '角色权限管理', '删除', '/admin/group/{*}', '2018-09-30 09:55:22', '1', 'Mr.AG', '172.20.6.26'),
	(531, 'ac88ceb386aa4231b09bf472cb937c24', '服务权限管理', '编辑', '/auth/service/{*}', '2018-09-30 09:55:28', '1', 'Mr.AG', '127.0.0.1'),
	(532, 'ac88ceb386aa4231b09bf472cb937c24', '部门管理', '分配岗位角色', '/admin/position/{*}/group', '2018-09-30 09:58:52', '1', 'Mr.AG', '172.20.6.26'),
	(533, 'ac88ceb386aa4231b09bf472cb937c24', '角色权限管理', '分配用户', '/admin/group/{*}/user', '2018-09-30 09:59:56', '1', 'Mr.AG', '172.20.6.26'),
	(534, 'ac88ceb386aa4231b09bf472cb937c24', '角色权限管理', '分配菜单', '/admin/group/{*}/authority/menu', '2018-09-30 10:00:48', '1', 'Mr.AG', '172.20.6.26'),
	(535, 'ac88ceb386aa4231b09bf472cb937c24', '角色权限管理', '分配菜单', '/admin/group/{*}/authority/menu', '2018-09-30 10:01:06', '1', 'Mr.AG', '172.20.6.26'),
	(536, 'ac88ceb386aa4231b09bf472cb937c24', '角色权限管理', '菜单下发', '/admin/group/{*}/authorize/menu', '2018-09-30 10:01:54', '1', 'Mr.AG', '172.20.6.26'),
	(537, 'ac88ceb386aa4231b09bf472cb937c24', '角色权限管理', '菜单下发', '/admin/group/{*}/authorize/menu', '2018-09-30 10:02:51', '1', 'Mr.AG', '172.20.6.26'),
	(538, 'ac88ceb386aa4231b09bf472cb937c24', '用户管理', '编辑', '/admin/user/{*}', '2018-09-30 10:06:00', '1', 'Mr.AG', '172.20.6.26'),
	(539, 'ac88ceb386aa4231b09bf472cb937c24', '部门管理', '授权部门权限', '/admin/position/{*}/depart', '2018-09-30 10:10:48', '1', 'Mr.AG', '172.20.6.26'),
	(540, 'ac88ceb386aa4231b09bf472cb937c24', '部门管理', '删除部门值', '/admin/depart/{*}', '2018-09-30 10:11:15', '1', 'Mr.AG', '172.20.6.26'),
	(541, 'ac88ceb386aa4231b09bf472cb937c24', '菜单管理', '新增', '/admin/menu', '2018-09-30 10:38:11', '1', 'Mr.AG', '127.0.0.1'),
	(542, 'ac88ceb386aa4231b09bf472cb937c24', '菜单管理', '新增元素', '/admin/element', '2018-09-30 10:40:25', '1', 'Mr.AG', '127.0.0.1'),
	(543, 'ac88ceb386aa4231b09bf472cb937c24', '菜单管理', '编辑元素', '/admin/element/{*}', '2018-09-30 10:40:43', '1', 'Mr.AG', '127.0.0.1'),
	(544, 'ac88ceb386aa4231b09bf472cb937c24', '菜单管理', '编辑元素', '/admin/element/{*}', '2018-09-30 10:44:21', '1', 'Mr.AG', '127.0.0.1'),
	(545, 'ac88ceb386aa4231b09bf472cb937c24', '网关路由管理', '新建路由', '/auth/gatewayRoute', '2018-09-30 10:51:06', '1', 'Mr.AG', '127.0.0.1'),
	(546, 'ac88ceb386aa4231b09bf472cb937c24', '菜单管理', '编辑', '/admin/menu/{*}', '2018-09-30 11:10:37', '1', 'Mr.AG', '127.0.0.1'),
	(547, 'ac88ceb386aa4231b09bf472cb937c24', '菜单管理', '编辑', '/admin/menu/{*}', '2018-09-30 11:10:47', '1', 'Mr.AG', '127.0.0.1'),
	(548, 'ac88ceb386aa4231b09bf472cb937c24', '菜单管理', '删除', '/admin/menu/{*}', '2018-09-30 11:12:10', '1', 'Mr.AG', '127.0.0.1'),
	(549, 'ac88ceb386aa4231b09bf472cb937c24', '菜单管理', '编辑元素', '/admin/element/{*}', '2018-09-30 11:19:50', '1', 'Mr.AG', '127.0.0.1'),
	(550, 'ac88ceb386aa4231b09bf472cb937c24', '角色权限管理', '分配菜单', '/admin/group/{*}/authority/menu', '2018-09-30 11:21:07', '1', 'Mr.AG', '172.20.6.26'),
	(551, 'ac88ceb386aa4231b09bf472cb937c24', '角色权限管理', '菜单下发', '/admin/group/{*}/authorize/menu', '2018-09-30 11:21:18', '1', 'Mr.AG', '172.20.6.26'),
	(552, 'ac88ceb386aa4231b09bf472cb937c24', '角色权限管理', '分配菜单', '/admin/group/{*}/authority/menu', '2018-09-30 11:26:28', '1', 'Mr.AG', '172.20.6.26'),
	(553, 'ac88ceb386aa4231b09bf472cb937c24', '角色权限管理', '菜单下发', '/admin/group/{*}/authorize/menu', '2018-09-30 11:26:54', '1', 'Mr.AG', '172.20.6.26'),
	(554, 'ac88ceb386aa4231b09bf472cb937c24', '角色权限管理', '分配用户', '/admin/group/{*}/user', '2018-09-30 11:28:46', '1', 'Mr.AG', '172.20.6.26'),
	(555, 'ac88ceb386aa4231b09bf472cb937c24', '角色权限管理', '菜单下发', '/admin/group/{*}/authorize/menu', '2018-09-30 11:29:01', '1', 'Mr.AG', '172.20.6.26'),
	(556, 'ac88ceb386aa4231b09bf472cb937c24', '角色权限管理', '菜单下发', '/admin/group/{*}/authorize/menu', '2018-09-30 11:29:26', '1', 'Mr.AG', '172.20.6.26'),
	(557, 'ac88ceb386aa4231b09bf472cb937c24', '服务权限管理', '编辑', '/auth/service/{*}', '2018-09-30 11:30:58', '1', 'Mr.AG', '127.0.0.1'),
	(558, 'ac88ceb386aa4231b09bf472cb937c24', '角色权限管理', '分配菜单', '/admin/group/{*}/authority/menu', '2018-09-30 11:35:26', '1', 'Mr.AG', '172.20.6.26'),
	(559, 'ac88ceb386aa4231b09bf472cb937c24', '角色权限管理', '分配菜单', '/admin/group/{*}/authority/menu', '2018-09-30 11:35:43', '1', 'Mr.AG', '172.20.6.26'),
	(560, 'ac88ceb386aa4231b09bf472cb937c24', '角色权限管理', '菜单下发', '/admin/group/{*}/authorize/menu', '2018-09-30 11:36:48', '1', 'Mr.AG', '172.20.6.26'),
	(561, 'ac88ceb386aa4231b09bf472cb937c24', '角色权限管理', '分配菜单', '/admin/group/{*}/authority/menu', '2018-09-30 11:37:09', '1', 'Mr.AG', '172.20.6.26'),
	(562, 'ac88ceb386aa4231b09bf472cb937c24', '角色权限管理', '菜单下发', '/admin/group/{*}/authorize/menu', '2018-09-30 11:37:27', '1', 'Mr.AG', '172.20.6.26'),
	(563, 'ac88ceb386aa4231b09bf472cb937c24', '角色权限管理', '菜单下发', '/admin/group/{*}/authorize/menu', '2018-09-30 11:37:41', '1', 'Mr.AG', '172.20.6.26'),
	(564, 'ac88ceb386aa4231b09bf472cb937c24', '角色权限管理', '菜单下发', '/admin/group/{*}/authorize/menu', '2018-09-30 11:38:28', '1', 'Mr.AG', '172.20.6.26'),
	(565, 'ac88ceb386aa4231b09bf472cb937c24', '服务权限管理', '编辑', '/auth/service/{*}', '2018-09-30 11:45:45', '1', 'Mr.AG', '127.0.0.1'),
	(566, 'ac88ceb386aa4231b09bf472cb937c24', '网关路由管理', '编辑路由', '/auth/gatewayRoute/{*}', '2018-09-30 11:55:07', '1', 'Mr.AG', '127.0.0.1'),
	(567, 'ac88ceb386aa4231b09bf472cb937c24', '服务权限管理', '编辑', '/auth/service/{*}', '2018-09-30 12:03:29', '1', 'Mr.AG', '127.0.0.1'),
	(568, 'ac88ceb386aa4231b09bf472cb937c24', '服务权限管理', '新增', '/auth/service', '2018-09-30 12:39:47', '1', 'Mr.AG', '127.0.0.1'),
	(569, 'ac88ceb386aa4231b09bf472cb937c24', '菜单管理', '新增元素', '/admin/element', '2018-09-30 14:45:44', '1', 'Mr.AG', '127.0.0.1'),
	(570, 'ac88ceb386aa4231b09bf472cb937c24', '菜单管理', '编辑元素', '/admin/element/{*}', '2018-09-30 14:46:17', '1', 'Mr.AG', '127.0.0.1'),
	(571, 'ac88ceb386aa4231b09bf472cb937c24', '菜单管理', '编辑元素', '/admin/element/{*}', '2018-09-30 14:46:44', '1', 'Mr.AG', '127.0.0.1'),
	(572, 'ac88ceb386aa4231b09bf472cb937c24', '菜单管理', '新增元素', '/admin/element', '2018-09-30 15:10:10', '1', 'Mr.AG', '127.0.0.1'),
	(573, 'ac88ceb386aa4231b09bf472cb937c24', '菜单管理', '编辑元素', '/admin/element/{*}', '2018-09-30 15:10:48', '1', 'Mr.AG', '127.0.0.1'),
	(574, 'ac88ceb386aa4231b09bf472cb937c24', '菜单管理', '编辑元素', '/admin/element/{*}', '2018-09-30 15:11:29', '1', 'Mr.AG', '127.0.0.1'),
	(575, 'ac88ceb386aa4231b09bf472cb937c24', '菜单管理', '编辑', '/admin/menu/{*}', '2018-09-30 15:11:48', '1', 'Mr.AG', '127.0.0.1'),
	(576, 'ac88ceb386aa4231b09bf472cb937c24', '测试zjc', '编辑', '/zjctest/test/{*}', '2018-09-30 15:12:48', '1', 'Mr.AG', '127.0.0.1'),
	(577, 'ac88ceb386aa4231b09bf472cb937c24', '测试zjc', '编辑', '/zjctest/test/{*}', '2018-09-30 15:12:59', '1', 'Mr.AG', '127.0.0.1'),
	(578, 'ac88ceb386aa4231b09bf472cb937c24', '测试zjc', '编辑', '/zjctest/test/{*}', '2018-09-30 15:17:42', '1', 'Mr.AG', '127.0.0.1'),
	(579, 'ac88ceb386aa4231b09bf472cb937c24', '菜单管理', '删除', '/admin/menu/{*}', '2018-09-30 15:28:56', '1', 'Mr.AG', '127.0.0.1'),
	(580, 'ac88ceb386aa4231b09bf472cb937c24', '菜单管理', '新增', '/admin/menu', '2018-09-30 15:30:30', '1', 'Mr.AG', '127.0.0.1'),
	(581, 'ac88ceb386aa4231b09bf472cb937c24', '菜单管理', '新增元素', '/admin/element', '2018-09-30 15:33:11', '1', 'Mr.AG', '127.0.0.1'),
	(582, 'ac88ceb386aa4231b09bf472cb937c24', '菜单管理', '新增元素', '/admin/element', '2018-09-30 15:34:22', '1', 'Mr.AG', '127.0.0.1'),
	(583, 'ac88ceb386aa4231b09bf472cb937c24', '菜单管理', '新增', '/admin/menu', '2018-09-30 15:34:27', '1', 'Mr.AG', '127.0.0.1'),
	(584, 'ac88ceb386aa4231b09bf472cb937c24', '菜单管理', '删除元素', '/admin/element/{*}', '2018-09-30 15:37:30', '1', 'Mr.AG', '127.0.0.1'),
	(585, 'ac88ceb386aa4231b09bf472cb937c24', '菜单管理', '删除元素', '/admin/element/{*}', '2018-09-30 15:37:32', '1', 'Mr.AG', '127.0.0.1'),
	(586, 'ac88ceb386aa4231b09bf472cb937c24', '菜单管理', '新增元素', '/admin/element', '2018-09-30 15:44:44', '1', 'Mr.AG', '127.0.0.1'),
	(587, 'ac88ceb386aa4231b09bf472cb937c24', '菜单管理', '删除', '/admin/menu/{*}', '2018-09-30 15:47:55', '1', 'Mr.AG', '127.0.0.1'),
	(588, 'ac88ceb386aa4231b09bf472cb937c24', '菜单管理', '新增元素', '/admin/element', '2018-09-30 15:58:26', '1', 'Mr.AG', '127.0.0.1'),
	(589, 'ac88ceb386aa4231b09bf472cb937c24', '菜单管理', '新增元素', '/admin/element', '2018-09-30 15:59:18', '1', 'Mr.AG', '127.0.0.1'),
	(590, 'ac88ceb386aa4231b09bf472cb937c24', '菜单管理', '新增元素', '/admin/element', '2018-09-30 16:00:32', '1', 'Mr.AG', '127.0.0.1'),
	(591, 'ac88ceb386aa4231b09bf472cb937c24', 'zjctest测试CRUD', '添加', '/zjctest/test/{*}', '2018-09-30 16:02:57', '1', 'Mr.AG', '127.0.0.1'),
	(592, 'ac88ceb386aa4231b09bf472cb937c24', '人员管理', '添加', '/person/person', '2018-09-30 16:04:08', '1', 'Mr.AG', '127.0.0.1'),
	(593, 'ac88ceb386aa4231b09bf472cb937c24', 'zjctest测试CRUD', '添加', '/zjctest/test/{*}', '2018-09-30 16:04:34', '1', 'Mr.AG', '127.0.0.1'),
	(594, 'ac88ceb386aa4231b09bf472cb937c24', 'zjctest测试CRUD', '添加', '/zjctest/test/{*}', '2018-09-30 16:07:55', '1', 'Mr.AG', '127.0.0.1'),
	(595, 'ac88ceb386aa4231b09bf472cb937c24', 'zjctest测试CRUD', '添加', '/zjctest/test/{*}', '2018-09-30 16:09:12', '1', 'Mr.AG', '127.0.0.1'),
	(596, 'ac88ceb386aa4231b09bf472cb937c24', '搞快点', 'shanchu', '/zzj/yyy/{*}', '2018-10-08 09:07:52', '1', 'Mr.AG', '172.20.6.22'),
	(597, 'ac88ceb386aa4231b09bf472cb937c24', '搞快点', 'bianji', '/zzj/yyy/{*}', '2018-10-08 09:08:08', '1', 'Mr.AG', '172.20.6.22'),
	(598, 'ac88ceb386aa4231b09bf472cb937c24', '角色权限管理', '分配菜单', '/admin/group/{*}/authority/menu', '2018-10-08 09:14:39', '1', 'Mr.AG', '172.20.6.22'),
	(599, 'ac88ceb386aa4231b09bf472cb937c24', '部门管理', '分配岗位角色', '/admin/position/{*}/group', '2018-10-08 09:15:57', '1', 'Mr.AG', '172.20.6.22'),
	(600, 'ac88ceb386aa4231b09bf472cb937c24', '部门管理', '新增部门值', '/admin/depart', '2018-10-08 09:31:07', '1', 'Mr.AG', '172.20.6.22'),
	(601, 'ac88ceb386aa4231b09bf472cb937c24', '菜单管理', '编辑元素', '/admin/element/{*}', '2018-10-08 09:53:50', '1', 'Mr.AG', '127.0.0.1'),
	(602, 'ac88ceb386aa4231b09bf472cb937c24', '菜单管理', '编辑元素', '/admin/element/{*}', '2018-10-08 10:21:42', '1', 'Mr.AG', '127.0.0.1'),
	(603, 'ac88ceb386aa4231b09bf472cb937c24', '菜单管理', '新增元素', '/admin/element', '2018-10-08 10:23:39', '1', 'Mr.AG', '127.0.0.1'),
	(604, 'ac88ceb386aa4231b09bf472cb937c24', '菜单管理', '编辑元素', '/admin/element/{*}', '2018-10-08 10:23:55', '1', 'Mr.AG', '127.0.0.1'),
	(605, 'ac88ceb386aa4231b09bf472cb937c24', '用户管理', '新增', '/admin/user', '2018-10-08 10:27:24', '1', 'Mr.AG', '172.20.6.22'),
	(606, 'ac88ceb386aa4231b09bf472cb937c24', '角色权限管理', '分配用户', '/admin/group/{*}/user', '2018-10-08 10:27:42', '1', 'Mr.AG', '172.20.6.22'),
	(607, 'ac88ceb386aa4231b09bf472cb937c24', '菜单管理', '新增元素', '/admin/element', '2018-10-08 10:29:09', '1', 'Mr.AG', '127.0.0.1'),
	(608, 'ac88ceb386aa4231b09bf472cb937c24', '菜单管理', '编辑元素', '/admin/element/{*}', '2018-10-08 10:29:44', '1', 'Mr.AG', '127.0.0.1'),
	(609, 'ac88ceb386aa4231b09bf472cb937c24', '菜单管理', '新增元素', '/admin/element', '2018-10-08 10:30:15', '1', 'Mr.AG', '127.0.0.1'),
	(610, 'ac88ceb386aa4231b09bf472cb937c24', '用户管理', '新增', '/admin/user', '2018-10-08 10:30:34', '1', 'Mr.AG', '172.20.6.22'),
	(611, 'ac88ceb386aa4231b09bf472cb937c24', '菜单管理', '编辑元素', '/admin/element/{*}', '2018-10-08 10:30:49', '1', 'Mr.AG', '127.0.0.1'),
	(612, 'ac88ceb386aa4231b09bf472cb937c24', '角色权限管理', '新增', '/admin/group', '2018-10-08 10:30:57', '1', 'Mr.AG', '172.20.6.22'),
	(613, 'ac88ceb386aa4231b09bf472cb937c24', '菜单管理', '编辑元素', '/admin/element/{*}', '2018-10-08 10:30:59', '1', 'Mr.AG', '127.0.0.1'),
	(614, 'ac88ceb386aa4231b09bf472cb937c24', '角色权限管理', '分配菜单', '/admin/group/{*}/authority/menu', '2018-10-08 10:31:17', '1', 'Mr.AG', '172.20.6.22'),
	(615, 'ac88ceb386aa4231b09bf472cb937c24', '菜单管理', '编辑元素', '/admin/element/{*}', '2018-10-08 10:31:34', '1', 'Mr.AG', '127.0.0.1'),
	(616, 'ac88ceb386aa4231b09bf472cb937c24', '角色权限管理', '分配用户', '/admin/group/{*}/user', '2018-10-08 10:31:54', '1', 'Mr.AG', '172.20.6.22'),
	(617, 'ac88ceb386aa4231b09bf472cb937c24', '新测试学生', '删除', '/newstudent/{*}', '2018-10-08 10:32:08', '1', 'Mr.AG', '127.0.0.1'),
	(618, 'ac88ceb386aa4231b09bf472cb937c24', '角色类型管理', '新增', '/admin/groupType', '2018-10-08 10:33:06', '1', 'Mr.AG', '172.20.6.22'),
	(619, 'ac88ceb386aa4231b09bf472cb937c24', '新测试学生', '编辑', '/newstudent/{*}', '2018-10-08 10:35:23', '1', 'Mr.AG', '127.0.0.1'),
	(620, 'ac88ceb386aa4231b09bf472cb937c24', '新测试学生', '删除', '/newstudent/{*}', '2018-10-08 10:35:28', '1', 'Mr.AG', '127.0.0.1'),
	(621, 'ac88ceb386aa4231b09bf472cb937c24', '新测试学生', '添加', '/newstudent/{*}', '2018-10-08 10:35:40', '1', 'Mr.AG', '127.0.0.1'),
	(622, 'ac88ceb386aa4231b09bf472cb937c24', '新测试学生', '删除', '/newstudent/{*}', '2018-10-08 10:36:35', '1', 'Mr.AG', '127.0.0.1'),
	(623, 'ac88ceb386aa4231b09bf472cb937c24', '部门管理', '分配岗位人员', '/admin/position/{*}/user', '2018-10-08 10:37:57', '1', 'Mr.AG', '172.20.6.22'),
	(624, 'ac88ceb386aa4231b09bf472cb937c24', '服务权限管理', '新增', '/auth/service', '2018-10-08 10:36:40', '1', 'Mr.AG', '127.0.0.1'),
	(625, 'ac88ceb386aa4231b09bf472cb937c24', '部门管理', '分配岗位人员', '/admin/position/{*}/user', '2018-10-08 10:38:21', '1', 'Mr.AG', '172.20.6.22'),
	(626, 'ac88ceb386aa4231b09bf472cb937c24', '部门管理', '分配岗位角色', '/admin/position/{*}/group', '2018-10-08 10:38:31', '1', 'Mr.AG', '172.20.6.22'),
	(627, 'ac88ceb386aa4231b09bf472cb937c24', '部门管理', '新增岗位', '/admin/position', '2018-10-08 10:40:02', '1', 'Mr.AG', '172.20.6.22'),
	(628, 'ac88ceb386aa4231b09bf472cb937c24', '部门管理', '分配岗位角色', '/admin/position/{*}/group', '2018-10-08 10:40:15', '1', 'Mr.AG', '172.20.6.22'),
	(629, 'ac88ceb386aa4231b09bf472cb937c24', '菜单管理', '新增', '/admin/menu', '2018-10-08 10:57:07', '1', 'Mr.AG', '127.0.0.1'),
	(630, 'ac88ceb386aa4231b09bf472cb937c24', '菜单管理', '编辑', '/admin/menu/{*}', '2018-10-08 10:58:01', '1', 'Mr.AG', '127.0.0.1'),
	(631, 'ac88ceb386aa4231b09bf472cb937c24', '菜单管理', '编辑', '/admin/menu/{*}', '2018-10-08 10:58:41', '1', 'Mr.AG', '127.0.0.1'),
	(632, 'ac88ceb386aa4231b09bf472cb937c24', '网关路由管理', '新建路由', '/auth/gatewayRoute', '2018-10-08 11:22:15', '1', 'Mr.AG', '127.0.0.1'),
	(633, 'ac88ceb386aa4231b09bf472cb937c24', '角色权限管理', '分配用户', '/admin/group/{*}/user', '2018-10-09 09:30:17', '1', 'Mr.AG', '172.20.6.10'),
	(634, 'ac88ceb386aa4231b09bf472cb937c24', '角色权限管理', '菜单下发', '/admin/group/{*}/authorize/menu', '2018-10-09 09:34:20', '1', 'Mr.AG', '172.20.6.10'),
	(635, 'ac88ceb386aa4231b09bf472cb937c24', '角色权限管理', '分配菜单', '/admin/group/{*}/authority/menu', '2018-10-09 09:35:39', '1', 'Mr.AG', '172.20.6.10'),
	(636, 'ac88ceb386aa4231b09bf472cb937c24', '角色权限管理', '菜单下发', '/admin/group/{*}/authorize/menu', '2018-10-09 09:35:51', '1', 'Mr.AG', '172.20.6.10'),
	(637, 'ac88ceb386aa4231b09bf472cb937c24', '部门管理', '授权部门权限', '/admin/position/{*}/depart', '2018-10-09 09:46:03', '1', 'Mr.AG', '172.20.6.10'),
	(638, 'ac88ceb386aa4231b09bf472cb937c24', '角色权限管理', '分配用户', '/admin/group/{*}/user', '2018-10-09 09:50:19', '1', 'Mr.AG', '172.20.6.10'),
	(639, 'ac88ceb386aa4231b09bf472cb937c24', '角色权限管理', '分配用户', '/admin/group/{*}/user', '2018-10-09 09:50:27', '1', 'Mr.AG', '172.20.6.10'),
	(640, 'ac88ceb386aa4231b09bf472cb937c24', '部门管理', '分配岗位人员', '/admin/position/{*}/user', '2018-10-09 09:51:05', 'e4ee2dbb147e4b4ca02d3b32c0013205', 'zsc', '172.20.6.10'),
	(641, 'ac88ceb386aa4231b09bf472cb937c24', '部门管理', '分配岗位人员', '/admin/position/{*}/user', '2018-10-09 09:52:47', '1', 'Mr.AG', '172.20.6.10'),
	(642, 'ac88ceb386aa4231b09bf472cb937c24', '角色权限管理', '分配菜单', '/admin/group/{*}/authority/menu', '2018-10-09 10:06:04', '1', 'Mr.AG', '172.20.6.10'),
	(643, 'ac88ceb386aa4231b09bf472cb937c24', '角色权限管理', '菜单下发', '/admin/group/{*}/authorize/menu', '2018-10-09 10:06:55', '1', 'Mr.AG', '172.20.6.10'),
	(644, 'ac88ceb386aa4231b09bf472cb937c24', '角色权限管理', '分配菜单', '/admin/group/{*}/authority/menu', '2018-10-09 10:07:09', '1', 'Mr.AG', '172.20.6.10'),
	(645, 'ac88ceb386aa4231b09bf472cb937c24', '角色权限管理', '分配用户', '/admin/group/{*}/user', '2018-10-09 10:07:16', '1', 'Mr.AG', '172.20.6.10'),
	(646, 'ac88ceb386aa4231b09bf472cb937c24', '角色权限管理', '分配菜单', '/admin/group/{*}/authority/menu', '2018-10-09 10:08:00', '1', 'Mr.AG', '172.20.6.10'),
	(647, 'ac88ceb386aa4231b09bf472cb937c24', '角色权限管理', '菜单下发', '/admin/group/{*}/authorize/menu', '2018-10-09 10:10:38', '1', 'Mr.AG', '172.20.6.10'),
	(648, 'ac88ceb386aa4231b09bf472cb937c24', '角色权限管理', '分配菜单', '/admin/group/{*}/authority/menu', '2018-10-09 10:33:47', '1', 'Mr.AG', '172.20.6.10'),
	(649, 'ac88ceb386aa4231b09bf472cb937c24', '角色权限管理', '菜单下发', '/admin/group/{*}/authorize/menu', '2018-10-09 10:37:10', '1', 'Mr.AG', '172.20.6.10'),
	(650, 'ac88ceb386aa4231b09bf472cb937c24', '部门管理', '分配岗位角色', '/admin/position/{*}/group', '2018-10-09 10:38:47', '1', 'Mr.AG', '172.20.6.10'),
	(651, 'ac88ceb386aa4231b09bf472cb937c24', '部门管理', '分配岗位人员', '/admin/position/{*}/user', '2018-10-09 10:39:32', '1', 'Mr.AG', '172.20.6.10'),
	(652, 'ac88ceb386aa4231b09bf472cb937c24', '角色权限管理', '分配菜单', '/admin/group/{*}/authority/menu', '2018-10-09 10:45:42', '1', 'Mr.AG', '172.20.6.10'),
	(653, 'ac88ceb386aa4231b09bf472cb937c24', '部门管理', '分配岗位角色', '/admin/position/{*}/group', '2018-10-09 10:46:59', '1', 'Mr.AG', '172.20.6.10'),
	(654, 'ac88ceb386aa4231b09bf472cb937c24', '部门管理', '分配岗位角色', '/admin/position/{*}/group', '2018-10-09 10:47:55', '1', 'Mr.AG', '172.20.6.10'),
	(655, 'ac88ceb386aa4231b09bf472cb937c24', '用户管理', '新增', '/admin/user', '2018-10-09 10:52:44', '1', 'Mr.AG', '172.20.6.10'),
	(656, 'ac88ceb386aa4231b09bf472cb937c24', '租户管理', '新增租户', '/admin/tenant', '2018-10-09 10:55:21', '1', 'Mr.AG', '172.20.6.10'),
	(657, 'ac88ceb386aa4231b09bf472cb937c24', '角色权限管理', '分配用户', '/admin/group/{*}/user', '2018-10-09 10:56:33', '1', 'Mr.AG', '172.20.6.10'),
	(658, 'ac88ceb386aa4231b09bf472cb937c24', '数据字典', '新增字典目录', '/dict/dictType', '2018-10-09 11:16:03', '0b9d28cbbc7e4fb19fae02aa64e155f1', 'Reoverflow', '172.20.6.26'),
	(659, 'ac88ceb386aa4231b09bf472cb937c24', '数据字典', '编辑字典目录', '/dict/dictType/{*}', '2018-10-09 11:16:52', '0b9d28cbbc7e4fb19fae02aa64e155f1', 'Reoverflow', '172.20.6.26'),
	(660, 'ac88ceb386aa4231b09bf472cb937c24', '数据字典', '新增字典目录', '/dict/dictType', '2018-10-09 11:16:58', '0b9d28cbbc7e4fb19fae02aa64e155f1', 'Reoverflow', '172.20.6.26'),
	(661, 'ac88ceb386aa4231b09bf472cb937c24', '数据字典', '编辑字典目录', '/dict/dictType/{*}', '2018-10-09 11:19:36', '0b9d28cbbc7e4fb19fae02aa64e155f1', 'Reoverflow', '172.20.6.26'),
	(662, 'ac88ceb386aa4231b09bf472cb937c24', '数据字典', '新增字典目录', '/dict/dictType', '2018-10-09 11:19:38', '0b9d28cbbc7e4fb19fae02aa64e155f1', 'Reoverflow', '172.20.6.26'),
	(663, 'ac88ceb386aa4231b09bf472cb937c24', '数据字典', '编辑字典目录', '/dict/dictType/{*}', '2018-10-09 11:19:53', '0b9d28cbbc7e4fb19fae02aa64e155f1', 'Reoverflow', '172.20.6.26'),
	(664, '398ecc75eab24b048ed5448dd47f3df0', '角色权限管理', '新增', '/admin/group', '2018-10-09 11:22:47', 'feedbcf7c98c4fafa7ea353480457d60', 'zsc2', '172.20.6.10'),
	(665, '398ecc75eab24b048ed5448dd47f3df0', '角色权限管理', '分配菜单', '/admin/group/{*}/authority/menu', '2018-10-10 09:40:29', 'feedbcf7c98c4fafa7ea353480457d60', 'zsc2', '127.0.0.1'),
	(666, 'ac88ceb386aa4231b09bf472cb937c24', '角色权限管理', '分配菜单', '/admin/group/{*}/authority/menu', '2018-10-10 09:42:04', '1', 'Mr.AG', '127.0.0.1'),
	(667, 'ac88ceb386aa4231b09bf472cb937c24', '角色权限管理', '分配菜单', '/admin/group/{*}/authority/menu', '2018-10-10 09:43:24', '1', 'Mr.AG', '127.0.0.1'),
	(668, '398ecc75eab24b048ed5448dd47f3df0', '部门管理', '新增部门值', '/admin/depart', '2018-10-10 09:43:43', 'feedbcf7c98c4fafa7ea353480457d60', 'zsc2', '127.0.0.1'),
	(669, '398ecc75eab24b048ed5448dd47f3df0', '部门管理', '编辑部门值', '/admin/depart/{*}', '2018-10-10 09:44:11', 'feedbcf7c98c4fafa7ea353480457d60', 'zsc2', '127.0.0.1'),
	(670, '398ecc75eab24b048ed5448dd47f3df0', '用户管理', '新增', '/admin/user', '2018-10-10 09:44:27', 'feedbcf7c98c4fafa7ea353480457d60', 'zsc2', '127.0.0.1'),
	(671, '398ecc75eab24b048ed5448dd47f3df0', '用户管理', '编辑', '/admin/user/{*}', '2018-10-10 09:44:43', 'feedbcf7c98c4fafa7ea353480457d60', 'zsc2', '127.0.0.1'),
	(672, '398ecc75eab24b048ed5448dd47f3df0', '角色权限管理', '分配菜单', '/admin/group/{*}/authority/menu', '2018-10-10 09:45:03', 'feedbcf7c98c4fafa7ea353480457d60', 'zsc2', '127.0.0.1'),
	(673, '398ecc75eab24b048ed5448dd47f3df0', '角色权限管理', '分配用户', '/admin/group/{*}/user', '2018-10-10 09:45:43', 'feedbcf7c98c4fafa7ea353480457d60', 'zsc2', '127.0.0.1'),
	(674, 'ac88ceb386aa4231b09bf472cb937c24', '角色权限管理', '菜单下发', '/admin/group/{*}/authorize/menu', '2018-10-10 10:40:50', '1', 'Mr.AG', '127.0.0.1'),
	(675, '398ecc75eab24b048ed5448dd47f3df0', '角色权限管理', '分配菜单', '/admin/group/{*}/authority/menu', '2018-10-10 10:41:44', 'feedbcf7c98c4fafa7ea353480457d60', 'zsc2', '127.0.0.1'),
	(676, '398ecc75eab24b048ed5448dd47f3df0', '角色权限管理', '菜单下发', '/admin/group/{*}/authorize/menu', '2018-10-10 10:41:55', 'feedbcf7c98c4fafa7ea353480457d60', 'zsc2', '127.0.0.1'),
	(677, '398ecc75eab24b048ed5448dd47f3df0', '角色权限管理', '分配菜单', '/admin/group/{*}/authority/menu', '2018-10-10 10:43:04', 'feedbcf7c98c4fafa7ea353480457d60', 'zsc2', '127.0.0.1'),
	(678, '398ecc75eab24b048ed5448dd47f3df0', '角色权限管理', '菜单下发', '/admin/group/{*}/authorize/menu', '2018-10-10 10:43:18', 'feedbcf7c98c4fafa7ea353480457d60', 'zsc2', '127.0.0.1'),
	(679, '398ecc75eab24b048ed5448dd47f3df0', '角色权限管理', '分配菜单', '/admin/group/{*}/authority/menu', '2018-10-10 10:43:24', 'feedbcf7c98c4fafa7ea353480457d60', 'zsc2', '127.0.0.1'),
	(680, 'ac88ceb386aa4231b09bf472cb937c24', '租户管理', '编辑租户', '/admin/tenant/{*}', '2018-10-10 14:07:27', '1', 'Mr.AG', '127.0.0.1'),
	(681, 'ac88ceb386aa4231b09bf472cb937c24', '用户管理', '新增', '/admin/user', '2018-10-10 14:08:29', '1', 'Mr.AG', '127.0.0.1'),
	(682, 'ac88ceb386aa4231b09bf472cb937c24', '角色权限管理', '分配用户', '/admin/group/{*}/user', '2018-10-10 14:10:26', '1', 'Mr.AG', '127.0.0.1'),
	(683, 'ac88ceb386aa4231b09bf472cb937c24', '角色权限管理', '分配菜单', '/admin/group/{*}/authority/menu', '2018-10-10 14:47:45', '1', 'Mr.AG', '127.0.0.1'),
	(684, 'ac88ceb386aa4231b09bf472cb937c24', '角色权限管理', '分配菜单', '/admin/group/{*}/authority/menu', '2018-10-10 14:47:53', '1', 'Mr.AG', '127.0.0.1'),
	(685, '398ecc75eab24b048ed5448dd47f3df0', 'student管理', '新增', '/student/test/{*}', '2018-10-10 15:10:26', 'feedbcf7c98c4fafa7ea353480457d60', 'zsc2', '127.0.0.1'),
	(686, 'ac88ceb386aa4231b09bf472cb937c24', '部门管理', '新增部门人员', '/admin/depart/user', '2018-10-10 15:29:28', '1', 'Mr.AG', '127.0.0.1'),
	(687, 'ac88ceb386aa4231b09bf472cb937c24', '部门管理', '新增部门人员', '/admin/depart/user', '2018-10-10 15:29:49', '1', 'Mr.AG', '127.0.0.1'),
	(688, 'ac88ceb386aa4231b09bf472cb937c24', '部门管理', '分配岗位人员', '/admin/position/{*}/user', '2018-10-10 15:30:00', '1', 'Mr.AG', '127.0.0.1'),
	(689, '398ecc75eab24b048ed5448dd47f3df0', '部门管理', '新增部门值', '/admin/depart', '2018-10-11 09:07:24', 'feedbcf7c98c4fafa7ea353480457d60', 'zsc2', '127.0.0.1'),
	(690, '398ecc75eab24b048ed5448dd47f3df0', '部门管理', '编辑部门值', '/admin/depart/{*}', '2018-10-11 09:07:51', 'feedbcf7c98c4fafa7ea353480457d60', 'zsc2', '127.0.0.1'),
	(691, '398ecc75eab24b048ed5448dd47f3df0', '用户管理', '编辑', '/admin/user/{*}', '2018-10-11 09:10:07', 'feedbcf7c98c4fafa7ea353480457d60', 'zsc2', '127.0.0.1'),
	(692, '398ecc75eab24b048ed5448dd47f3df0', 'student管理', '新增', '/student/test/{*}', '2018-10-11 09:13:44', '5317369d69a34569ab106dcac5feeee3', 'zsc4', '127.0.0.1'),
	(693, 'ac88ceb386aa4231b09bf472cb937c24', '人员管理', '添加', '/person/person', '2018-10-11 15:43:33', '1', 'Mr.AG', '127.0.0.1'),
	(694, '398ecc75eab24b048ed5448dd47f3df0', 'student管理', '新增', '/student/test/{*}', '2018-10-12 11:27:53', '5317369d69a34569ab106dcac5feeee3', 'zsc4', '127.0.0.1'),
	(695, 'ac88ceb386aa4231b09bf472cb937c24', '服务权限管理', '新增', '/auth/service', '2018-10-12 12:52:07', '1', 'Mr.AG', '127.0.0.1'),
	(696, 'ac88ceb386aa4231b09bf472cb937c24', '服务权限管理', '删除', '/auth/service/{*}', '2018-10-12 14:35:26', '1', 'Mr.AG', '127.0.0.1');
/*!40000 ALTER TABLE `gate_log` ENABLE KEYS */;

-- 正在导出表  ag_app.shop 的数据：~15 rows (大约)
/*!40000 ALTER TABLE `shop` DISABLE KEYS */;
INSERT INTO `shop` (`id`, `name`) VALUES
	(1, '小米'),
	(3, '华为'),
	(5, 'vivo'),
	(6, 'oppo'),
	(7, '魅族'),
	(8, '锤子'),
	(9, '360'),
	(10, '诺基亚'),
	(11, '荣耀'),
	(12, '荣耀'),
	(35, 'iphone'),
	(36, 'iphone'),
	(37, '1'),
	(38, '1');
/*!40000 ALTER TABLE `shop` ENABLE KEYS */;

-- 正在导出表  ag_app.student 的数据：~13 rows (大约)
/*!40000 ALTER TABLE `student` DISABLE KEYS */;
INSERT INTO `student` (`id`, `name`, `tenant_id`, `crt_user_id`, `depart_id`, `is_deleted`) VALUES
	(1, '小茗同学', NULL, NULL, NULL, '0'),
	(2, '2', NULL, NULL, NULL, '0'),
	(3, '3', NULL, NULL, NULL, '0'),
	(5, '5', NULL, NULL, NULL, '0'),
	(6, '6', NULL, NULL, NULL, '0'),
	(7, '7', NULL, NULL, NULL, '0'),
	(8, '8', NULL, NULL, NULL, '0'),
	(9, '9', NULL, NULL, NULL, '0'),
	(10, '10', NULL, NULL, NULL, '0'),
	(11, '11', NULL, NULL, NULL, '0'),
	(12, '1222', NULL, NULL, NULL, '0'),
	(14, '红茶同学', '398ecc75eab24b048ed5448dd47f3df0', 'feedbcf7c98c4fafa7ea353480457d60', NULL, '0'),
	(15, '可口可乐同学', '398ecc75eab24b048ed5448dd47f3df0', '5317369d69a34569ab106dcac5feeee3', '638adfc673dd4af1a123895918cdb230', '0'),
	(16, '柠檬水同学', '398ecc75eab24b048ed5448dd47f3df0', '5317369d69a34569ab106dcac5feeee3', '638adfc673dd4af1a123895918cdb230', '0');
/*!40000 ALTER TABLE `student` ENABLE KEYS */;
/*!40101 SET SQL_MODE=IFNULL(@OLD_SQL_MODE, '') */;
/*!40014 SET FOREIGN_KEY_CHECKS=IF(@OLD_FOREIGN_KEY_CHECKS IS NULL, 1, @OLD_FOREIGN_KEY_CHECKS) */;
/*!40101 SET CHARACTER_SET_CLIENT=@OLD_CHARACTER_SET_CLIENT */;
